2026-09-27 00:00:01.679 [JavaFX Application Thread] DEBUG o.e.t.c.p.ProjectCardController - Click on the card, context = org.example.taskschedulerdesktop.models.Project@43e48d90
2026-09-27 00:00:01.684 [JavaFX Application Thread] DEBUG o.e.t.navigation.NavigationManager - Start async loading page: /org/example/taskschedulerdesktop/view/project_details.fxml
2026-09-27 00:00:01.697 [Thread-6] DEBUG o.e.t.listeners.EventBus - SUBSCRIBE: TaskChangedEvent -> 1857748459
2026-09-27 00:00:01.697 [Thread-6] DEBUG o.e.t.listeners.EventBus - SUBSCRIBE: ProjectChangedEvent -> 1093291697
2026-09-27 00:00:01.698 [JavaFX Application Thread] DEBUG o.e.t.c.p.ProjectDetailsController - setContext: org.example.taskschedulerdesktop.models.Project@43e48d90
2026-09-27 00:00:01.698 [JavaFX Application Thread] DEBUG o.e.t.c.p.ProjectDetailsController - class = org.example.taskschedulerdesktop.models.Project
2026-09-27 00:00:01.699 [JavaFX Application Thread] DEBUG o.e.t.c.p.ProjectDetailsController - updateUI: name=Миграция CRM, tasks=5, completed=1, percent=20
2026-09-27 00:00:01.699 [Thread-9] DEBUG o.e.t.r.task.H2TaskRepository - findViewsByProjectIdAndStatus(2, NEW)
2026-09-27 00:00:01.699 [Thread-10] DEBUG o.e.t.r.task.H2TaskRepository - findViewsByProjectIdAndStatus(2, IN_PROGRESS)
2026-09-27 00:00:01.699 [Thread-8] DEBUG o.e.t.r.task.H2TaskRepository - findViewsByProjectIdAndStatus(2, UNDER_REVIEW)
2026-09-27 00:00:01.699 [Thread-7] DEBUG o.e.t.r.task.H2TaskRepository - findViewsByProjectIdAndStatus(2, COMPLETED)
2026-09-27 00:00:01.700 [Thread-10] DEBUG o.e.t.r.task.H2TaskRepository - countByProjectNameAndStatus(2, IN_PROGRESS)
2026-09-27 00:00:01.700 [JavaFX Application Thread] DEBUG o.e.t.listeners.EventBus - FIRE: PageTitleChangedEvent (subscribers: 1)
2026-09-27 00:00:01.700 [JavaFX Application Thread] DEBUG o.e.t.navigation.NavigationManager - Page displayed successfully: /org/example/taskschedulerdesktop/view/project_details.fxml
2026-09-27 00:00:01.700 [Thread-10] DEBUG o.e.t.r.task.H2TaskRepository - countByProjectNameAndStatus(2, UNDER_REVIEW)
2026-09-27 00:00:01.701 [Thread-10] DEBUG o.e.t.r.task.H2TaskRepository - countByProjectNameAndStatus(2, NEW)
2026-09-27 00:00:01.701 [JavaFX Application Thread] DEBUG o.e.t.c.p.ProjectDetailsController - updateUI: name=Миграция CRM, tasks=5, completed=1, percent=20
2026-09-27 00:00:01.702 [Thread-10] DEBUG o.e.t.r.task.H2TaskRepository - countByProjectNameAndStatus(2, COMPLETED)
2026-09-27 00:00:04.093 [JavaFX Application Thread] DEBUG o.e.t.navigation.NavigationManager - Start async loading page: /org/example/taskschedulerdesktop/view/projects.fxml
2026-09-27 00:00:04.096 [Thread-12] DEBUG o.e.t.listeners.EventBus - SUBSCRIBE: ProjectChangedEvent -> 2042645389
2026-09-27 00:00:04.097 [Thread-14] DEBUG o.e.t.s.project.AsyncProjectService - createProjectLoader()
2026-09-27 00:00:04.097 [JavaFX Application Thread] DEBUG o.e.t.c.p.ProjectDetailsController - ProjectDetailsController: shutdown()
2026-09-27 00:00:04.097 [Thread-14] DEBUG o.e.t.s.project.AsyncProjectService - Project: org.example.taskschedulerdesktop.models.Project@17d6cddd, number of tasks = 3
2026-09-27 00:00:04.097 [Thread-14] DEBUG o.e.t.s.project.ProjectCardService - createCard(org.example.taskschedulerdesktop.models.Project@17d6cddd)
2026-09-27 00:00:04.099 [JavaFX Application Thread] DEBUG o.e.t.listeners.EventBus - FIRE: PageTitleChangedEvent (subscribers: 1)
2026-09-27 00:00:04.099 [JavaFX Application Thread] DEBUG o.e.t.navigation.NavigationManager - Page displayed successfully: /org/example/taskschedulerdesktop/view/projects.fxml
2026-09-27 00:00:04.103 [Thread-14] DEBUG o.e.t.c.p.ProjectCardController - ProjectCardController.initialize(), hashCode = 1694020257
2026-09-27 00:00:04.104 [Thread-14] DEBUG o.e.t.c.p.ProjectCardController - context = null
2026-09-27 00:00:04.104 [Thread-14] DEBUG o.e.t.c.p.ProjectCardController - ProjectCardController.setContext: org.example.taskschedulerdesktop.models.Project@17d6cddd, hashCode = 1694020257
2026-09-27 00:00:04.104 [Thread-14] DEBUG o.e.t.c.p.ProjectCardController - class = org.example.taskschedulerdesktop.models.Project
2026-09-27 00:00:04.104 [Thread-14] DEBUG o.e.t.listeners.EventBus - SUBSCRIBE: TaskChangedEvent -> 1951880181
2026-09-27 00:00:04.104 [Thread-14] DEBUG o.e.t.s.project.ProjectCardService - createCard(org.example.taskschedulerdesktop.models.Project@6600e599)
2026-09-27 00:00:04.108 [Thread-14] DEBUG o.e.t.c.p.ProjectCardController - ProjectCardController.initialize(), hashCode = 1075995616
2026-09-27 00:00:04.108 [Thread-14] DEBUG o.e.t.c.p.ProjectCardController - context = null
2026-09-27 00:00:04.108 [Thread-14] DEBUG o.e.t.c.p.ProjectCardController - ProjectCardController.setContext: org.example.taskschedulerdesktop.models.Project@6600e599, hashCode = 1075995616
2026-09-27 00:00:04.108 [Thread-14] DEBUG o.e.t.c.p.ProjectCardController - class = org.example.taskschedulerdesktop.models.Project
2026-09-27 00:00:04.108 [Thread-14] DEBUG o.e.t.listeners.EventBus - SUBSCRIBE: TaskChangedEvent -> 149675930
2026-09-27 00:00:04.108 [Thread-14] DEBUG o.e.t.s.project.ProjectCardService - createCard(org.example.taskschedulerdesktop.models.Project@7f6f16d3)
2026-09-27 00:00:04.117 [Thread-14] DEBUG o.e.t.c.p.ProjectCardController - ProjectCardController.initialize(), hashCode = 2143469805
2026-09-27 00:00:04.117 [Thread-14] DEBUG o.e.t.c.p.ProjectCardController - context = null
2026-09-27 00:00:04.117 [Thread-14] DEBUG o.e.t.c.p.ProjectCardController - ProjectCardController.setContext: org.example.taskschedulerdesktop.models.Project@7f6f16d3, hashCode = 2143469805
2026-09-27 00:00:04.117 [Thread-14] DEBUG o.e.t.c.p.ProjectCardController - class = org.example.taskschedulerdesktop.models.Project
2026-09-27 00:00:04.117 [Thread-14] DEBUG o.e.t.listeners.EventBus - SUBSCRIBE: TaskChangedEvent -> 1245870641
2026-09-27 00:00:04.117 [Thread-14] DEBUG o.e.t.s.project.ProjectCardService - createCard(org.example.taskschedulerdesktop.models.Project@6a3950d1)
2026-09-27 00:00:04.121 [Thread-14] DEBUG o.e.t.c.p.ProjectCardController - ProjectCardController.initialize(), hashCode = 2078289632
2026-09-27 00:00:04.121 [Thread-14] DEBUG o.e.t.c.p.ProjectCardController - context = null
2026-09-27 00:00:04.121 [Thread-14] DEBUG o.e.t.c.p.ProjectCardController - ProjectCardController.setContext: org.example.taskschedulerdesktop.models.Project@6a3950d1, hashCode = 2078289632
2026-09-27 00:00:04.121 [Thread-14] DEBUG o.e.t.c.p.ProjectCardController - class = org.example.taskschedulerdesktop.models.Project
2026-09-27 00:00:04.121 [Thread-14] DEBUG o.e.t.listeners.EventBus - SUBSCRIBE: TaskChangedEvent -> 2145550454
2026-09-27 00:00:04.745 [JavaFX Application Thread] DEBUG o.e.t.c.p.ProjectCardController - Click on the card, context = org.example.taskschedulerdesktop.models.Project@17d6cddd
2026-09-27 00:00:04.746 [JavaFX Application Thread] DEBUG o.e.t.navigation.NavigationManager - Start async loading page: /org/example/taskschedulerdesktop/view/project_details.fxml
2026-09-27 00:00:04.754 [Thread-6] DEBUG o.e.t.listeners.EventBus - SUBSCRIBE: TaskChangedEvent -> 1858024710
2026-09-27 00:00:04.754 [Thread-6] DEBUG o.e.t.listeners.EventBus - SUBSCRIBE: ProjectChangedEvent -> 1854405383
2026-09-27 00:00:04.754 [JavaFX Application Thread] DEBUG o.e.t.c.p.ProjectDetailsController - setContext: org.example.taskschedulerdesktop.models.Project@17d6cddd
2026-09-27 00:00:04.754 [JavaFX Application Thread] DEBUG o.e.t.c.p.ProjectDetailsController - class = org.example.taskschedulerdesktop.models.Project
2026-09-27 00:00:04.754 [JavaFX Application Thread] DEBUG o.e.t.c.p.ProjectDetailsController - updateUI: name=Редизайн портала, tasks=3, completed=0, percent=0
2026-09-27 00:00:04.755 [Thread-10] DEBUG o.e.t.r.task.H2TaskRepository - findViewsByProjectIdAndStatus(1, NEW)
2026-09-27 00:00:04.755 [Thread-7] DEBUG o.e.t.r.task.H2TaskRepository - findViewsByProjectIdAndStatus(1, UNDER_REVIEW)
2026-09-27 00:00:04.755 [Thread-8] DEBUG o.e.t.r.task.H2TaskRepository - findViewsByProjectIdAndStatus(1, IN_PROGRESS)
2026-09-27 00:00:04.755 [Thread-9] DEBUG o.e.t.r.task.H2TaskRepository - findViewsByProjectIdAndStatus(1, COMPLETED)
2026-09-27 00:00:04.755 [JavaFX Application Thread] DEBUG o.e.t.listeners.EventBus - FIRE: PageTitleChangedEvent (subscribers: 1)
2026-09-27 00:00:04.755 [JavaFX Application Thread] DEBUG o.e.t.navigation.NavigationManager - Page displayed successfully: /org/example/taskschedulerdesktop/view/project_details.fxml
2026-09-27 00:00:04.756 [Thread-9] DEBUG o.e.t.r.task.H2TaskRepository - countByProjectNameAndStatus(1, IN_PROGRESS)
2026-09-27 00:00:04.756 [JavaFX Application Thread] DEBUG o.e.t.c.p.ProjectDetailsController - updateUI: name=Редизайн портала, tasks=3, completed=0, percent=0
2026-09-27 00:00:04.757 [Thread-9] DEBUG o.e.t.r.task.H2TaskRepository - countByProjectNameAndStatus(1, UNDER_REVIEW)
2026-09-27 00:00:04.757 [Thread-9] DEBUG o.e.t.r.task.H2TaskRepository - countByProjectNameAndStatus(1, NEW)
2026-09-27 00:00:04.758 [Thread-9] DEBUG o.e.t.r.task.H2TaskRepository - countByProjectNameAndStatus(1, COMPLETED)
2026-09-27 00:00:07.282 [JavaFX Application Thread] DEBUG o.e.t.navigation.NavigationManager - Start async loading page: /org/example/taskschedulerdesktop/view/projects.fxml
2026-09-27 00:00:07.285 [Thread-12] DEBUG o.e.t.listeners.EventBus - SUBSCRIBE: ProjectChangedEvent -> 113681398
2026-09-27 00:00:07.285 [Thread-11] DEBUG o.e.t.s.project.AsyncProjectService - createProjectLoader()
2026-09-27 00:00:07.285 [JavaFX Application Thread] DEBUG o.e.t.c.p.ProjectDetailsController - ProjectDetailsController: shutdown()
2026-09-27 00:00:07.286 [Thread-11] DEBUG o.e.t.s.project.AsyncProjectService - Project: org.example.taskschedulerdesktop.models.Project@7ad072e2, number of tasks = 3
2026-09-27 00:00:07.286 [JavaFX Application Thread] DEBUG o.e.t.listeners.EventBus - FIRE: PageTitleChangedEvent (subscribers: 1)
2026-09-27 00:00:07.286 [Thread-11] DEBUG o.e.t.s.project.ProjectCardService - createCard(org.example.taskschedulerdesktop.models.Project@7ad072e2)
2026-09-27 00:00:07.286 [JavaFX Application Thread] DEBUG o.e.t.navigation.NavigationManager - Page displayed successfully: /org/example/taskschedulerdesktop/view/projects.fxml
2026-09-27 00:00:07.292 [Thread-11] DEBUG o.e.t.c.p.ProjectCardController - ProjectCardController.initialize(), hashCode = 773624658
2026-09-27 00:00:07.292 [Thread-11] DEBUG o.e.t.c.p.ProjectCardController - context = null
2026-09-27 00:00:07.292 [Thread-11] DEBUG o.e.t.c.p.ProjectCardController - ProjectCardController.setContext: org.example.taskschedulerdesktop.models.Project@7ad072e2, hashCode = 773624658
2026-09-27 00:00:07.292 [Thread-11] DEBUG o.e.t.c.p.ProjectCardController - class = org.example.taskschedulerdesktop.models.Project
2026-09-27 00:00:07.292 [Thread-11] DEBUG o.e.t.listeners.EventBus - SUBSCRIBE: TaskChangedEvent -> 483236869
2026-09-27 00:00:07.292 [Thread-11] DEBUG o.e.t.s.project.ProjectCardService - createCard(org.example.taskschedulerdesktop.models.Project@766e55cc)
2026-09-27 00:00:07.296 [Thread-11] DEBUG o.e.t.c.p.ProjectCardController - ProjectCardController.initialize(), hashCode = 419834429
2026-09-27 00:00:07.297 [Thread-11] DEBUG o.e.t.c.p.ProjectCardController - context = null
2026-09-27 00:00:07.297 [Thread-11] DEBUG o.e.t.c.p.ProjectCardController - ProjectCardController.setContext: org.example.taskschedulerdesktop.models.Project@766e55cc, hashCode = 419834429
2026-09-27 00:00:07.297 [Thread-11] DEBUG o.e.t.c.p.ProjectCardController - class = org.example.taskschedulerdesktop.models.Project
2026-09-27 00:00:07.297 [Thread-11] DEBUG o.e.t.listeners.EventBus - SUBSCRIBE: TaskChangedEvent -> 786466031
2026-09-27 00:00:07.297 [Thread-11] DEBUG o.e.t.s.project.ProjectCardService - createCard(org.example.taskschedulerdesktop.models.Project@36cbf2a6)
2026-09-27 00:00:07.302 [Thread-11] DEBUG o.e.t.c.p.ProjectCardController - ProjectCardController.initialize(), hashCode = 253134855
2026-09-27 00:00:07.302 [Thread-11] DEBUG o.e.t.c.p.ProjectCardController - context = null
2026-09-27 00:00:07.303 [Thread-11] DEBUG o.e.t.c.p.ProjectCardController - ProjectCardController.setContext: org.example.taskschedulerdesktop.models.Project@36cbf2a6, hashCode = 253134855
2026-09-27 00:00:07.303 [Thread-11] DEBUG o.e.t.c.p.ProjectCardController - class = org.example.taskschedulerdesktop.models.Project
2026-09-27 00:00:07.303 [Thread-11] DEBUG o.e.t.listeners.EventBus - SUBSCRIBE: TaskChangedEvent -> 1870791982
2026-09-27 00:00:07.303 [Thread-11] DEBUG o.e.t.s.project.ProjectCardService - createCard(org.example.taskschedulerdesktop.models.Project@41893d61)
2026-09-27 00:00:07.308 [Thread-11] DEBUG o.e.t.c.p.ProjectCardController - ProjectCardController.initialize(), hashCode = 238655831
2026-09-27 00:00:07.308 [Thread-11] DEBUG o.e.t.c.p.ProjectCardController - context = null
2026-09-27 00:00:07.308 [Thread-11] DEBUG o.e.t.c.p.ProjectCardController - ProjectCardController.setContext: org.example.taskschedulerdesktop.models.Project@41893d61, hashCode = 238655831
2026-09-27 00:00:07.308 [Thread-11] DEBUG o.e.t.c.p.ProjectCardController - class = org.example.taskschedulerdesktop.models.Project
2026-09-27 00:00:07.309 [Thread-11] DEBUG o.e.t.listeners.EventBus - SUBSCRIBE: TaskChangedEvent -> 769166650
2026-09-27 00:01:09.599 [JavaFX Application Thread] DEBUG o.e.t.c.p.ProjectCardController - Click on the card, context = org.example.taskschedulerdesktop.models.Project@7ad072e2
2026-09-27 00:01:09.599 [JavaFX Application Thread] DEBUG o.e.t.navigation.NavigationManager - Start async loading page: /org/example/taskschedulerdesktop/view/project_details.fxml
2026-09-27 00:01:09.608 [Thread-6] DEBUG o.e.t.listeners.EventBus - SUBSCRIBE: TaskChangedEvent -> 1030895688
2026-09-27 00:01:09.608 [Thread-6] DEBUG o.e.t.listeners.EventBus - SUBSCRIBE: ProjectChangedEvent -> 647378862
2026-09-27 00:01:09.608 [JavaFX Application Thread] DEBUG o.e.t.c.p.ProjectDetailsController - setContext: org.example.taskschedulerdesktop.models.Project@7ad072e2
2026-09-27 00:01:09.608 [JavaFX Application Thread] DEBUG o.e.t.c.p.ProjectDetailsController - class = org.example.taskschedulerdesktop.models.Project
2026-09-27 00:01:09.609 [JavaFX Application Thread] DEBUG o.e.t.c.p.ProjectDetailsController - updateUI: name=Редизайн портала, tasks=3, completed=0, percent=0
2026-09-27 00:01:09.609 [Thread-9] DEBUG o.e.t.r.task.H2TaskRepository - findViewsByProjectIdAndStatus(1, NEW)
2026-09-27 00:01:09.609 [Thread-10] DEBUG o.e.t.r.task.H2TaskRepository - findViewsByProjectIdAndStatus(1, COMPLETED)
2026-09-27 00:01:09.609 [Thread-8] DEBUG o.e.t.r.task.H2TaskRepository - findViewsByProjectIdAndStatus(1, IN_PROGRESS)
2026-09-27 00:01:09.609 [Thread-7] DEBUG o.e.t.r.task.H2TaskRepository - findViewsByProjectIdAndStatus(1, UNDER_REVIEW)
2026-09-27 00:01:09.610 [Thread-10] DEBUG o.e.t.r.task.H2TaskRepository - countByProjectNameAndStatus(1, IN_PROGRESS)
2026-09-27 00:01:09.610 [JavaFX Application Thread] DEBUG o.e.t.listeners.EventBus - FIRE: PageTitleChangedEvent (subscribers: 1)
2026-09-27 00:01:09.610 [JavaFX Application Thread] DEBUG o.e.t.navigation.NavigationManager - Page displayed successfully: /org/example/taskschedulerdesktop/view/project_details.fxml
2026-09-27 00:01:09.610 [Thread-10] DEBUG o.e.t.r.task.H2TaskRepository - countByProjectNameAndStatus(1, UNDER_REVIEW)
2026-09-27 00:01:09.611 [Thread-10] DEBUG o.e.t.r.task.H2TaskRepository - countByProjectNameAndStatus(1, NEW)
2026-09-27 00:01:09.611 [JavaFX Application Thread] DEBUG o.e.t.c.p.ProjectDetailsController - updateUI: name=Редизайн портала, tasks=3, completed=0, percent=0
2026-09-27 00:01:09.612 [Thread-10] DEBUG o.e.t.r.task.H2TaskRepository - countByProjectNameAndStatus(1, COMPLETED)
2026-09-27 00:08:00.177 [JavaFX-Launcher] INFO  o.e.t.TaskSchedulerApplication - Name: 'Inter 18pt Regular'
2026-09-27 00:08:00.179 [JavaFX-Launcher] INFO  o.e.t.TaskSchedulerApplication - Family: 'Inter 18pt'
2026-09-27 00:08:00.180 [JavaFX-Launcher] INFO  o.e.t.TaskSchedulerApplication - Style: 'Regular'
2026-09-27 00:08:00.180 [JavaFX-Launcher] DEBUG o.e.t.TaskSchedulerApplication - Font loaded: /org/example/taskschedulerdesktop/fonts/Inter_18pt-Regular.ttf → 'Inter 18pt'
2026-09-27 00:08:00.192 [JavaFX-Launcher] INFO  o.e.t.TaskSchedulerApplication - Name: 'Inter 18pt Medium'
2026-09-27 00:08:00.192 [JavaFX-Launcher] INFO  o.e.t.TaskSchedulerApplication - Family: 'Inter 18pt Medium'
2026-09-27 00:08:00.193 [JavaFX-Launcher] INFO  o.e.t.TaskSchedulerApplication - Style: 'Regular'
2026-09-27 00:08:00.193 [JavaFX-Launcher] DEBUG o.e.t.TaskSchedulerApplication - Font loaded: /org/example/taskschedulerdesktop/fonts/Inter_18pt-Medium.ttf → 'Inter 18pt Medium'
2026-09-27 00:08:00.204 [JavaFX-Launcher] INFO  o.e.t.TaskSchedulerApplication - Name: 'Inter 18pt SemiBold'
2026-09-27 00:08:00.204 [JavaFX-Launcher] INFO  o.e.t.TaskSchedulerApplication - Family: 'Inter 18pt SemiBold'
2026-09-27 00:08:00.204 [JavaFX-Launcher] INFO  o.e.t.TaskSchedulerApplication - Style: 'Regular'
2026-09-27 00:08:00.204 [JavaFX-Launcher] DEBUG o.e.t.TaskSchedulerApplication - Font loaded: /org/example/taskschedulerdesktop/fonts/Inter_18pt-SemiBold.ttf → 'Inter 18pt SemiBold'
2026-09-27 00:08:00.214 [JavaFX-Launcher] INFO  o.e.t.TaskSchedulerApplication - Name: 'Lora Regular'
2026-09-27 00:08:00.214 [JavaFX-Launcher] INFO  o.e.t.TaskSchedulerApplication - Family: 'Lora'
2026-09-27 00:08:00.214 [JavaFX-Launcher] INFO  o.e.t.TaskSchedulerApplication - Style: 'Regular'
2026-09-27 00:08:00.214 [JavaFX-Launcher] DEBUG o.e.t.TaskSchedulerApplication - Font loaded: /org/example/taskschedulerdesktop/fonts/Lora-Regular.ttf → 'Lora'
2026-09-27 00:08:00.226 [JavaFX-Launcher] INFO  o.e.t.TaskSchedulerApplication - Name: 'JetBrains Mono Regular'
2026-09-27 00:08:00.226 [JavaFX-Launcher] INFO  o.e.t.TaskSchedulerApplication - Family: 'JetBrains Mono'
2026-09-27 00:08:00.226 [JavaFX-Launcher] INFO  o.e.t.TaskSchedulerApplication - Style: 'Regular'
2026-09-27 00:08:00.226 [JavaFX-Launcher] DEBUG o.e.t.TaskSchedulerApplication - Font loaded: /org/example/taskschedulerdesktop/fonts/JetBrainsMono-Regular.ttf → 'JetBrains Mono'
2026-09-27 00:08:00.522 [JavaFX Application Thread] DEBUG o.e.t.database.DatabaseConnection - H2 TCP-server started on the port:9092 successful
2026-09-27 00:08:00.523 [JavaFX Application Thread] DEBUG o.e.t.r.task.H2TaskRepository - createTableIfNotExists()
2026-09-27 00:08:00.534 [JavaFX Application Thread] DEBUG o.e.t.r.task.H2TaskRepository - createIndexes()
2026-09-27 00:08:00.607 [JavaFX Application Thread] DEBUG o.e.t.s.project.ProjectServiceImpl - ProjectServiceImpl created
2026-09-27 00:08:00.609 [JavaFX Application Thread] DEBUG o.e.t.listeners.EventBus - SUBSCRIBE: TaskChangedEvent -> 1201505949
2026-09-27 00:08:00.610 [JavaFX Application Thread] DEBUG o.e.t.s.project.ProjectServiceImpl - Subscribe on TaskChangedEvent completed
2026-09-27 00:08:00.804 [JavaFX Application Thread] DEBUG o.e.t.listeners.EventBus - SUBSCRIBE: PageTitleChangedEvent -> 125367897
2026-09-27 00:08:00.817 [JavaFX Application Thread] DEBUG o.e.t.navigation.NavigationManager - Start async loading page: /org/example/taskschedulerdesktop/view/dashboard.fxml
2026-09-27 00:08:00.902 [Thread-6] DEBUG o.e.t.listeners.EventBus - SUBSCRIBE: TaskChangedEvent -> 1453091887
2026-09-27 00:08:00.904 [Thread-7] DEBUG o.e.t.r.task.H2TaskRepository - findAllViews()
2026-09-27 00:08:00.908 [Thread-6] DEBUG o.e.t.c.review.DashboardController - loadProjects()
2026-09-27 00:08:00.913 [Thread-11] DEBUG o.e.t.s.project.AsyncProjectService - Found 4 projects
2026-09-27 00:08:00.915 [Thread-7] DEBUG o.e.t.r.task.H2TaskRepository - Found 16 views
2026-09-27 00:08:00.921 [JavaFX Application Thread] DEBUG o.e.t.TaskSchedulerApplication - CSS: /org/example/taskschedulerdesktop/styles/style.css
2026-09-27 00:08:00.922 [JavaFX Application Thread] DEBUG o.e.t.TaskSchedulerApplication - CSS: /org/example/taskschedulerdesktop/styles/base.css
2026-09-27 00:08:00.923 [JavaFX Application Thread] DEBUG o.e.t.TaskSchedulerApplication - CSS: /org/example/taskschedulerdesktop/styles/row_task_table.css
2026-09-27 00:08:00.923 [JavaFX Application Thread] DEBUG o.e.t.TaskSchedulerApplication - CSS: /org/example/taskschedulerdesktop/styles/task_table_view.css
2026-09-27 00:08:00.953 [Thread-6] DEBUG o.e.t.listeners.EventBus - SUBSCRIBE: TaskChangedEvent -> 633089317
2026-09-27 00:08:00.954 [Thread-8] DEBUG o.e.t.r.task.H2TaskRepository - findAllViews()
2026-09-27 00:08:00.954 [Thread-6] DEBUG o.e.t.c.review.DashboardController - Task table loaded successfully
2026-09-27 00:08:00.956 [Thread-8] DEBUG o.e.t.r.task.H2TaskRepository - Found 16 views
2026-09-27 00:08:01.276 [JavaFX Application Thread] DEBUG o.e.t.c.review.DashboardController - Found 2 tasks, task status: IN_PROGRESS
2026-09-27 00:08:01.276 [JavaFX Application Thread] DEBUG o.e.t.c.review.DashboardController - observableList size: 4
2026-09-27 00:08:01.277 [JavaFX Application Thread] DEBUG o.e.t.c.review.DashboardController - projectListView size : 4
2026-09-27 00:08:01.280 [JavaFX Application Thread] DEBUG o.e.t.c.review.DashboardController - Found 2 tasks, task status: COMPLETED
2026-09-27 00:08:01.280 [JavaFX Application Thread] DEBUG o.e.t.c.review.DashboardController - Found 2 tasks, task status: UNDER_REVIEW
2026-09-27 00:08:01.292 [JavaFX Application Thread] DEBUG o.e.t.service.task.AsyncTaskService - onSucceeded returned: 16 tasks
2026-09-27 00:08:01.293 [JavaFX Application Thread] DEBUG o.e.t.c.review.DashboardController - Found 16 tasks
2026-09-27 00:08:01.297 [JavaFX Application Thread] DEBUG o.e.t.listeners.EventBus - FIRE: PageTitleChangedEvent (subscribers: 1)
2026-09-27 00:08:01.298 [JavaFX Application Thread] DEBUG o.e.t.navigation.NavigationManager - Page displayed successfully: /org/example/taskschedulerdesktop/view/dashboard.fxml
2026-09-27 00:08:01.299 [JavaFX Application Thread] DEBUG o.e.t.service.task.AsyncTaskService - onSucceeded returned: 16 tasks
2026-09-27 00:08:01.299 [JavaFX Application Thread] DEBUG o.e.t.c.tasks.TaskTableController - onSuccess: received 16 tasks
2026-09-27 00:08:01.300 [JavaFX Application Thread] DEBUG o.e.t.c.tasks.TaskTableController - onSuccess: first task: Настроить интеграцию с 1C
2026-09-27 00:08:01.300 [JavaFX Application Thread] DEBUG o.e.t.c.tasks.TaskTableController - Table has: 16 tasks
2026-09-27 00:08:01.407 [JavaFX Application Thread] DEBUG o.e.t.dto.projects.ProjectListCell - creating cell
2026-09-27 00:08:01.420 [JavaFX Application Thread] DEBUG o.e.t.dto.projects.ProjectListCell - loaded successfully
2026-09-27 00:08:01.676 [JavaFX Application Thread] DEBUG o.e.t.dto.projects.ProjectListCell - creating cell
2026-09-27 00:08:01.682 [JavaFX Application Thread] DEBUG o.e.t.dto.projects.ProjectListCell - loaded successfully
2026-09-27 00:08:01.689 [JavaFX Application Thread] DEBUG o.e.t.dto.projects.ProjectListCell - creating cell
2026-09-27 00:08:01.696 [JavaFX Application Thread] DEBUG o.e.t.dto.projects.ProjectListCell - loaded successfully
2026-09-27 00:08:01.701 [JavaFX Application Thread] DEBUG o.e.t.dto.projects.ProjectListCell - creating cell
2026-09-27 00:08:01.707 [JavaFX Application Thread] DEBUG o.e.t.dto.projects.ProjectListCell - loaded successfully
2026-09-27 00:08:01.714 [JavaFX Application Thread] DEBUG o.e.t.dto.projects.ProjectListCell - creating cell
2026-09-27 00:08:01.721 [JavaFX Application Thread] DEBUG o.e.t.dto.projects.ProjectListCell - loaded successfully
2026-09-27 00:08:01.727 [JavaFX Application Thread] DEBUG o.e.t.dto.projects.ProjectListCell - creating cell
2026-09-27 00:08:01.734 [JavaFX Application Thread] DEBUG o.e.t.dto.projects.ProjectListCell - loaded successfully
2026-09-27 00:08:01.735 [JavaFX Application Thread] DEBUG o.e.t.dto.projects.ProjectListCell - creating cell
2026-09-27 00:08:01.743 [JavaFX Application Thread] DEBUG o.e.t.dto.projects.ProjectListCell - loaded successfully
2026-09-27 00:08:01.744 [JavaFX Application Thread] DEBUG o.e.t.dto.projects.ProjectListCell - creating cell
2026-09-27 00:08:01.751 [JavaFX Application Thread] DEBUG o.e.t.dto.projects.ProjectListCell - loaded successfully
2026-09-27 00:08:01.752 [JavaFX Application Thread] DEBUG o.e.t.dto.projects.ProjectListCell - creating cell
2026-09-27 00:08:01.760 [JavaFX Application Thread] DEBUG o.e.t.dto.projects.ProjectListCell - loaded successfully
2026-09-27 00:08:01.762 [JavaFX Application Thread] DEBUG o.e.t.dto.projects.ProjectListCell - creating cell
2026-09-27 00:08:01.769 [JavaFX Application Thread] DEBUG o.e.t.dto.projects.ProjectListCell - loaded successfully
2026-09-27 00:08:01.770 [JavaFX Application Thread] DEBUG o.e.t.dto.projects.ProjectListCell - creating cell
2026-09-27 00:08:01.777 [JavaFX Application Thread] DEBUG o.e.t.dto.projects.ProjectListCell - loaded successfully
2026-09-27 00:08:01.779 [JavaFX Application Thread] DEBUG o.e.t.dto.projects.ProjectListCell - creating cell
2026-09-27 00:08:01.785 [JavaFX Application Thread] DEBUG o.e.t.dto.projects.ProjectListCell - loaded successfully
2026-09-27 00:08:01.787 [JavaFX Application Thread] DEBUG o.e.t.dto.projects.ProjectListCell - creating cell
2026-09-27 00:08:01.792 [JavaFX Application Thread] DEBUG o.e.t.dto.projects.ProjectListCell - loaded successfully
2026-09-27 00:08:01.794 [JavaFX Application Thread] DEBUG o.e.t.dto.projects.ProjectListCell - creating cell
2026-09-27 00:08:01.800 [JavaFX Application Thread] DEBUG o.e.t.dto.projects.ProjectListCell - loaded successfully
2026-09-27 00:08:02.869 [JavaFX Application Thread] DEBUG o.e.t.navigation.NavigationManager - Start async loading page: /org/example/taskschedulerdesktop/view/projects.fxml
2026-09-27 00:08:02.902 [Thread-12] DEBUG o.e.t.listeners.EventBus - SUBSCRIBE: ProjectChangedEvent -> 1991751656
2026-09-27 00:08:02.906 [Thread-13] DEBUG o.e.t.s.project.AsyncProjectService - createProjectLoader()
2026-09-27 00:08:02.907 [Thread-13] DEBUG o.e.t.s.project.AsyncProjectService - Project: org.example.taskschedulerdesktop.models.Project@71529a09, number of tasks = 3
2026-09-27 00:08:02.907 [Thread-13] DEBUG o.e.t.s.project.ProjectCardService - createCard(org.example.taskschedulerdesktop.models.Project@71529a09)
2026-09-27 00:08:02.909 [JavaFX Application Thread] DEBUG o.e.t.listeners.EventBus - FIRE: PageTitleChangedEvent (subscribers: 1)
2026-09-27 00:08:02.909 [JavaFX Application Thread] DEBUG o.e.t.navigation.NavigationManager - Page displayed successfully: /org/example/taskschedulerdesktop/view/projects.fxml
2026-09-27 00:08:02.920 [Thread-13] DEBUG o.e.t.c.p.ProjectCardController - ProjectCardController.initialize(), hashCode = 1298320095
2026-09-27 00:08:02.921 [Thread-13] DEBUG o.e.t.c.p.ProjectCardController - context = null
2026-09-27 00:08:02.921 [Thread-13] DEBUG o.e.t.c.p.ProjectCardController - ProjectCardController.setContext: org.example.taskschedulerdesktop.models.Project@71529a09, hashCode = 1298320095
2026-09-27 00:08:02.921 [Thread-13] DEBUG o.e.t.c.p.ProjectCardController - class = org.example.taskschedulerdesktop.models.Project
2026-09-27 00:08:02.922 [Thread-13] DEBUG o.e.t.listeners.EventBus - SUBSCRIBE: TaskChangedEvent -> 50704226
2026-09-27 00:08:02.922 [Thread-13] DEBUG o.e.t.s.project.ProjectCardService - createCard(org.example.taskschedulerdesktop.models.Project@3d80b1db)
2026-09-27 00:08:02.930 [Thread-13] DEBUG o.e.t.c.p.ProjectCardController - ProjectCardController.initialize(), hashCode = 1010795540
2026-09-27 00:08:02.930 [Thread-13] DEBUG o.e.t.c.p.ProjectCardController - context = null
2026-09-27 00:08:02.930 [Thread-13] DEBUG o.e.t.c.p.ProjectCardController - ProjectCardController.setContext: org.example.taskschedulerdesktop.models.Project@3d80b1db, hashCode = 1010795540
2026-09-27 00:08:02.930 [Thread-13] DEBUG o.e.t.c.p.ProjectCardController - class = org.example.taskschedulerdesktop.models.Project
2026-09-27 00:08:02.930 [Thread-13] DEBUG o.e.t.listeners.EventBus - SUBSCRIBE: TaskChangedEvent -> 1980758443
2026-09-27 00:08:02.930 [Thread-13] DEBUG o.e.t.s.project.ProjectCardService - createCard(org.example.taskschedulerdesktop.models.Project@248bd378)
2026-09-27 00:08:02.937 [Thread-13] DEBUG o.e.t.c.p.ProjectCardController - ProjectCardController.initialize(), hashCode = 856684112
2026-09-27 00:08:02.938 [Thread-13] DEBUG o.e.t.c.p.ProjectCardController - context = null
2026-09-27 00:08:02.938 [Thread-13] DEBUG o.e.t.c.p.ProjectCardController - ProjectCardController.setContext: org.example.taskschedulerdesktop.models.Project@248bd378, hashCode = 856684112
2026-09-27 00:08:02.938 [Thread-13] DEBUG o.e.t.c.p.ProjectCardController - class = org.example.taskschedulerdesktop.models.Project
2026-09-27 00:08:02.938 [Thread-13] DEBUG o.e.t.listeners.EventBus - SUBSCRIBE: TaskChangedEvent -> 1393013894
2026-09-27 00:08:02.938 [Thread-13] DEBUG o.e.t.s.project.ProjectCardService - createCard(org.example.taskschedulerdesktop.models.Project@63269de5)
2026-09-27 00:08:02.945 [Thread-13] DEBUG o.e.t.c.p.ProjectCardController - ProjectCardController.initialize(), hashCode = 277096641
2026-09-27 00:08:02.945 [Thread-13] DEBUG o.e.t.c.p.ProjectCardController - context = null
2026-09-27 00:08:02.945 [Thread-13] DEBUG o.e.t.c.p.ProjectCardController - ProjectCardController.setContext: org.example.taskschedulerdesktop.models.Project@63269de5, hashCode = 277096641
2026-09-27 00:08:02.945 [Thread-13] DEBUG o.e.t.c.p.ProjectCardController - class = org.example.taskschedulerdesktop.models.Project
2026-09-27 00:08:02.945 [Thread-13] DEBUG o.e.t.listeners.EventBus - SUBSCRIBE: TaskChangedEvent -> 1151647094
2026-09-27 00:08:03.552 [JavaFX Application Thread] DEBUG o.e.t.c.p.ProjectCardController - Click on the card, context = org.example.taskschedulerdesktop.models.Project@71529a09
2026-09-27 00:08:03.553 [JavaFX Application Thread] DEBUG o.e.t.navigation.NavigationManager - Start async loading page: /org/example/taskschedulerdesktop/view/project_details.fxml
2026-09-27 00:08:03.579 [Thread-6] DEBUG o.e.t.listeners.EventBus - SUBSCRIBE: TaskChangedEvent -> 1449894774
2026-09-27 00:08:03.579 [Thread-6] DEBUG o.e.t.listeners.EventBus - SUBSCRIBE: ProjectChangedEvent -> 1869936044
2026-09-27 00:08:03.580 [JavaFX Application Thread] DEBUG o.e.t.c.p.ProjectDetailsController - setContext: org.example.taskschedulerdesktop.models.Project@71529a09
2026-09-27 00:08:03.580 [JavaFX Application Thread] DEBUG o.e.t.c.p.ProjectDetailsController - class = org.example.taskschedulerdesktop.models.Project
2026-09-27 00:08:03.580 [JavaFX Application Thread] DEBUG o.e.t.c.p.ProjectDetailsController - updateUI: name=Редизайн портала, tasks=3, completed=0, percent=0
2026-09-27 00:08:03.583 [Thread-7] DEBUG o.e.t.r.task.H2TaskRepository - findViewsByProjectIdAndStatus(1, UNDER_REVIEW)
2026-09-27 00:08:03.583 [Thread-8] DEBUG o.e.t.r.task.H2TaskRepository - findViewsByProjectIdAndStatus(1, COMPLETED)
2026-09-27 00:08:03.583 [Thread-10] DEBUG o.e.t.r.task.H2TaskRepository - findViewsByProjectIdAndStatus(1, NEW)
2026-09-27 00:08:03.583 [Thread-9] DEBUG o.e.t.r.task.H2TaskRepository - findViewsByProjectIdAndStatus(1, IN_PROGRESS)
2026-09-27 00:08:03.587 [Thread-8] DEBUG o.e.t.r.task.H2TaskRepository - countByProjectNameAndStatus(1, IN_PROGRESS)
2026-09-27 00:08:03.588 [Thread-8] DEBUG o.e.t.r.task.H2TaskRepository - countByProjectNameAndStatus(1, UNDER_REVIEW)
2026-09-27 00:08:03.588 [Thread-8] DEBUG o.e.t.r.task.H2TaskRepository - countByProjectNameAndStatus(1, NEW)
2026-09-27 00:08:03.589 [Thread-8] DEBUG o.e.t.r.task.H2TaskRepository - countByProjectNameAndStatus(1, COMPLETED)
2026-09-27 00:08:03.591 [JavaFX Application Thread] DEBUG o.e.t.listeners.EventBus - FIRE: PageTitleChangedEvent (subscribers: 1)
2026-09-27 00:08:03.591 [JavaFX Application Thread] DEBUG o.e.t.navigation.NavigationManager - Page displayed successfully: /org/example/taskschedulerdesktop/view/project_details.fxml
2026-09-27 00:08:03.593 [JavaFX Application Thread] DEBUG o.e.t.c.p.ProjectDetailsController - updateUI: name=Редизайн портала, tasks=3, completed=0, percent=0
2026-09-27 00:09:12.798 [JavaFX-Launcher] INFO  o.e.t.TaskSchedulerApplication - Name: 'Inter 18pt Regular'
2026-09-27 00:09:12.800 [JavaFX-Launcher] INFO  o.e.t.TaskSchedulerApplication - Family: 'Inter 18pt'
2026-09-27 00:09:12.800 [JavaFX-Launcher] INFO  o.e.t.TaskSchedulerApplication - Style: 'Regular'
2026-09-27 00:09:12.800 [JavaFX-Launcher] DEBUG o.e.t.TaskSchedulerApplication - Font loaded: /org/example/taskschedulerdesktop/fonts/Inter_18pt-Regular.ttf → 'Inter 18pt'
2026-09-27 00:09:12.811 [JavaFX-Launcher] INFO  o.e.t.TaskSchedulerApplication - Name: 'Inter 18pt Medium'
2026-09-27 00:09:12.811 [JavaFX-Launcher] INFO  o.e.t.TaskSchedulerApplication - Family: 'Inter 18pt Medium'
2026-09-27 00:09:12.812 [JavaFX-Launcher] INFO  o.e.t.TaskSchedulerApplication - Style: 'Regular'
2026-09-27 00:09:12.812 [JavaFX-Launcher] DEBUG o.e.t.TaskSchedulerApplication - Font loaded: /org/example/taskschedulerdesktop/fonts/Inter_18pt-Medium.ttf → 'Inter 18pt Medium'
2026-09-27 00:09:12.823 [JavaFX-Launcher] INFO  o.e.t.TaskSchedulerApplication - Name: 'Inter 18pt SemiBold'
2026-09-27 00:09:12.823 [JavaFX-Launcher] INFO  o.e.t.TaskSchedulerApplication - Family: 'Inter 18pt SemiBold'
2026-09-27 00:09:12.823 [JavaFX-Launcher] INFO  o.e.t.TaskSchedulerApplication - Style: 'Regular'
2026-09-27 00:09:12.823 [JavaFX-Launcher] DEBUG o.e.t.TaskSchedulerApplication - Font loaded: /org/example/taskschedulerdesktop/fonts/Inter_18pt-SemiBold.ttf → 'Inter 18pt SemiBold'
2026-09-27 00:09:12.834 [JavaFX-Launcher] INFO  o.e.t.TaskSchedulerApplication - Name: 'Lora Regular'
2026-09-27 00:09:12.834 [JavaFX-Launcher] INFO  o.e.t.TaskSchedulerApplication - Family: 'Lora'
2026-09-27 00:09:12.834 [JavaFX-Launcher] INFO  o.e.t.TaskSchedulerApplication - Style: 'Regular'
2026-09-27 00:09:12.835 [JavaFX-Launcher] DEBUG o.e.t.TaskSchedulerApplication - Font loaded: /org/example/taskschedulerdesktop/fonts/Lora-Regular.ttf → 'Lora'
2026-09-27 00:09:12.845 [JavaFX-Launcher] INFO  o.e.t.TaskSchedulerApplication - Name: 'JetBrains Mono Regular'
2026-09-27 00:09:12.845 [JavaFX-Launcher] INFO  o.e.t.TaskSchedulerApplication - Family: 'JetBrains Mono'
2026-09-27 00:09:12.846 [JavaFX-Launcher] INFO  o.e.t.TaskSchedulerApplication - Style: 'Regular'
2026-09-27 00:09:12.846 [JavaFX-Launcher] DEBUG o.e.t.TaskSchedulerApplication - Font loaded: /org/example/taskschedulerdesktop/fonts/JetBrainsMono-Regular.ttf → 'JetBrains Mono'
2026-09-27 00:09:13.139 [JavaFX Application Thread] DEBUG o.e.t.database.DatabaseConnection - H2 TCP-server started on the port:9092 successful
2026-09-27 00:09:13.140 [JavaFX Application Thread] DEBUG o.e.t.r.task.H2TaskRepository - createTableIfNotExists()
2026-09-27 00:09:13.150 [JavaFX Application Thread] DEBUG o.e.t.r.task.H2TaskRepository - createIndexes()
2026-09-27 00:09:13.159 [JavaFX Application Thread] DEBUG o.e.t.s.project.ProjectServiceImpl - ProjectServiceImpl created
2026-09-27 00:09:13.162 [JavaFX Application Thread] DEBUG o.e.t.listeners.EventBus - SUBSCRIBE: TaskChangedEvent -> 1201505949
2026-09-27 00:09:13.163 [JavaFX Application Thread] DEBUG o.e.t.s.project.ProjectServiceImpl - Subscribe on TaskChangedEvent completed
2026-09-27 00:09:13.425 [JavaFX Application Thread] DEBUG o.e.t.listeners.EventBus - SUBSCRIBE: PageTitleChangedEvent -> 125367897
2026-09-27 00:09:13.444 [JavaFX Application Thread] DEBUG o.e.t.navigation.NavigationManager - Start async loading page: /org/example/taskschedulerdesktop/view/dashboard.fxml
2026-09-27 00:09:13.547 [Thread-6] DEBUG o.e.t.listeners.EventBus - SUBSCRIBE: TaskChangedEvent -> 2045663413
2026-09-27 00:09:13.550 [Thread-7] DEBUG o.e.t.r.task.H2TaskRepository - findAllViews()
2026-09-27 00:09:13.554 [JavaFX Application Thread] DEBUG o.e.t.TaskSchedulerApplication - CSS: /org/example/taskschedulerdesktop/styles/style.css
2026-09-27 00:09:13.554 [JavaFX Application Thread] DEBUG o.e.t.TaskSchedulerApplication - CSS: /org/example/taskschedulerdesktop/styles/base.css
2026-09-27 00:09:13.555 [JavaFX Application Thread] DEBUG o.e.t.TaskSchedulerApplication - CSS: /org/example/taskschedulerdesktop/styles/row_task_table.css
2026-09-27 00:09:13.556 [JavaFX Application Thread] DEBUG o.e.t.TaskSchedulerApplication - CSS: /org/example/taskschedulerdesktop/styles/task_table_view.css
2026-09-27 00:09:13.556 [Thread-6] DEBUG o.e.t.c.review.DashboardController - loadProjects()
2026-09-27 00:09:13.567 [Thread-11] DEBUG o.e.t.s.project.AsyncProjectService - Found 4 projects
2026-09-27 00:09:13.569 [Thread-7] DEBUG o.e.t.r.task.H2TaskRepository - Found 16 views
2026-09-27 00:09:13.634 [Thread-6] DEBUG o.e.t.listeners.EventBus - SUBSCRIBE: TaskChangedEvent -> 1402645676
2026-09-27 00:09:13.634 [Thread-10] DEBUG o.e.t.r.task.H2TaskRepository - findAllViews()
2026-09-27 00:09:13.635 [Thread-6] DEBUG o.e.t.c.review.DashboardController - Task table loaded successfully
2026-09-27 00:09:13.638 [Thread-10] DEBUG o.e.t.r.task.H2TaskRepository - Found 16 views
2026-09-27 00:09:13.989 [JavaFX Application Thread] DEBUG o.e.t.c.review.DashboardController - Found 2 tasks, task status: COMPLETED
2026-09-27 00:09:13.995 [JavaFX Application Thread] DEBUG o.e.t.c.review.DashboardController - Found 2 tasks, task status: IN_PROGRESS
2026-09-27 00:09:13.996 [JavaFX Application Thread] DEBUG o.e.t.c.review.DashboardController - Found 2 tasks, task status: UNDER_REVIEW
2026-09-27 00:09:13.998 [JavaFX Application Thread] DEBUG o.e.t.c.review.DashboardController - observableList size: 4
2026-09-27 00:09:13.999 [JavaFX Application Thread] DEBUG o.e.t.c.review.DashboardController - projectListView size : 4
2026-09-27 00:09:14.000 [JavaFX Application Thread] DEBUG o.e.t.service.task.AsyncTaskService - onSucceeded returned: 16 tasks
2026-09-27 00:09:14.000 [JavaFX Application Thread] DEBUG o.e.t.c.review.DashboardController - Found 16 tasks
2026-09-27 00:09:14.004 [JavaFX Application Thread] DEBUG o.e.t.listeners.EventBus - FIRE: PageTitleChangedEvent (subscribers: 1)
2026-09-27 00:09:14.004 [JavaFX Application Thread] DEBUG o.e.t.navigation.NavigationManager - Page displayed successfully: /org/example/taskschedulerdesktop/view/dashboard.fxml
2026-09-27 00:09:14.005 [JavaFX Application Thread] DEBUG o.e.t.service.task.AsyncTaskService - onSucceeded returned: 16 tasks
2026-09-27 00:09:14.005 [JavaFX Application Thread] DEBUG o.e.t.c.tasks.TaskTableController - onSuccess: received 16 tasks
2026-09-27 00:09:14.005 [JavaFX Application Thread] DEBUG o.e.t.c.tasks.TaskTableController - onSuccess: first task: Настроить интеграцию с 1C
2026-09-27 00:09:14.005 [JavaFX Application Thread] DEBUG o.e.t.c.tasks.TaskTableController - Table has: 16 tasks
2026-09-27 00:09:14.113 [JavaFX Application Thread] DEBUG o.e.t.dto.projects.ProjectListCell - creating cell
2026-09-27 00:09:14.128 [JavaFX Application Thread] DEBUG o.e.t.dto.projects.ProjectListCell - loaded successfully
2026-09-27 00:09:14.345 [JavaFX Application Thread] DEBUG o.e.t.dto.projects.ProjectListCell - creating cell
2026-09-27 00:09:14.351 [JavaFX Application Thread] DEBUG o.e.t.dto.projects.ProjectListCell - loaded successfully
2026-09-27 00:09:14.357 [JavaFX Application Thread] DEBUG o.e.t.dto.projects.ProjectListCell - creating cell
2026-09-27 00:09:14.363 [JavaFX Application Thread] DEBUG o.e.t.dto.projects.ProjectListCell - loaded successfully
2026-09-27 00:09:14.370 [JavaFX Application Thread] DEBUG o.e.t.dto.projects.ProjectListCell - creating cell
2026-09-27 00:09:14.375 [JavaFX Application Thread] DEBUG o.e.t.dto.projects.ProjectListCell - loaded successfully
2026-09-27 00:09:14.383 [JavaFX Application Thread] DEBUG o.e.t.dto.projects.ProjectListCell - creating cell
2026-09-27 00:09:14.390 [JavaFX Application Thread] DEBUG o.e.t.dto.projects.ProjectListCell - loaded successfully
2026-09-27 00:09:14.394 [JavaFX Application Thread] DEBUG o.e.t.dto.projects.ProjectListCell - creating cell
2026-09-27 00:09:14.400 [JavaFX Application Thread] DEBUG o.e.t.dto.projects.ProjectListCell - loaded successfully
2026-09-27 00:09:14.402 [JavaFX Application Thread] DEBUG o.e.t.dto.projects.ProjectListCell - creating cell
2026-09-27 00:09:14.407 [JavaFX Application Thread] DEBUG o.e.t.dto.projects.ProjectListCell - loaded successfully
2026-09-27 00:09:14.409 [JavaFX Application Thread] DEBUG o.e.t.dto.projects.ProjectListCell - creating cell
2026-09-27 00:09:14.415 [JavaFX Application Thread] DEBUG o.e.t.dto.projects.ProjectListCell - loaded successfully
2026-09-27 00:09:14.416 [JavaFX Application Thread] DEBUG o.e.t.dto.projects.ProjectListCell - creating cell
2026-09-27 00:09:14.422 [JavaFX Application Thread] DEBUG o.e.t.dto.projects.ProjectListCell - loaded successfully
2026-09-27 00:09:14.423 [JavaFX Application Thread] DEBUG o.e.t.dto.projects.ProjectListCell - creating cell
2026-09-27 00:09:14.431 [JavaFX Application Thread] DEBUG o.e.t.dto.projects.ProjectListCell - loaded successfully
2026-09-27 00:09:14.433 [JavaFX Application Thread] DEBUG o.e.t.dto.projects.ProjectListCell - creating cell
2026-09-27 00:09:14.438 [JavaFX Application Thread] DEBUG o.e.t.dto.projects.ProjectListCell - loaded successfully
2026-09-27 00:09:14.440 [JavaFX Application Thread] DEBUG o.e.t.dto.projects.ProjectListCell - creating cell
2026-09-27 00:09:14.447 [JavaFX Application Thread] DEBUG o.e.t.dto.projects.ProjectListCell - loaded successfully
2026-09-27 00:09:14.449 [JavaFX Application Thread] DEBUG o.e.t.dto.projects.ProjectListCell - creating cell
2026-09-27 00:09:14.453 [JavaFX Application Thread] DEBUG o.e.t.dto.projects.ProjectListCell - loaded successfully
2026-09-27 00:09:14.455 [JavaFX Application Thread] DEBUG o.e.t.dto.projects.ProjectListCell - creating cell
2026-09-27 00:09:14.461 [JavaFX Application Thread] DEBUG o.e.t.dto.projects.ProjectListCell - loaded successfully
2026-09-27 00:09:15.756 [JavaFX Application Thread] DEBUG o.e.t.navigation.NavigationManager - Start async loading page: /org/example/taskschedulerdesktop/view/projects.fxml
2026-09-27 00:09:15.782 [Thread-12] DEBUG o.e.t.listeners.EventBus - SUBSCRIBE: ProjectChangedEvent -> 1784303814
2026-09-27 00:09:15.786 [Thread-13] DEBUG o.e.t.s.project.AsyncProjectService - createProjectLoader()
2026-09-27 00:09:15.786 [Thread-13] DEBUG o.e.t.s.project.AsyncProjectService - Project: org.example.taskschedulerdesktop.models.Project@70475926, number of tasks = 3
2026-09-27 00:09:15.786 [Thread-13] DEBUG o.e.t.s.project.ProjectCardService - createCard(org.example.taskschedulerdesktop.models.Project@70475926)
2026-09-27 00:09:15.787 [JavaFX Application Thread] DEBUG o.e.t.listeners.EventBus - FIRE: PageTitleChangedEvent (subscribers: 1)
2026-09-27 00:09:15.787 [JavaFX Application Thread] DEBUG o.e.t.navigation.NavigationManager - Page displayed successfully: /org/example/taskschedulerdesktop/view/projects.fxml
2026-09-27 00:09:15.796 [Thread-13] DEBUG o.e.t.c.p.ProjectCardController - ProjectCardController.initialize(), hashCode = 1108316794
2026-09-27 00:09:15.796 [Thread-13] DEBUG o.e.t.c.p.ProjectCardController - context = null
2026-09-27 00:09:15.798 [Thread-13] DEBUG o.e.t.c.p.ProjectCardController - ProjectCardController.setContext: org.example.taskschedulerdesktop.models.Project@70475926, hashCode = 1108316794
2026-09-27 00:09:15.798 [Thread-13] DEBUG o.e.t.c.p.ProjectCardController - class = org.example.taskschedulerdesktop.models.Project
2026-09-27 00:09:15.799 [Thread-13] DEBUG o.e.t.listeners.EventBus - SUBSCRIBE: TaskChangedEvent -> 1706649000
2026-09-27 00:09:15.799 [Thread-13] DEBUG o.e.t.s.project.ProjectCardService - createCard(org.example.taskschedulerdesktop.models.Project@dee011e)
2026-09-27 00:09:15.806 [Thread-13] DEBUG o.e.t.c.p.ProjectCardController - ProjectCardController.initialize(), hashCode = 1453224633
2026-09-27 00:09:15.807 [Thread-13] DEBUG o.e.t.c.p.ProjectCardController - context = null
2026-09-27 00:09:15.807 [Thread-13] DEBUG o.e.t.c.p.ProjectCardController - ProjectCardController.setContext: org.example.taskschedulerdesktop.models.Project@dee011e, hashCode = 1453224633
2026-09-27 00:09:15.807 [Thread-13] DEBUG o.e.t.c.p.ProjectCardController - class = org.example.taskschedulerdesktop.models.Project
2026-09-27 00:09:15.807 [Thread-13] DEBUG o.e.t.listeners.EventBus - SUBSCRIBE: TaskChangedEvent -> 2068876868
2026-09-27 00:09:15.807 [Thread-13] DEBUG o.e.t.s.project.ProjectCardService - createCard(org.example.taskschedulerdesktop.models.Project@19b6dd92)
2026-09-27 00:09:15.814 [Thread-13] DEBUG o.e.t.c.p.ProjectCardController - ProjectCardController.initialize(), hashCode = 2132952945
2026-09-27 00:09:15.815 [Thread-13] DEBUG o.e.t.c.p.ProjectCardController - context = null
2026-09-27 00:09:15.815 [Thread-13] DEBUG o.e.t.c.p.ProjectCardController - ProjectCardController.setContext: org.example.taskschedulerdesktop.models.Project@19b6dd92, hashCode = 2132952945
2026-09-27 00:09:15.815 [Thread-13] DEBUG o.e.t.c.p.ProjectCardController - class = org.example.taskschedulerdesktop.models.Project
2026-09-27 00:09:15.815 [Thread-13] DEBUG o.e.t.listeners.EventBus - SUBSCRIBE: TaskChangedEvent -> 1011776866
2026-09-27 00:09:15.815 [Thread-13] DEBUG o.e.t.s.project.ProjectCardService - createCard(org.example.taskschedulerdesktop.models.Project@33e748d4)
2026-09-27 00:09:15.823 [Thread-13] DEBUG o.e.t.c.p.ProjectCardController - ProjectCardController.initialize(), hashCode = 1995168223
2026-09-27 00:09:15.824 [Thread-13] DEBUG o.e.t.c.p.ProjectCardController - context = null
2026-09-27 00:09:15.824 [Thread-13] DEBUG o.e.t.c.p.ProjectCardController - ProjectCardController.setContext: org.example.taskschedulerdesktop.models.Project@33e748d4, hashCode = 1995168223
2026-09-27 00:09:15.824 [Thread-13] DEBUG o.e.t.c.p.ProjectCardController - class = org.example.taskschedulerdesktop.models.Project
2026-09-27 00:09:15.824 [Thread-13] DEBUG o.e.t.listeners.EventBus - SUBSCRIBE: TaskChangedEvent -> 506153593
2026-09-27 00:09:16.396 [JavaFX Application Thread] DEBUG o.e.t.c.p.ProjectCardController - Click on the card, context = org.example.taskschedulerdesktop.models.Project@70475926
2026-09-27 00:09:16.397 [JavaFX Application Thread] DEBUG o.e.t.navigation.NavigationManager - Start async loading page: /org/example/taskschedulerdesktop/view/project_details.fxml
2026-09-27 00:09:16.426 [Thread-6] DEBUG o.e.t.listeners.EventBus - SUBSCRIBE: TaskChangedEvent -> 168634313
2026-09-27 00:09:16.426 [Thread-6] DEBUG o.e.t.listeners.EventBus - SUBSCRIBE: ProjectChangedEvent -> 2106068392
2026-09-27 00:09:16.427 [JavaFX Application Thread] DEBUG o.e.t.c.p.ProjectDetailsController - setContext: org.example.taskschedulerdesktop.models.Project@70475926
2026-09-27 00:09:16.427 [JavaFX Application Thread] DEBUG o.e.t.c.p.ProjectDetailsController - class = org.example.taskschedulerdesktop.models.Project
2026-09-27 00:09:16.427 [JavaFX Application Thread] DEBUG o.e.t.c.p.ProjectDetailsController - updateUI: name=Редизайн портала, tasks=3, completed=0, percent=0
2026-09-27 00:09:16.429 [Thread-8] DEBUG o.e.t.r.task.H2TaskRepository - findViewsByProjectIdAndStatus(1, NEW)
2026-09-27 00:09:16.430 [Thread-10] DEBUG o.e.t.r.task.H2TaskRepository - findViewsByProjectIdAndStatus(1, COMPLETED)
2026-09-27 00:09:16.430 [Thread-7] DEBUG o.e.t.r.task.H2TaskRepository - findViewsByProjectIdAndStatus(1, UNDER_REVIEW)
2026-09-27 00:09:16.430 [Thread-9] DEBUG o.e.t.r.task.H2TaskRepository - findViewsByProjectIdAndStatus(1, IN_PROGRESS)
2026-09-27 00:09:16.434 [Thread-10] DEBUG o.e.t.r.task.H2TaskRepository - countByProjectNameAndStatus(1, IN_PROGRESS)
2026-09-27 00:09:16.435 [Thread-10] DEBUG o.e.t.r.task.H2TaskRepository - countByProjectNameAndStatus(1, UNDER_REVIEW)
2026-09-27 00:09:16.435 [Thread-10] DEBUG o.e.t.r.task.H2TaskRepository - countByProjectNameAndStatus(1, NEW)
2026-09-27 00:09:16.437 [Thread-10] DEBUG o.e.t.r.task.H2TaskRepository - countByProjectNameAndStatus(1, COMPLETED)
2026-09-27 00:09:16.437 [JavaFX Application Thread] DEBUG o.e.t.listeners.EventBus - FIRE: PageTitleChangedEvent (subscribers: 1)
2026-09-27 00:09:16.438 [JavaFX Application Thread] DEBUG o.e.t.navigation.NavigationManager - Page displayed successfully: /org/example/taskschedulerdesktop/view/project_details.fxml
2026-09-27 00:09:16.488 [JavaFX Application Thread] DEBUG o.e.t.c.p.ProjectDetailsController - updateUI: name=Редизайн портала, tasks=3, completed=0, percent=0
2026-09-27 00:10:18.271 [JavaFX Application Thread] DEBUG o.e.t.navigation.NavigationManager - Start async loading page: /org/example/taskschedulerdesktop/view/dashboard.fxml
2026-09-27 00:10:18.282 [Thread-12] DEBUG o.e.t.listeners.EventBus - SUBSCRIBE: TaskChangedEvent -> 1455347833
2026-09-27 00:10:18.283 [Thread-12] DEBUG o.e.t.c.review.DashboardController - loadProjects()
2026-09-27 00:10:18.283 [Thread-10] DEBUG o.e.t.r.task.H2TaskRepository - findAllViews()
2026-09-27 00:10:18.284 [JavaFX Application Thread] DEBUG o.e.t.c.review.DashboardController - Found 2 tasks, task status: COMPLETED
2026-09-27 00:10:18.284 [JavaFX Application Thread] DEBUG o.e.t.c.review.DashboardController - Found 2 tasks, task status: UNDER_REVIEW
2026-09-27 00:10:18.284 [Thread-10] DEBUG o.e.t.r.task.H2TaskRepository - Found 16 views
2026-09-27 00:10:18.284 [JavaFX Application Thread] DEBUG o.e.t.c.review.DashboardController - Found 2 tasks, task status: IN_PROGRESS
2026-09-27 00:10:18.284 [Thread-15] DEBUG o.e.t.s.project.AsyncProjectService - Found 4 projects
2026-09-27 00:10:18.284 [JavaFX Application Thread] DEBUG o.e.t.service.task.AsyncTaskService - onSucceeded returned: 16 tasks
2026-09-27 00:10:18.285 [JavaFX Application Thread] DEBUG o.e.t.c.review.DashboardController - Found 16 tasks
2026-09-27 00:10:18.285 [JavaFX Application Thread] DEBUG o.e.t.c.review.DashboardController - observableList size: 4
2026-09-27 00:10:18.285 [JavaFX Application Thread] DEBUG o.e.t.c.review.DashboardController - projectListView size : 4
2026-09-27 00:10:18.286 [Thread-12] DEBUG o.e.t.listeners.EventBus - SUBSCRIBE: TaskChangedEvent -> 276820397
2026-09-27 00:10:18.286 [Thread-9] DEBUG o.e.t.r.task.H2TaskRepository - findAllViews()
2026-09-27 00:10:18.287 [Thread-12] DEBUG o.e.t.c.review.DashboardController - Task table loaded successfully
2026-09-27 00:10:18.287 [JavaFX Application Thread] DEBUG o.e.t.c.p.ProjectDetailsController - ProjectDetailsController: shutdown()
2026-09-27 00:10:18.289 [JavaFX Application Thread] DEBUG o.e.t.listeners.EventBus - FIRE: PageTitleChangedEvent (subscribers: 1)
2026-09-27 00:10:18.289 [JavaFX Application Thread] DEBUG o.e.t.navigation.NavigationManager - Page displayed successfully: /org/example/taskschedulerdesktop/view/dashboard.fxml
2026-09-27 00:10:18.289 [Thread-9] DEBUG o.e.t.r.task.H2TaskRepository - Found 16 views
2026-09-27 00:10:18.289 [JavaFX Application Thread] DEBUG o.e.t.service.task.AsyncTaskService - onSucceeded returned: 16 tasks
2026-09-27 00:10:18.290 [JavaFX Application Thread] DEBUG o.e.t.c.tasks.TaskTableController - onSuccess: received 16 tasks
2026-09-27 00:10:18.290 [JavaFX Application Thread] DEBUG o.e.t.c.tasks.TaskTableController - onSuccess: first task: Настроить интеграцию с 1C
2026-09-27 00:10:18.290 [JavaFX Application Thread] DEBUG o.e.t.c.tasks.TaskTableController - Table has: 16 tasks
2026-09-27 00:10:18.315 [JavaFX Application Thread] DEBUG o.e.t.dto.projects.ProjectListCell - creating cell
2026-09-27 00:10:18.319 [JavaFX Application Thread] DEBUG o.e.t.dto.projects.ProjectListCell - loaded successfully
2026-09-27 00:10:18.349 [JavaFX Application Thread] DEBUG o.e.t.dto.projects.ProjectListCell - creating cell
2026-09-27 00:10:18.353 [JavaFX Application Thread] DEBUG o.e.t.dto.projects.ProjectListCell - loaded successfully
2026-09-27 00:10:18.356 [JavaFX Application Thread] DEBUG o.e.t.dto.projects.ProjectListCell - creating cell
2026-09-27 00:10:18.360 [JavaFX Application Thread] DEBUG o.e.t.dto.projects.ProjectListCell - loaded successfully
2026-09-27 00:10:18.363 [JavaFX Application Thread] DEBUG o.e.t.dto.projects.ProjectListCell - creating cell
2026-09-27 00:10:18.366 [JavaFX Application Thread] DEBUG o.e.t.dto.projects.ProjectListCell - loaded successfully
2026-09-27 00:10:18.369 [JavaFX Application Thread] DEBUG o.e.t.dto.projects.ProjectListCell - creating cell
2026-09-27 00:10:18.373 [JavaFX Application Thread] DEBUG o.e.t.dto.projects.ProjectListCell - loaded successfully
2026-09-27 00:10:18.377 [JavaFX Application Thread] DEBUG o.e.t.dto.projects.ProjectListCell - creating cell
2026-09-27 00:10:18.381 [JavaFX Application Thread] DEBUG o.e.t.dto.projects.ProjectListCell - loaded successfully
2026-09-27 00:10:18.382 [JavaFX Application Thread] DEBUG o.e.t.dto.projects.ProjectListCell - creating cell
2026-09-27 00:10:18.386 [JavaFX Application Thread] DEBUG o.e.t.dto.projects.ProjectListCell - loaded successfully
2026-09-27 00:10:18.387 [JavaFX Application Thread] DEBUG o.e.t.dto.projects.ProjectListCell - creating cell
2026-09-27 00:10:18.392 [JavaFX Application Thread] DEBUG o.e.t.dto.projects.ProjectListCell - loaded successfully
2026-09-27 00:10:18.393 [JavaFX Application Thread] DEBUG o.e.t.dto.projects.ProjectListCell - creating cell
2026-09-27 00:10:18.397 [JavaFX Application Thread] DEBUG o.e.t.dto.projects.ProjectListCell - loaded successfully
2026-09-27 00:10:18.398 [JavaFX Application Thread] DEBUG o.e.t.dto.projects.ProjectListCell - creating cell
2026-09-27 00:10:18.402 [JavaFX Application Thread] DEBUG o.e.t.dto.projects.ProjectListCell - loaded successfully
2026-09-27 00:10:18.403 [JavaFX Application Thread] DEBUG o.e.t.dto.projects.ProjectListCell - creating cell
2026-09-27 00:10:18.407 [JavaFX Application Thread] DEBUG o.e.t.dto.projects.ProjectListCell - loaded successfully
2026-09-27 00:10:18.408 [JavaFX Application Thread] DEBUG o.e.t.dto.projects.ProjectListCell - creating cell
2026-09-27 00:10:18.412 [JavaFX Application Thread] DEBUG o.e.t.dto.projects.ProjectListCell - loaded successfully
2026-09-27 00:10:18.413 [JavaFX Application Thread] DEBUG o.e.t.dto.projects.ProjectListCell - creating cell
2026-09-27 00:10:18.418 [JavaFX Application Thread] DEBUG o.e.t.dto.projects.ProjectListCell - loaded successfully
2026-09-27 00:10:18.420 [JavaFX Application Thread] DEBUG o.e.t.dto.projects.ProjectListCell - creating cell
2026-09-27 00:10:18.424 [JavaFX Application Thread] DEBUG o.e.t.dto.projects.ProjectListCell - loaded successfully
2026-09-27 00:11:27.388 [JavaFX Application Thread] DEBUG o.e.t.navigation.NavigationManager - Start async loading page: /org/example/taskschedulerdesktop/view/tasks.fxml
2026-09-27 00:11:27.423 [Thread-6] DEBUG o.e.t.listeners.EventBus - SUBSCRIBE: TaskChangedEvent -> 806012370
2026-09-27 00:11:27.423 [Thread-8] DEBUG o.e.t.r.task.H2TaskRepository - findAllViews()
2026-09-27 00:11:27.423 [Thread-6] DEBUG o.e.t.c.tasks.TasksController - Task table loaded successfully
2026-09-27 00:11:27.426 [Thread-8] DEBUG o.e.t.r.task.H2TaskRepository - Found 16 views
2026-09-27 00:11:27.428 [JavaFX Application Thread] DEBUG o.e.t.listeners.EventBus - FIRE: PageTitleChangedEvent (subscribers: 1)
2026-09-27 00:11:27.428 [JavaFX Application Thread] DEBUG o.e.t.navigation.NavigationManager - Page displayed successfully: /org/example/taskschedulerdesktop/view/tasks.fxml
2026-09-27 00:11:27.428 [JavaFX Application Thread] DEBUG o.e.t.service.task.AsyncTaskService - onSucceeded returned: 16 tasks
2026-09-27 00:11:27.428 [JavaFX Application Thread] DEBUG o.e.t.c.tasks.TaskTableController - onSuccess: received 16 tasks
2026-09-27 00:11:27.428 [JavaFX Application Thread] DEBUG o.e.t.c.tasks.TaskTableController - onSuccess: first task: Настроить интеграцию с 1C
2026-09-27 00:11:27.428 [JavaFX Application Thread] DEBUG o.e.t.c.tasks.TaskTableController - Table has: 16 tasks
2026-09-27 00:29:55.110 [JavaFX-Launcher] INFO  o.e.t.TaskSchedulerApplication - Name: 'Inter 18pt Regular'
2026-09-27 00:29:55.111 [JavaFX-Launcher] INFO  o.e.t.TaskSchedulerApplication - Family: 'Inter 18pt'
2026-09-27 00:29:55.111 [JavaFX-Launcher] INFO  o.e.t.TaskSchedulerApplication - Style: 'Regular'
2026-09-27 00:29:55.111 [JavaFX-Launcher] DEBUG o.e.t.TaskSchedulerApplication - Font loaded: /org/example/taskschedulerdesktop/fonts/Inter_18pt-Regular.ttf → 'Inter 18pt'
2026-09-27 00:29:55.123 [JavaFX-Launcher] INFO  o.e.t.TaskSchedulerApplication - Name: 'Inter 18pt Medium'
2026-09-27 00:29:55.123 [JavaFX-Launcher] INFO  o.e.t.TaskSchedulerApplication - Family: 'Inter 18pt Medium'
2026-09-27 00:29:55.123 [JavaFX-Launcher] INFO  o.e.t.TaskSchedulerApplication - Style: 'Regular'
2026-09-27 00:29:55.123 [JavaFX-Launcher] DEBUG o.e.t.TaskSchedulerApplication - Font loaded: /org/example/taskschedulerdesktop/fonts/Inter_18pt-Medium.ttf → 'Inter 18pt Medium'
2026-09-27 00:29:55.135 [JavaFX-Launcher] INFO  o.e.t.TaskSchedulerApplication - Name: 'Inter 18pt SemiBold'
2026-09-27 00:29:55.136 [JavaFX-Launcher] INFO  o.e.t.TaskSchedulerApplication - Family: 'Inter 18pt SemiBold'
2026-09-27 00:29:55.136 [JavaFX-Launcher] INFO  o.e.t.TaskSchedulerApplication - Style: 'Regular'
2026-09-27 00:29:55.136 [JavaFX-Launcher] DEBUG o.e.t.TaskSchedulerApplication - Font loaded: /org/example/taskschedulerdesktop/fonts/Inter_18pt-SemiBold.ttf → 'Inter 18pt SemiBold'
2026-09-27 00:29:55.145 [JavaFX-Launcher] INFO  o.e.t.TaskSchedulerApplication - Name: 'Lora Regular'
2026-09-27 00:29:55.146 [JavaFX-Launcher] INFO  o.e.t.TaskSchedulerApplication - Family: 'Lora'
2026-09-27 00:29:55.146 [JavaFX-Launcher] INFO  o.e.t.TaskSchedulerApplication - Style: 'Regular'
2026-09-27 00:29:55.146 [JavaFX-Launcher] DEBUG o.e.t.TaskSchedulerApplication - Font loaded: /org/example/taskschedulerdesktop/fonts/Lora-Regular.ttf → 'Lora'
2026-09-27 00:29:55.157 [JavaFX-Launcher] INFO  o.e.t.TaskSchedulerApplication - Name: 'JetBrains Mono Regular'
2026-09-27 00:29:55.158 [JavaFX-Launcher] INFO  o.e.t.TaskSchedulerApplication - Family: 'JetBrains Mono'
2026-09-27 00:29:55.158 [JavaFX-Launcher] INFO  o.e.t.TaskSchedulerApplication - Style: 'Regular'
2026-09-27 00:29:55.158 [JavaFX-Launcher] DEBUG o.e.t.TaskSchedulerApplication - Font loaded: /org/example/taskschedulerdesktop/fonts/JetBrainsMono-Regular.ttf → 'JetBrains Mono'
2026-09-27 00:29:55.467 [JavaFX Application Thread] DEBUG o.e.t.database.DatabaseConnection - H2 TCP-server started on the port:9092 successful
2026-09-27 00:29:55.480 [JavaFX Application Thread] DEBUG o.e.t.r.task.H2TaskRepository - createTableIfNotExists()
2026-09-27 00:29:55.490 [JavaFX Application Thread] DEBUG o.e.t.r.task.H2TaskRepository - createIndexes()
2026-09-27 00:29:55.559 [JavaFX Application Thread] DEBUG o.e.t.s.project.ProjectServiceImpl - ProjectServiceImpl created
2026-09-27 00:29:55.560 [JavaFX Application Thread] DEBUG o.e.t.listeners.EventBus - SUBSCRIBE: TaskChangedEvent -> 1188413939
2026-09-27 00:29:55.560 [JavaFX Application Thread] DEBUG o.e.t.s.project.ProjectServiceImpl - Subscribe on TaskChangedEvent completed
2026-09-27 00:29:55.753 [JavaFX Application Thread] DEBUG o.e.t.listeners.EventBus - SUBSCRIBE: PageTitleChangedEvent -> 267025490
2026-09-27 00:29:55.768 [JavaFX Application Thread] DEBUG o.e.t.navigation.NavigationManager - Start async loading page: /org/example/taskschedulerdesktop/view/dashboard.fxml
2026-09-27 00:29:55.852 [Thread-6] DEBUG o.e.t.listeners.EventBus - SUBSCRIBE: TaskChangedEvent -> 953654863
2026-09-27 00:29:55.854 [Thread-7] DEBUG o.e.t.r.task.H2TaskRepository - findAllViews()
2026-09-27 00:29:55.856 [JavaFX Application Thread] DEBUG o.e.t.TaskSchedulerApplication - CSS: /org/example/taskschedulerdesktop/styles/style.css
2026-09-27 00:29:55.856 [Thread-6] DEBUG o.e.t.c.review.DashboardController - loadProjects()
2026-09-27 00:29:55.857 [JavaFX Application Thread] DEBUG o.e.t.TaskSchedulerApplication - CSS: /org/example/taskschedulerdesktop/styles/base.css
2026-09-27 00:29:55.857 [JavaFX Application Thread] DEBUG o.e.t.TaskSchedulerApplication - CSS: /org/example/taskschedulerdesktop/styles/row_task_table.css
2026-09-27 00:29:55.857 [JavaFX Application Thread] DEBUG o.e.t.TaskSchedulerApplication - CSS: /org/example/taskschedulerdesktop/styles/task_table_view.css
2026-09-27 00:29:55.861 [Thread-11] DEBUG o.e.t.s.project.AsyncProjectService - Found 4 projects
2026-09-27 00:29:55.866 [Thread-7] DEBUG o.e.t.r.task.H2TaskRepository - Found 16 views
2026-09-27 00:29:55.898 [Thread-8] DEBUG o.e.t.r.task.H2TaskRepository - findAllViews()
2026-09-27 00:29:55.898 [Thread-6] DEBUG o.e.t.listeners.EventBus - SUBSCRIBE: TaskChangedEvent -> 1137137683
2026-09-27 00:29:55.898 [Thread-6] DEBUG o.e.t.c.review.DashboardController - Task table loaded successfully
2026-09-27 00:29:55.900 [Thread-8] DEBUG o.e.t.r.task.H2TaskRepository - Found 16 views
2026-09-27 00:29:56.170 [JavaFX Application Thread] DEBUG o.e.t.c.review.DashboardController - Found 2 tasks, task status: IN_PROGRESS
2026-09-27 00:29:56.171 [JavaFX Application Thread] DEBUG o.e.t.c.review.DashboardController - observableList size: 4
2026-09-27 00:29:56.171 [JavaFX Application Thread] DEBUG o.e.t.c.review.DashboardController - projectListView size : 4
2026-09-27 00:29:56.172 [JavaFX Application Thread] DEBUG o.e.t.c.review.DashboardController - Found 2 tasks, task status: COMPLETED
2026-09-27 00:29:56.174 [JavaFX Application Thread] DEBUG o.e.t.c.review.DashboardController - Found 2 tasks, task status: UNDER_REVIEW
2026-09-27 00:29:56.185 [JavaFX Application Thread] DEBUG o.e.t.service.task.AsyncTaskService - onSucceeded returned: 16 tasks
2026-09-27 00:29:56.185 [JavaFX Application Thread] DEBUG o.e.t.c.review.DashboardController - Found 16 tasks
2026-09-27 00:29:56.188 [JavaFX Application Thread] DEBUG o.e.t.listeners.EventBus - FIRE: PageTitleChangedEvent (subscribers: 1)
2026-09-27 00:29:56.189 [JavaFX Application Thread] DEBUG o.e.t.navigation.NavigationManager - Page displayed successfully: /org/example/taskschedulerdesktop/view/dashboard.fxml
2026-09-27 00:29:56.189 [JavaFX Application Thread] DEBUG o.e.t.service.task.AsyncTaskService - onSucceeded returned: 16 tasks
2026-09-27 00:29:56.189 [JavaFX Application Thread] DEBUG o.e.t.c.tasks.TaskTableController - onSuccess: received 16 tasks
2026-09-27 00:29:56.189 [JavaFX Application Thread] DEBUG o.e.t.c.tasks.TaskTableController - onSuccess: first task: Настроить интеграцию с 1C
2026-09-27 00:29:56.190 [JavaFX Application Thread] DEBUG o.e.t.c.tasks.TaskTableController - Table has: 16 tasks
2026-09-27 00:29:56.296 [JavaFX Application Thread] DEBUG o.e.t.dto.projects.ProjectListCell - creating cell
2026-09-27 00:29:56.312 [JavaFX Application Thread] DEBUG o.e.t.dto.projects.ProjectListCell - loaded successfully
2026-09-27 00:29:56.542 [JavaFX Application Thread] DEBUG o.e.t.dto.projects.ProjectListCell - creating cell
2026-09-27 00:29:56.551 [JavaFX Application Thread] DEBUG o.e.t.dto.projects.ProjectListCell - loaded successfully
2026-09-27 00:29:56.558 [JavaFX Application Thread] DEBUG o.e.t.dto.projects.ProjectListCell - creating cell
2026-09-27 00:29:56.566 [JavaFX Application Thread] DEBUG o.e.t.dto.projects.ProjectListCell - loaded successfully
2026-09-27 00:29:56.573 [JavaFX Application Thread] DEBUG o.e.t.dto.projects.ProjectListCell - creating cell
2026-09-27 00:29:56.578 [JavaFX Application Thread] DEBUG o.e.t.dto.projects.ProjectListCell - loaded successfully
2026-09-27 00:29:56.585 [JavaFX Application Thread] DEBUG o.e.t.dto.projects.ProjectListCell - creating cell
2026-09-27 00:29:56.592 [JavaFX Application Thread] DEBUG o.e.t.dto.projects.ProjectListCell - loaded successfully
2026-09-27 00:29:56.600 [JavaFX Application Thread] DEBUG o.e.t.dto.projects.ProjectListCell - creating cell
2026-09-27 00:29:56.606 [JavaFX Application Thread] DEBUG o.e.t.dto.projects.ProjectListCell - loaded successfully
2026-09-27 00:29:56.607 [JavaFX Application Thread] DEBUG o.e.t.dto.projects.ProjectListCell - creating cell
2026-09-27 00:29:56.613 [JavaFX Application Thread] DEBUG o.e.t.dto.projects.ProjectListCell - loaded successfully
2026-09-27 00:29:56.615 [JavaFX Application Thread] DEBUG o.e.t.dto.projects.ProjectListCell - creating cell
2026-09-27 00:29:56.621 [JavaFX Application Thread] DEBUG o.e.t.dto.projects.ProjectListCell - loaded successfully
2026-09-27 00:29:56.622 [JavaFX Application Thread] DEBUG o.e.t.dto.projects.ProjectListCell - creating cell
2026-09-27 00:29:56.628 [JavaFX Application Thread] DEBUG o.e.t.dto.projects.ProjectListCell - loaded successfully
2026-09-27 00:29:56.629 [JavaFX Application Thread] DEBUG o.e.t.dto.projects.ProjectListCell - creating cell
2026-09-27 00:29:56.636 [JavaFX Application Thread] DEBUG o.e.t.dto.projects.ProjectListCell - loaded successfully
2026-09-27 00:29:56.637 [JavaFX Application Thread] DEBUG o.e.t.dto.projects.ProjectListCell - creating cell
2026-09-27 00:29:56.643 [JavaFX Application Thread] DEBUG o.e.t.dto.projects.ProjectListCell - loaded successfully
2026-09-27 00:29:56.645 [JavaFX Application Thread] DEBUG o.e.t.dto.projects.ProjectListCell - creating cell
2026-09-27 00:29:56.651 [JavaFX Application Thread] DEBUG o.e.t.dto.projects.ProjectListCell - loaded successfully
2026-09-27 00:29:56.652 [JavaFX Application Thread] DEBUG o.e.t.dto.projects.ProjectListCell - creating cell
2026-09-27 00:29:56.656 [JavaFX Application Thread] DEBUG o.e.t.dto.projects.ProjectListCell - loaded successfully
2026-09-27 00:29:56.657 [JavaFX Application Thread] DEBUG o.e.t.dto.projects.ProjectListCell - creating cell
2026-09-27 00:29:56.663 [JavaFX Application Thread] DEBUG o.e.t.dto.projects.ProjectListCell - loaded successfully
2026-09-27 00:29:58.640 [JavaFX Application Thread] DEBUG o.e.t.navigation.NavigationManager - Start async loading page: /org/example/taskschedulerdesktop/view/projects.fxml
2026-09-27 00:29:58.680 [Thread-12] DEBUG o.e.t.listeners.EventBus - SUBSCRIBE: ProjectChangedEvent -> 473213450
2026-09-27 00:29:58.683 [Thread-13] DEBUG o.e.t.s.project.AsyncProjectService - createProjectLoader()
2026-09-27 00:29:58.685 [Thread-13] DEBUG o.e.t.s.project.AsyncProjectService - Project: org.example.taskschedulerdesktop.models.Project@254a2bdd, number of tasks = 3
2026-09-27 00:29:58.685 [JavaFX Application Thread] DEBUG o.e.t.listeners.EventBus - FIRE: PageTitleChangedEvent (subscribers: 1)
2026-09-27 00:29:58.685 [Thread-13] DEBUG o.e.t.s.project.ProjectCardService - createCard(org.example.taskschedulerdesktop.models.Project@254a2bdd)
2026-09-27 00:29:58.685 [JavaFX Application Thread] DEBUG o.e.t.navigation.NavigationManager - Page displayed successfully: /org/example/taskschedulerdesktop/view/projects.fxml
2026-09-27 00:29:58.697 [Thread-13] DEBUG o.e.t.c.p.ProjectCardController - ProjectCardController.initialize(), hashCode = 992644944
2026-09-27 00:29:58.697 [Thread-13] DEBUG o.e.t.c.p.ProjectCardController - context = null
2026-09-27 00:29:58.698 [Thread-13] DEBUG o.e.t.c.p.ProjectCardController - ProjectCardController.setContext: org.example.taskschedulerdesktop.models.Project@254a2bdd, hashCode = 992644944
2026-09-27 00:29:58.698 [Thread-13] DEBUG o.e.t.c.p.ProjectCardController - class = org.example.taskschedulerdesktop.models.Project
2026-09-27 00:29:58.698 [Thread-13] DEBUG o.e.t.listeners.EventBus - SUBSCRIBE: TaskChangedEvent -> 266248480
2026-09-27 00:29:58.698 [Thread-13] DEBUG o.e.t.s.project.ProjectCardService - createCard(org.example.taskschedulerdesktop.models.Project@530b0442)
2026-09-27 00:29:58.707 [Thread-13] DEBUG o.e.t.c.p.ProjectCardController - ProjectCardController.initialize(), hashCode = 2123809775
2026-09-27 00:29:58.707 [Thread-13] DEBUG o.e.t.c.p.ProjectCardController - context = null
2026-09-27 00:29:58.707 [Thread-13] DEBUG o.e.t.c.p.ProjectCardController - ProjectCardController.setContext: org.example.taskschedulerdesktop.models.Project@530b0442, hashCode = 2123809775
2026-09-27 00:29:58.708 [Thread-13] DEBUG o.e.t.c.p.ProjectCardController - class = org.example.taskschedulerdesktop.models.Project
2026-09-27 00:29:58.708 [Thread-13] DEBUG o.e.t.listeners.EventBus - SUBSCRIBE: TaskChangedEvent -> 1724180222
2026-09-27 00:29:58.708 [Thread-13] DEBUG o.e.t.s.project.ProjectCardService - createCard(org.example.taskschedulerdesktop.models.Project@4f2d02b5)
2026-09-27 00:29:58.715 [Thread-13] DEBUG o.e.t.c.p.ProjectCardController - ProjectCardController.initialize(), hashCode = 1737203793
2026-09-27 00:29:58.716 [Thread-13] DEBUG o.e.t.c.p.ProjectCardController - context = null
2026-09-27 00:29:58.716 [Thread-13] DEBUG o.e.t.c.p.ProjectCardController - ProjectCardController.setContext: org.example.taskschedulerdesktop.models.Project@4f2d02b5, hashCode = 1737203793
2026-09-27 00:29:58.716 [Thread-13] DEBUG o.e.t.c.p.ProjectCardController - class = org.example.taskschedulerdesktop.models.Project
2026-09-27 00:29:58.716 [Thread-13] DEBUG o.e.t.listeners.EventBus - SUBSCRIBE: TaskChangedEvent -> 60100221
2026-09-27 00:29:58.716 [Thread-13] DEBUG o.e.t.s.project.ProjectCardService - createCard(org.example.taskschedulerdesktop.models.Project@6327cc47)
2026-09-27 00:29:58.723 [Thread-13] DEBUG o.e.t.c.p.ProjectCardController - ProjectCardController.initialize(), hashCode = 206468432
2026-09-27 00:29:58.723 [Thread-13] DEBUG o.e.t.c.p.ProjectCardController - context = null
2026-09-27 00:29:58.723 [Thread-13] DEBUG o.e.t.c.p.ProjectCardController - ProjectCardController.setContext: org.example.taskschedulerdesktop.models.Project@6327cc47, hashCode = 206468432
2026-09-27 00:29:58.723 [Thread-13] DEBUG o.e.t.c.p.ProjectCardController - class = org.example.taskschedulerdesktop.models.Project
2026-09-27 00:29:58.724 [Thread-13] DEBUG o.e.t.listeners.EventBus - SUBSCRIBE: TaskChangedEvent -> 897667182
2026-09-27 00:29:59.650 [JavaFX Application Thread] DEBUG o.e.t.c.p.ProjectCardController - Click on the card, context = org.example.taskschedulerdesktop.models.Project@254a2bdd
2026-09-27 00:29:59.650 [JavaFX Application Thread] DEBUG o.e.t.navigation.NavigationManager - Start async loading page: /org/example/taskschedulerdesktop/view/project_details.fxml
2026-09-27 00:29:59.683 [Thread-6] DEBUG o.e.t.listeners.EventBus - SUBSCRIBE: TaskChangedEvent -> 1089755570
2026-09-27 00:29:59.683 [Thread-6] DEBUG o.e.t.listeners.EventBus - SUBSCRIBE: ProjectChangedEvent -> 332506343
2026-09-27 00:29:59.683 [JavaFX Application Thread] DEBUG o.e.t.c.p.ProjectDetailsController - setContext: org.example.taskschedulerdesktop.models.Project@254a2bdd
2026-09-27 00:29:59.684 [JavaFX Application Thread] DEBUG o.e.t.c.p.ProjectDetailsController - class = org.example.taskschedulerdesktop.models.Project
2026-09-27 00:29:59.684 [JavaFX Application Thread] DEBUG o.e.t.c.p.ProjectDetailsController - updateUI: name=Редизайн портала, tasks=3, completed=0, percent=0
2026-09-27 00:29:59.692 [Thread-10] DEBUG o.e.t.r.task.H2TaskRepository - findViewsByProjectIdAndStatus(1, NEW)
2026-09-27 00:29:59.693 [Thread-8] DEBUG o.e.t.r.task.H2TaskRepository - findViewsByProjectIdAndStatus(1, COMPLETED)
2026-09-27 00:29:59.693 [Thread-7] DEBUG o.e.t.r.task.H2TaskRepository - findViewsByProjectIdAndStatus(1, UNDER_REVIEW)
2026-09-27 00:29:59.693 [Thread-9] DEBUG o.e.t.r.task.H2TaskRepository - findViewsByProjectIdAndStatus(1, IN_PROGRESS)
2026-09-27 00:29:59.696 [Thread-8] DEBUG o.e.t.r.task.H2TaskRepository - countByProjectNameAndStatus(1, IN_PROGRESS)
2026-09-27 00:29:59.697 [Thread-8] DEBUG o.e.t.r.task.H2TaskRepository - countByProjectNameAndStatus(1, UNDER_REVIEW)
2026-09-27 00:29:59.698 [Thread-8] DEBUG o.e.t.r.task.H2TaskRepository - countByProjectNameAndStatus(1, NEW)
2026-09-27 00:29:59.699 [Thread-8] DEBUG o.e.t.r.task.H2TaskRepository - countByProjectNameAndStatus(1, COMPLETED)
2026-09-27 00:29:59.700 [JavaFX Application Thread] DEBUG o.e.t.listeners.EventBus - FIRE: PageTitleChangedEvent (subscribers: 1)
2026-09-27 00:29:59.700 [JavaFX Application Thread] DEBUG o.e.t.navigation.NavigationManager - Page displayed successfully: /org/example/taskschedulerdesktop/view/project_details.fxml
2026-09-27 00:29:59.700 [Thread-8] DEBUG o.e.t.r.task.H2TaskRepository - countByProjectNameAndPriority(1, HIGH)
2026-09-27 00:29:59.701 [Thread-8] DEBUG o.e.t.r.task.H2TaskRepository - countByProjectNameAndPriority(1, MIDDLE)
2026-09-27 00:29:59.702 [Thread-8] DEBUG o.e.t.r.task.H2TaskRepository - countByProjectNameAndPriority(1, LOW)
2026-09-27 00:29:59.745 [JavaFX Application Thread] DEBUG o.e.t.c.p.ProjectDetailsController - updateUI: name=Редизайн портала, tasks=3, completed=0, percent=0
2026-09-27 00:30:11.755 [JavaFX Application Thread] DEBUG o.e.t.navigation.NavigationManager - openRightSidebar: path=/org/example/taskschedulerdesktop/view/task_details.fxml, context=org.example.taskschedulerdesktop.dto.tasks.TaskView@fe896ec
2026-09-27 00:30:11.792 [JavaFX Application Thread] INFO  o.e.t.c.tasks.TaskDetailsController - initialize()
2026-09-27 00:30:11.793 [JavaFX Application Thread] DEBUG o.e.t.navigation.NavigationManager - sidebarController found, calling setContext()
2026-09-27 00:30:11.794 [JavaFX Application Thread] INFO  o.e.t.c.tasks.TaskDetailsController - setContext()
2026-09-27 00:30:11.794 [JavaFX Application Thread] DEBUG o.e.t.c.tasks.TaskDetailsController - context = org.example.taskschedulerdesktop.dto.tasks.TaskView@fe896ec
2026-09-27 00:30:11.794 [JavaFX Application Thread] INFO  o.e.t.c.tasks.TaskDetailsController - context saved: Утвердить макеты главной страницы
2026-09-27 00:30:11.794 [JavaFX Application Thread] DEBUG o.e.t.c.tasks.TaskDetailsController - updateUI()
2026-09-27 00:30:11.794 [JavaFX Application Thread] DEBUG o.e.t.c.tasks.TaskDetailsController - projectName: 1
2026-09-27 00:30:11.794 [JavaFX Application Thread] DEBUG o.e.t.c.tasks.TaskDetailsController - taskName: Утвердить макеты главной страницы
2026-09-27 00:30:11.794 [JavaFX Application Thread] DEBUG o.e.t.c.tasks.TaskDetailsController - status: UNDER_REVIEW
2026-09-27 00:30:11.794 [JavaFX Application Thread] DEBUG o.e.t.c.tasks.TaskDetailsController - priority: Низкий
2026-09-27 00:30:11.798 [JavaFX Application Thread] INFO  o.e.t.c.tasks.TaskDetailsController - UI updated
2026-09-27 00:30:11.798 [JavaFX Application Thread] DEBUG o.e.t.c.tasks.TaskDetailsController - updateUI()
2026-09-27 00:30:11.798 [JavaFX Application Thread] DEBUG o.e.t.c.tasks.TaskDetailsController - projectName: 1
2026-09-27 00:30:11.798 [JavaFX Application Thread] DEBUG o.e.t.c.tasks.TaskDetailsController - taskName: Утвердить макеты главной страницы
2026-09-27 00:30:11.798 [JavaFX Application Thread] DEBUG o.e.t.c.tasks.TaskDetailsController - status: UNDER_REVIEW
2026-09-27 00:30:11.798 [JavaFX Application Thread] DEBUG o.e.t.c.tasks.TaskDetailsController - priority: Низкий
2026-09-27 00:30:11.798 [JavaFX Application Thread] INFO  o.e.t.c.tasks.TaskDetailsController - UI updated
2026-09-27 00:30:14.068 [JavaFX Application Thread] DEBUG o.e.t.c.tasks.TaskDetailsController - Click on edit button
2026-09-27 00:30:19.712 [JavaFX Application Thread] DEBUG o.e.t.navigation.NavigationManager - Toast is displayed: Дедлайн истек! Выберете корректную дату!
2026-09-27 00:30:28.657 [Thread-8] DEBUG o.e.t.r.task.H2TaskRepository - update(org.example.taskschedulerdesktop.models.Task@531dd320)
2026-09-27 00:30:28.661 [Thread-8] DEBUG o.e.t.r.task.H2TaskRepository - Task updated: id = 10
2026-09-27 00:30:28.662 [JavaFX Application Thread] DEBUG o.e.t.listeners.EventBus - FIRE: TaskChangedEvent (subscribers: 7)
2026-09-27 00:30:28.662 [JavaFX Application Thread] DEBUG o.e.t.s.project.ProjectServiceImpl - TaskChangedEvent received: projectId=1
2026-09-27 00:30:28.663 [JavaFX Application Thread] DEBUG o.e.t.s.project.ProjectServiceImpl - Project found: Редизайн портала
2026-09-27 00:30:28.664 [JavaFX Application Thread] DEBUG o.e.t.s.project.ProjectServiceImpl - update(org.example.taskschedulerdesktop.models.Project@6510486e)
2026-09-27 00:30:28.664 [JavaFX Application Thread] DEBUG o.e.t.r.task.H2TaskRepository - countByProjectName(1)
2026-09-27 00:30:28.664 [JavaFX Application Thread] DEBUG o.e.t.r.task.H2TaskRepository - countTasksByProjectName: 3
2026-09-27 00:30:28.664 [JavaFX Application Thread] DEBUG o.e.t.r.task.H2TaskRepository - countByProjectNameAndStatus(1, COMPLETED)
2026-09-27 00:30:28.665 [JavaFX Application Thread] DEBUG o.e.t.s.project.ProjectServiceImpl - Project: Редизайн портала, numberOfTasks = 3, completedTasks = 0
2026-09-27 00:30:28.665 [JavaFX Application Thread] DEBUG o.e.t.r.project.H2ProjectRepository - UPDATE project: id=1, numberOfTasks=3, completedTasks=0
2026-09-27 00:30:28.666 [JavaFX Application Thread] DEBUG o.e.t.r.project.H2ProjectRepository - Project updated in DB: Редизайн портала
2026-09-27 00:30:28.666 [JavaFX Application Thread] DEBUG o.e.t.s.project.ProjectServiceImpl - Project updated: Редизайн портала
2026-09-27 00:30:28.667 [JavaFX Application Thread] DEBUG o.e.t.c.p.ProjectCardController - TaskChangedEvent received: projectId=1
2026-09-27 00:30:28.667 [JavaFX Application Thread] DEBUG o.e.t.c.p.ProjectCardController - refreshCard(), context = org.example.taskschedulerdesktop.models.Project@254a2bdd
2026-09-27 00:30:28.667 [Thread-7] DEBUG o.e.t.r.task.H2TaskRepository - findAllViews()
2026-09-27 00:30:28.667 [JavaFX Application Thread] DEBUG o.e.t.c.p.ProjectCardController - context.getId() = 1
2026-09-27 00:30:28.668 [JavaFX Application Thread] DEBUG o.e.t.c.p.ProjectCardController - TaskChangedEvent received: projectId=1
2026-09-27 00:30:28.668 [JavaFX Application Thread] DEBUG o.e.t.c.p.ProjectCardController - The event is not suitable
2026-09-27 00:30:28.668 [JavaFX Application Thread] DEBUG o.e.t.c.p.ProjectCardController - TaskChangedEvent received: projectId=1
2026-09-27 00:30:28.668 [JavaFX Application Thread] DEBUG o.e.t.c.p.ProjectCardController - The event is not suitable
2026-09-27 00:30:28.668 [JavaFX Application Thread] DEBUG o.e.t.c.p.ProjectCardController - TaskChangedEvent received: projectId=1
2026-09-27 00:30:28.668 [JavaFX Application Thread] DEBUG o.e.t.c.p.ProjectCardController - The event is not suitable
2026-09-27 00:30:28.668 [JavaFX Application Thread] DEBUG o.e.t.c.p.ProjectDetailsController - ProjectDetailsController: TaskChangedEvent received: projectId=1
2026-09-27 00:30:28.669 [Thread-7] DEBUG o.e.t.r.task.H2TaskRepository - Found 16 views
2026-09-27 00:30:28.669 [Thread-9] DEBUG o.e.t.r.task.H2TaskRepository - findViewsByProjectIdAndStatus(1, NEW)
2026-09-27 00:30:28.669 [Thread-10] DEBUG o.e.t.r.task.H2TaskRepository - findViewsByProjectIdAndStatus(1, IN_PROGRESS)
2026-09-27 00:30:28.669 [Thread-8] DEBUG o.e.t.r.task.H2TaskRepository - findViewsByProjectIdAndStatus(1, UNDER_REVIEW)
2026-09-27 00:30:28.670 [Thread-7] DEBUG o.e.t.r.task.H2TaskRepository - findViewsByProjectIdAndStatus(1, COMPLETED)
2026-09-27 00:30:28.670 [Thread-7] DEBUG o.e.t.r.task.H2TaskRepository - countByProjectNameAndStatus(1, IN_PROGRESS)
2026-09-27 00:30:28.670 [Thread-7] DEBUG o.e.t.r.task.H2TaskRepository - countByProjectNameAndStatus(1, UNDER_REVIEW)
2026-09-27 00:30:28.670 [JavaFX Application Thread] DEBUG o.e.t.c.tasks.TaskDetailsController - updateUI()
2026-09-27 00:30:28.670 [JavaFX Application Thread] DEBUG o.e.t.c.tasks.TaskDetailsController - projectName: 1
2026-09-27 00:30:28.671 [JavaFX Application Thread] DEBUG o.e.t.c.tasks.TaskDetailsController - taskName: Утвердить макеты главной страницы
2026-09-27 00:30:28.671 [JavaFX Application Thread] DEBUG o.e.t.c.tasks.TaskDetailsController - status: UNDER_REVIEW
2026-09-27 00:30:28.671 [JavaFX Application Thread] DEBUG o.e.t.c.tasks.TaskDetailsController - priority: Средний
2026-09-27 00:30:28.671 [Thread-7] DEBUG o.e.t.r.task.H2TaskRepository - countByProjectNameAndStatus(1, NEW)
2026-09-27 00:30:28.671 [JavaFX Application Thread] INFO  o.e.t.c.tasks.TaskDetailsController - UI updated
2026-09-27 00:30:28.671 [Thread-7] DEBUG o.e.t.r.task.H2TaskRepository - countByProjectNameAndStatus(1, COMPLETED)
2026-09-27 00:30:28.671 [Thread-7] DEBUG o.e.t.r.task.H2TaskRepository - countByProjectNameAndPriority(1, HIGH)
2026-09-27 00:30:28.673 [Thread-7] DEBUG o.e.t.r.task.H2TaskRepository - countByProjectNameAndPriority(1, MIDDLE)
2026-09-27 00:30:28.674 [Thread-7] DEBUG o.e.t.r.task.H2TaskRepository - countByProjectNameAndPriority(1, LOW)
2026-09-27 00:30:28.686 [JavaFX Application Thread] DEBUG o.e.t.navigation.NavigationManager - Toast is displayed: Данные обновлены
2026-09-27 00:30:28.692 [JavaFX Application Thread] DEBUG o.e.t.service.task.AsyncTaskService - onSucceeded returned: 16 tasks
2026-09-27 00:30:28.693 [JavaFX Application Thread] DEBUG o.e.t.c.tasks.TaskTableController - onSuccess: received 16 tasks
2026-09-27 00:30:28.693 [JavaFX Application Thread] DEBUG o.e.t.c.tasks.TaskTableController - onSuccess: first task: Настроить интеграцию с 1C
2026-09-27 00:30:28.693 [JavaFX Application Thread] DEBUG o.e.t.c.tasks.TaskTableController - Table has: 16 tasks
2026-09-27 00:30:28.694 [JavaFX Application Thread] DEBUG o.e.t.c.p.ProjectDetailsController - updateUI: name=Редизайн портала, tasks=3, completed=0, percent=0
2026-09-27 00:30:30.245 [JavaFX Application Thread] DEBUG o.e.t.navigation.NavigationManager - Click outside sidebar, closing
2026-09-27 00:30:44.060 [JavaFX Application Thread] DEBUG o.e.t.navigation.NavigationManager - Start async loading page: /org/example/taskschedulerdesktop/view/projects.fxml
2026-09-27 00:30:44.063 [Thread-12] DEBUG o.e.t.listeners.EventBus - SUBSCRIBE: ProjectChangedEvent -> 1840341495
2026-09-27 00:30:44.063 [Thread-13] DEBUG o.e.t.s.project.AsyncProjectService - createProjectLoader()
2026-09-27 00:30:44.063 [JavaFX Application Thread] DEBUG o.e.t.c.p.ProjectDetailsController - ProjectDetailsController: shutdown()
2026-09-27 00:30:44.064 [Thread-13] DEBUG o.e.t.s.project.AsyncProjectService - Project: org.example.taskschedulerdesktop.models.Project@1476bd14, number of tasks = 3
2026-09-27 00:30:44.064 [Thread-13] DEBUG o.e.t.s.project.ProjectCardService - createCard(org.example.taskschedulerdesktop.models.Project@1476bd14)
2026-09-27 00:30:44.064 [JavaFX Application Thread] DEBUG o.e.t.listeners.EventBus - FIRE: PageTitleChangedEvent (subscribers: 1)
2026-09-27 00:30:44.064 [JavaFX Application Thread] DEBUG o.e.t.navigation.NavigationManager - Page displayed successfully: /org/example/taskschedulerdesktop/view/projects.fxml
2026-09-27 00:30:44.069 [Thread-13] DEBUG o.e.t.c.p.ProjectCardController - ProjectCardController.initialize(), hashCode = 1482870472
2026-09-27 00:30:44.069 [Thread-13] DEBUG o.e.t.c.p.ProjectCardController - context = null
2026-09-27 00:30:44.069 [Thread-13] DEBUG o.e.t.c.p.ProjectCardController - ProjectCardController.setContext: org.example.taskschedulerdesktop.models.Project@1476bd14, hashCode = 1482870472
2026-09-27 00:30:44.069 [Thread-13] DEBUG o.e.t.c.p.ProjectCardController - class = org.example.taskschedulerdesktop.models.Project
2026-09-27 00:30:44.069 [Thread-13] DEBUG o.e.t.listeners.EventBus - SUBSCRIBE: TaskChangedEvent -> 784088339
2026-09-27 00:30:44.069 [Thread-13] DEBUG o.e.t.s.project.ProjectCardService - createCard(org.example.taskschedulerdesktop.models.Project@1ad58446)
2026-09-27 00:30:44.073 [Thread-13] DEBUG o.e.t.c.p.ProjectCardController - ProjectCardController.initialize(), hashCode = 1602401877
2026-09-27 00:30:44.073 [Thread-13] DEBUG o.e.t.c.p.ProjectCardController - context = null
2026-09-27 00:30:44.073 [Thread-13] DEBUG o.e.t.c.p.ProjectCardController - ProjectCardController.setContext: org.example.taskschedulerdesktop.models.Project@1ad58446, hashCode = 1602401877
2026-09-27 00:30:44.073 [Thread-13] DEBUG o.e.t.c.p.ProjectCardController - class = org.example.taskschedulerdesktop.models.Project
2026-09-27 00:30:44.073 [Thread-13] DEBUG o.e.t.listeners.EventBus - SUBSCRIBE: TaskChangedEvent -> 679009338
2026-09-27 00:30:44.073 [Thread-13] DEBUG o.e.t.s.project.ProjectCardService - createCard(org.example.taskschedulerdesktop.models.Project@1b33a7a4)
2026-09-27 00:30:44.078 [Thread-13] DEBUG o.e.t.c.p.ProjectCardController - ProjectCardController.initialize(), hashCode = 80222551
2026-09-27 00:30:44.078 [Thread-13] DEBUG o.e.t.c.p.ProjectCardController - context = null
2026-09-27 00:30:44.078 [Thread-13] DEBUG o.e.t.c.p.ProjectCardController - ProjectCardController.setContext: org.example.taskschedulerdesktop.models.Project@1b33a7a4, hashCode = 80222551
2026-09-27 00:30:44.078 [Thread-13] DEBUG o.e.t.c.p.ProjectCardController - class = org.example.taskschedulerdesktop.models.Project
2026-09-27 00:30:44.078 [Thread-13] DEBUG o.e.t.listeners.EventBus - SUBSCRIBE: TaskChangedEvent -> 1657540202
2026-09-27 00:30:44.078 [Thread-13] DEBUG o.e.t.s.project.ProjectCardService - createCard(org.example.taskschedulerdesktop.models.Project@5a7eb463)
2026-09-27 00:30:44.083 [Thread-13] DEBUG o.e.t.c.p.ProjectCardController - ProjectCardController.initialize(), hashCode = 884372901
2026-09-27 00:30:44.085 [Thread-13] DEBUG o.e.t.c.p.ProjectCardController - context = null
2026-09-27 00:30:44.085 [Thread-13] DEBUG o.e.t.c.p.ProjectCardController - ProjectCardController.setContext: org.example.taskschedulerdesktop.models.Project@5a7eb463, hashCode = 884372901
2026-09-27 00:30:44.085 [Thread-13] DEBUG o.e.t.c.p.ProjectCardController - class = org.example.taskschedulerdesktop.models.Project
2026-09-27 00:30:44.085 [Thread-13] DEBUG o.e.t.listeners.EventBus - SUBSCRIBE: TaskChangedEvent -> 1386952977
2026-09-27 00:31:34.035 [JavaFX Application Thread] DEBUG o.e.t.navigation.NavigationManager - Close Stage: Новый проект
2026-09-27 00:31:36.365 [JavaFX Application Thread] DEBUG o.e.t.c.p.ProjectCardController - Click on the card, context = org.example.taskschedulerdesktop.models.Project@1476bd14
2026-09-27 00:31:36.365 [JavaFX Application Thread] DEBUG o.e.t.navigation.NavigationManager - Start async loading page: /org/example/taskschedulerdesktop/view/project_details.fxml
2026-09-27 00:31:36.376 [Thread-6] DEBUG o.e.t.listeners.EventBus - SUBSCRIBE: TaskChangedEvent -> 1467374620
2026-09-27 00:31:36.376 [Thread-6] DEBUG o.e.t.listeners.EventBus - SUBSCRIBE: ProjectChangedEvent -> 338662931
2026-09-27 00:31:36.376 [JavaFX Application Thread] DEBUG o.e.t.c.p.ProjectDetailsController - setContext: org.example.taskschedulerdesktop.models.Project@1476bd14
2026-09-27 00:31:36.376 [JavaFX Application Thread] DEBUG o.e.t.c.p.ProjectDetailsController - class = org.example.taskschedulerdesktop.models.Project
2026-09-27 00:31:36.376 [JavaFX Application Thread] DEBUG o.e.t.c.p.ProjectDetailsController - updateUI: name=Редизайн портала, tasks=3, completed=0, percent=0
2026-09-27 00:31:36.378 [Thread-8] DEBUG o.e.t.r.task.H2TaskRepository - findViewsByProjectIdAndStatus(1, COMPLETED)
2026-09-27 00:31:36.378 [Thread-9] DEBUG o.e.t.r.task.H2TaskRepository - findViewsByProjectIdAndStatus(1, UNDER_REVIEW)
2026-09-27 00:31:36.378 [Thread-7] DEBUG o.e.t.r.task.H2TaskRepository - findViewsByProjectIdAndStatus(1, NEW)
2026-09-27 00:31:36.378 [Thread-10] DEBUG o.e.t.r.task.H2TaskRepository - findViewsByProjectIdAndStatus(1, IN_PROGRESS)
2026-09-27 00:31:36.378 [Thread-8] DEBUG o.e.t.r.task.H2TaskRepository - countByProjectNameAndStatus(1, IN_PROGRESS)
2026-09-27 00:31:36.378 [JavaFX Application Thread] DEBUG o.e.t.listeners.EventBus - FIRE: PageTitleChangedEvent (subscribers: 1)
2026-09-27 00:31:36.379 [JavaFX Application Thread] DEBUG o.e.t.navigation.NavigationManager - Page displayed successfully: /org/example/taskschedulerdesktop/view/project_details.fxml
2026-09-27 00:31:36.379 [Thread-8] DEBUG o.e.t.r.task.H2TaskRepository - countByProjectNameAndStatus(1, UNDER_REVIEW)
2026-09-27 00:31:36.379 [Thread-8] DEBUG o.e.t.r.task.H2TaskRepository - countByProjectNameAndStatus(1, NEW)
2026-09-27 00:31:36.380 [Thread-8] DEBUG o.e.t.r.task.H2TaskRepository - countByProjectNameAndStatus(1, COMPLETED)
2026-09-27 00:31:36.380 [Thread-8] DEBUG o.e.t.r.task.H2TaskRepository - countByProjectNameAndPriority(1, HIGH)
2026-09-27 00:31:36.381 [Thread-8] DEBUG o.e.t.r.task.H2TaskRepository - countByProjectNameAndPriority(1, MIDDLE)
2026-09-27 00:31:36.381 [Thread-8] DEBUG o.e.t.r.task.H2TaskRepository - countByProjectNameAndPriority(1, LOW)
2026-09-27 00:31:36.403 [JavaFX Application Thread] DEBUG o.e.t.c.p.ProjectDetailsController - updateUI: name=Редизайн портала, tasks=3, completed=0, percent=0
2026-09-27 00:32:32.980 [JavaFX Application Thread] DEBUG o.e.t.navigation.NavigationManager - openRightSidebar: path=/org/example/taskschedulerdesktop/view/task_details.fxml, context=org.example.taskschedulerdesktop.dto.tasks.TaskView@13ab77a9
2026-09-27 00:32:32.993 [JavaFX Application Thread] INFO  o.e.t.c.tasks.TaskDetailsController - initialize()
2026-09-27 00:32:32.993 [JavaFX Application Thread] DEBUG o.e.t.navigation.NavigationManager - sidebarController found, calling setContext()
2026-09-27 00:32:32.993 [JavaFX Application Thread] INFO  o.e.t.c.tasks.TaskDetailsController - setContext()
2026-09-27 00:32:32.993 [JavaFX Application Thread] DEBUG o.e.t.c.tasks.TaskDetailsController - context = org.example.taskschedulerdesktop.dto.tasks.TaskView@13ab77a9
2026-09-27 00:32:32.993 [JavaFX Application Thread] INFO  o.e.t.c.tasks.TaskDetailsController - context saved: 12345
2026-09-27 00:32:32.993 [JavaFX Application Thread] DEBUG o.e.t.c.tasks.TaskDetailsController - updateUI()
2026-09-27 00:32:32.993 [JavaFX Application Thread] DEBUG o.e.t.c.tasks.TaskDetailsController - projectName: 1
2026-09-27 00:32:32.993 [JavaFX Application Thread] DEBUG o.e.t.c.tasks.TaskDetailsController - taskName: 12345
2026-09-27 00:32:32.993 [JavaFX Application Thread] DEBUG o.e.t.c.tasks.TaskDetailsController - status: NEW
2026-09-27 00:32:32.993 [JavaFX Application Thread] DEBUG o.e.t.c.tasks.TaskDetailsController - priority: Низкий
2026-09-27 00:32:32.993 [JavaFX Application Thread] INFO  o.e.t.c.tasks.TaskDetailsController - UI updated
2026-09-27 00:32:32.993 [JavaFX Application Thread] DEBUG o.e.t.c.tasks.TaskDetailsController - updateUI()
2026-09-27 00:32:32.994 [JavaFX Application Thread] DEBUG o.e.t.c.tasks.TaskDetailsController - projectName: 1
2026-09-27 00:32:32.994 [JavaFX Application Thread] DEBUG o.e.t.c.tasks.TaskDetailsController - taskName: 12345
2026-09-27 00:32:32.994 [JavaFX Application Thread] DEBUG o.e.t.c.tasks.TaskDetailsController - status: NEW
2026-09-27 00:32:32.994 [JavaFX Application Thread] DEBUG o.e.t.c.tasks.TaskDetailsController - priority: Низкий
2026-09-27 00:32:32.994 [JavaFX Application Thread] INFO  o.e.t.c.tasks.TaskDetailsController - UI updated
2026-09-27 00:32:34.082 [JavaFX Application Thread] DEBUG o.e.t.c.tasks.TaskDetailsController - Click on edit button
2026-09-27 00:32:38.317 [Thread-7] DEBUG o.e.t.r.task.H2TaskRepository - update(org.example.taskschedulerdesktop.models.Task@587bae3d)
2026-09-27 00:32:38.319 [Thread-7] DEBUG o.e.t.r.task.H2TaskRepository - Task updated: id = 23
2026-09-27 00:32:38.319 [JavaFX Application Thread] DEBUG o.e.t.listeners.EventBus - FIRE: TaskChangedEvent (subscribers: 11)
2026-09-27 00:32:38.319 [JavaFX Application Thread] DEBUG o.e.t.s.project.ProjectServiceImpl - TaskChangedEvent received: projectId=1
2026-09-27 00:32:38.320 [JavaFX Application Thread] DEBUG o.e.t.s.project.ProjectServiceImpl - Project found: Редизайн портала
2026-09-27 00:32:38.320 [JavaFX Application Thread] DEBUG o.e.t.s.project.ProjectServiceImpl - update(org.example.taskschedulerdesktop.models.Project@3adacea3)
2026-09-27 00:32:38.320 [JavaFX Application Thread] DEBUG o.e.t.r.task.H2TaskRepository - countByProjectName(1)
2026-09-27 00:32:38.321 [JavaFX Application Thread] DEBUG o.e.t.r.task.H2TaskRepository - countTasksByProjectName: 3
2026-09-27 00:32:38.321 [JavaFX Application Thread] DEBUG o.e.t.r.task.H2TaskRepository - countByProjectNameAndStatus(1, COMPLETED)
2026-09-27 00:32:38.321 [JavaFX Application Thread] DEBUG o.e.t.s.project.ProjectServiceImpl - Project: Редизайн портала, numberOfTasks = 3, completedTasks = 1
2026-09-27 00:32:38.322 [JavaFX Application Thread] DEBUG o.e.t.r.project.H2ProjectRepository - UPDATE project: id=1, numberOfTasks=3, completedTasks=1
2026-09-27 00:32:38.322 [JavaFX Application Thread] DEBUG o.e.t.r.project.H2ProjectRepository - Project updated in DB: Редизайн портала
2026-09-27 00:32:38.322 [JavaFX Application Thread] DEBUG o.e.t.s.project.ProjectServiceImpl - Project updated: Редизайн портала
2026-09-27 00:32:38.322 [JavaFX Application Thread] DEBUG o.e.t.c.p.ProjectCardController - TaskChangedEvent received: projectId=1
2026-09-27 00:32:38.322 [JavaFX Application Thread] DEBUG o.e.t.c.p.ProjectCardController - refreshCard(), context = org.example.taskschedulerdesktop.models.Project@254a2bdd
2026-09-27 00:32:38.323 [JavaFX Application Thread] DEBUG o.e.t.c.p.ProjectCardController - context.getId() = 1
2026-09-27 00:32:38.323 [Thread-10] DEBUG o.e.t.r.task.H2TaskRepository - findAllViews()
2026-09-27 00:32:38.323 [JavaFX Application Thread] DEBUG o.e.t.c.p.ProjectCardController - TaskChangedEvent received: projectId=1
2026-09-27 00:32:38.323 [JavaFX Application Thread] DEBUG o.e.t.c.p.ProjectCardController - The event is not suitable
2026-09-27 00:32:38.323 [JavaFX Application Thread] DEBUG o.e.t.c.p.ProjectCardController - TaskChangedEvent received: projectId=1
2026-09-27 00:32:38.323 [JavaFX Application Thread] DEBUG o.e.t.c.p.ProjectCardController - The event is not suitable
2026-09-27 00:32:38.323 [JavaFX Application Thread] DEBUG o.e.t.c.p.ProjectCardController - TaskChangedEvent received: projectId=1
2026-09-27 00:32:38.323 [JavaFX Application Thread] DEBUG o.e.t.c.p.ProjectCardController - The event is not suitable
2026-09-27 00:32:38.323 [JavaFX Application Thread] DEBUG o.e.t.c.p.ProjectCardController - TaskChangedEvent received: projectId=1
2026-09-27 00:32:38.323 [JavaFX Application Thread] DEBUG o.e.t.c.p.ProjectCardController - refreshCard(), context = org.example.taskschedulerdesktop.models.Project@1476bd14
2026-09-27 00:32:38.323 [JavaFX Application Thread] DEBUG o.e.t.c.p.ProjectCardController - context.getId() = 1
2026-09-27 00:32:38.323 [JavaFX Application Thread] DEBUG o.e.t.c.p.ProjectCardController - TaskChangedEvent received: projectId=1
2026-09-27 00:32:38.323 [JavaFX Application Thread] DEBUG o.e.t.c.p.ProjectCardController - The event is not suitable
2026-09-27 00:32:38.323 [JavaFX Application Thread] DEBUG o.e.t.c.p.ProjectCardController - TaskChangedEvent received: projectId=1
2026-09-27 00:32:38.323 [JavaFX Application Thread] DEBUG o.e.t.c.p.ProjectCardController - The event is not suitable
2026-09-27 00:32:38.323 [JavaFX Application Thread] DEBUG o.e.t.c.p.ProjectCardController - TaskChangedEvent received: projectId=1
2026-09-27 00:32:38.323 [JavaFX Application Thread] DEBUG o.e.t.c.p.ProjectCardController - The event is not suitable
2026-09-27 00:32:38.323 [JavaFX Application Thread] DEBUG o.e.t.c.p.ProjectDetailsController - ProjectDetailsController: TaskChangedEvent received: projectId=1
2026-09-27 00:32:38.323 [Thread-9] DEBUG o.e.t.r.task.H2TaskRepository - findViewsByProjectIdAndStatus(1, NEW)
2026-09-27 00:32:38.323 [Thread-8] DEBUG o.e.t.r.task.H2TaskRepository - findViewsByProjectIdAndStatus(1, IN_PROGRESS)
2026-09-27 00:32:38.324 [Thread-7] DEBUG o.e.t.r.task.H2TaskRepository - findViewsByProjectIdAndStatus(1, UNDER_REVIEW)
2026-09-27 00:32:38.324 [JavaFX Application Thread] DEBUG o.e.t.c.tasks.TaskDetailsController - updateUI()
2026-09-27 00:32:38.324 [JavaFX Application Thread] DEBUG o.e.t.c.tasks.TaskDetailsController - projectName: 1
2026-09-27 00:32:38.324 [JavaFX Application Thread] DEBUG o.e.t.c.tasks.TaskDetailsController - taskName: 12345
2026-09-27 00:32:38.324 [Thread-9] DEBUG o.e.t.r.task.H2TaskRepository - findViewsByProjectIdAndStatus(1, COMPLETED)
2026-09-27 00:32:38.324 [JavaFX Application Thread] DEBUG o.e.t.c.tasks.TaskDetailsController - status: COMPLETED
2026-09-27 00:32:38.324 [JavaFX Application Thread] DEBUG o.e.t.c.tasks.TaskDetailsController - priority: Низкий
2026-09-27 00:32:38.324 [JavaFX Application Thread] INFO  o.e.t.c.tasks.TaskDetailsController - UI updated
2026-09-27 00:32:38.325 [Thread-10] DEBUG o.e.t.r.task.H2TaskRepository - Found 16 views
2026-09-27 00:32:38.325 [Thread-10] DEBUG o.e.t.r.task.H2TaskRepository - countByProjectNameAndStatus(1, IN_PROGRESS)
2026-09-27 00:32:38.326 [Thread-10] DEBUG o.e.t.r.task.H2TaskRepository - countByProjectNameAndStatus(1, UNDER_REVIEW)
2026-09-27 00:32:38.326 [Thread-10] DEBUG o.e.t.r.task.H2TaskRepository - countByProjectNameAndStatus(1, NEW)
2026-09-27 00:32:38.327 [Thread-10] DEBUG o.e.t.r.task.H2TaskRepository - countByProjectNameAndStatus(1, COMPLETED)
2026-09-27 00:32:38.328 [Thread-10] DEBUG o.e.t.r.task.H2TaskRepository - countByProjectNameAndPriority(1, HIGH)
2026-09-27 00:32:38.328 [Thread-7] DEBUG o.e.t.r.task.H2TaskRepository - countByProjectNameAndPriority(1, LOW)
2026-09-27 00:32:38.328 [Thread-9] DEBUG o.e.t.r.task.H2TaskRepository - countByProjectNameAndPriority(1, MIDDLE)
2026-09-27 00:32:38.340 [JavaFX Application Thread] DEBUG o.e.t.navigation.NavigationManager - Toast is displayed: Данные обновлены
2026-09-27 00:32:38.342 [JavaFX Application Thread] DEBUG o.e.t.c.p.ProjectDetailsController - updateUI: name=Редизайн портала, tasks=3, completed=1, percent=33
2026-09-27 00:32:38.342 [JavaFX Application Thread] DEBUG o.e.t.service.task.AsyncTaskService - onSucceeded returned: 16 tasks
2026-09-27 00:32:38.342 [JavaFX Application Thread] DEBUG o.e.t.c.tasks.TaskTableController - onSuccess: received 16 tasks
2026-09-27 00:32:38.342 [JavaFX Application Thread] DEBUG o.e.t.c.tasks.TaskTableController - onSuccess: first task: Настроить интеграцию с 1C
2026-09-27 00:32:38.342 [JavaFX Application Thread] DEBUG o.e.t.c.tasks.TaskTableController - Table has: 16 tasks
2026-09-27 00:32:40.194 [JavaFX Application Thread] DEBUG o.e.t.navigation.NavigationManager - Click outside sidebar, closing
2026-09-27 00:32:41.483 [JavaFX Application Thread] DEBUG o.e.t.navigation.NavigationManager - openRightSidebar: path=/org/example/taskschedulerdesktop/view/task_details.fxml, context=org.example.taskschedulerdesktop.dto.tasks.TaskView@5e597550
2026-09-27 00:32:41.493 [JavaFX Application Thread] INFO  o.e.t.c.tasks.TaskDetailsController - initialize()
2026-09-27 00:32:41.494 [JavaFX Application Thread] DEBUG o.e.t.navigation.NavigationManager - sidebarController found, calling setContext()
2026-09-27 00:32:41.494 [JavaFX Application Thread] INFO  o.e.t.c.tasks.TaskDetailsController - setContext()
2026-09-27 00:32:41.494 [JavaFX Application Thread] DEBUG o.e.t.c.tasks.TaskDetailsController - context = org.example.taskschedulerdesktop.dto.tasks.TaskView@5e597550
2026-09-27 00:32:41.494 [JavaFX Application Thread] INFO  o.e.t.c.tasks.TaskDetailsController - context saved: Утвердить макеты главной страницы
2026-09-27 00:32:41.494 [JavaFX Application Thread] DEBUG o.e.t.c.tasks.TaskDetailsController - updateUI()
2026-09-27 00:32:41.494 [JavaFX Application Thread] DEBUG o.e.t.c.tasks.TaskDetailsController - projectName: 1
2026-09-27 00:32:41.494 [JavaFX Application Thread] DEBUG o.e.t.c.tasks.TaskDetailsController - taskName: Утвердить макеты главной страницы
2026-09-27 00:32:41.494 [JavaFX Application Thread] DEBUG o.e.t.c.tasks.TaskDetailsController - status: UNDER_REVIEW
2026-09-27 00:32:41.494 [JavaFX Application Thread] DEBUG o.e.t.c.tasks.TaskDetailsController - priority: Средний
2026-09-27 00:32:41.494 [JavaFX Application Thread] INFO  o.e.t.c.tasks.TaskDetailsController - UI updated
2026-09-27 00:32:41.494 [JavaFX Application Thread] DEBUG o.e.t.c.tasks.TaskDetailsController - updateUI()
2026-09-27 00:32:41.494 [JavaFX Application Thread] DEBUG o.e.t.c.tasks.TaskDetailsController - projectName: 1
2026-09-27 00:32:41.494 [JavaFX Application Thread] DEBUG o.e.t.c.tasks.TaskDetailsController - taskName: Утвердить макеты главной страницы
2026-09-27 00:32:41.494 [JavaFX Application Thread] DEBUG o.e.t.c.tasks.TaskDetailsController - status: UNDER_REVIEW
2026-09-27 00:32:41.494 [JavaFX Application Thread] DEBUG o.e.t.c.tasks.TaskDetailsController - priority: Средний
2026-09-27 00:32:41.494 [JavaFX Application Thread] INFO  o.e.t.c.tasks.TaskDetailsController - UI updated
2026-09-27 00:32:42.615 [JavaFX Application Thread] DEBUG o.e.t.c.tasks.TaskDetailsController - Click on edit button
2026-09-27 00:32:45.631 [Thread-8] DEBUG o.e.t.r.task.H2TaskRepository - update(org.example.taskschedulerdesktop.models.Task@2a34651f)
2026-09-27 00:32:45.631 [Thread-8] DEBUG o.e.t.r.task.H2TaskRepository - Task updated: id = 10
2026-09-27 00:32:45.632 [JavaFX Application Thread] DEBUG o.e.t.listeners.EventBus - FIRE: TaskChangedEvent (subscribers: 11)
2026-09-27 00:32:45.632 [JavaFX Application Thread] DEBUG o.e.t.s.project.ProjectServiceImpl - TaskChangedEvent received: projectId=1
2026-09-27 00:32:45.632 [JavaFX Application Thread] DEBUG o.e.t.s.project.ProjectServiceImpl - Project found: Редизайн портала
2026-09-27 00:32:45.632 [JavaFX Application Thread] DEBUG o.e.t.s.project.ProjectServiceImpl - update(org.example.taskschedulerdesktop.models.Project@575aaaf1)
2026-09-27 00:32:45.633 [JavaFX Application Thread] DEBUG o.e.t.r.task.H2TaskRepository - countByProjectName(1)
2026-09-27 00:32:45.633 [JavaFX Application Thread] DEBUG o.e.t.r.task.H2TaskRepository - countTasksByProjectName: 3
2026-09-27 00:32:45.633 [JavaFX Application Thread] DEBUG o.e.t.r.task.H2TaskRepository - countByProjectNameAndStatus(1, COMPLETED)
2026-09-27 00:32:45.634 [JavaFX Application Thread] DEBUG o.e.t.s.project.ProjectServiceImpl - Project: Редизайн портала, numberOfTasks = 3, completedTasks = 2
2026-09-27 00:32:45.634 [JavaFX Application Thread] DEBUG o.e.t.r.project.H2ProjectRepository - UPDATE project: id=1, numberOfTasks=3, completedTasks=2
2026-09-27 00:32:45.634 [JavaFX Application Thread] DEBUG o.e.t.r.project.H2ProjectRepository - Project updated in DB: Редизайн портала
2026-09-27 00:32:45.634 [JavaFX Application Thread] DEBUG o.e.t.s.project.ProjectServiceImpl - Project updated: Редизайн портала
2026-09-27 00:32:45.634 [JavaFX Application Thread] DEBUG o.e.t.c.p.ProjectCardController - TaskChangedEvent received: projectId=1
2026-09-27 00:32:45.635 [JavaFX Application Thread] DEBUG o.e.t.c.p.ProjectCardController - refreshCard(), context = org.example.taskschedulerdesktop.models.Project@254a2bdd
2026-09-27 00:32:45.635 [JavaFX Application Thread] DEBUG o.e.t.c.p.ProjectCardController - context.getId() = 1
2026-09-27 00:32:45.635 [Thread-10] DEBUG o.e.t.r.task.H2TaskRepository - findAllViews()
2026-09-27 00:32:45.635 [JavaFX Application Thread] DEBUG o.e.t.c.p.ProjectCardController - TaskChangedEvent received: projectId=1
2026-09-27 00:32:45.635 [JavaFX Application Thread] DEBUG o.e.t.c.p.ProjectCardController - The event is not suitable
2026-09-27 00:32:45.635 [JavaFX Application Thread] DEBUG o.e.t.c.p.ProjectCardController - TaskChangedEvent received: projectId=1
2026-09-27 00:32:45.635 [JavaFX Application Thread] DEBUG o.e.t.c.p.ProjectCardController - The event is not suitable
2026-09-27 00:32:45.635 [JavaFX Application Thread] DEBUG o.e.t.c.p.ProjectCardController - TaskChangedEvent received: projectId=1
2026-09-27 00:32:45.635 [JavaFX Application Thread] DEBUG o.e.t.c.p.ProjectCardController - The event is not suitable
2026-09-27 00:32:45.635 [JavaFX Application Thread] DEBUG o.e.t.c.p.ProjectCardController - TaskChangedEvent received: projectId=1
2026-09-27 00:32:45.635 [JavaFX Application Thread] DEBUG o.e.t.c.p.ProjectCardController - refreshCard(), context = org.example.taskschedulerdesktop.models.Project@1476bd14
2026-09-27 00:32:45.635 [JavaFX Application Thread] DEBUG o.e.t.c.p.ProjectCardController - context.getId() = 1
2026-09-27 00:32:45.635 [JavaFX Application Thread] DEBUG o.e.t.c.p.ProjectCardController - TaskChangedEvent received: projectId=1
2026-09-27 00:32:45.635 [JavaFX Application Thread] DEBUG o.e.t.c.p.ProjectCardController - The event is not suitable
2026-09-27 00:32:45.635 [JavaFX Application Thread] DEBUG o.e.t.c.p.ProjectCardController - TaskChangedEvent received: projectId=1
2026-09-27 00:32:45.635 [JavaFX Application Thread] DEBUG o.e.t.c.p.ProjectCardController - The event is not suitable
2026-09-27 00:32:45.635 [JavaFX Application Thread] DEBUG o.e.t.c.p.ProjectCardController - TaskChangedEvent received: projectId=1
2026-09-27 00:32:45.635 [JavaFX Application Thread] DEBUG o.e.t.c.p.ProjectCardController - The event is not suitable
2026-09-27 00:32:45.635 [JavaFX Application Thread] DEBUG o.e.t.c.p.ProjectDetailsController - ProjectDetailsController: TaskChangedEvent received: projectId=1
2026-09-27 00:32:45.636 [Thread-7] DEBUG o.e.t.r.task.H2TaskRepository - findViewsByProjectIdAndStatus(1, NEW)
2026-09-27 00:32:45.636 [Thread-8] DEBUG o.e.t.r.task.H2TaskRepository - findViewsByProjectIdAndStatus(1, UNDER_REVIEW)
2026-09-27 00:32:45.636 [Thread-9] DEBUG o.e.t.r.task.H2TaskRepository - findViewsByProjectIdAndStatus(1, IN_PROGRESS)
2026-09-27 00:32:45.636 [JavaFX Application Thread] DEBUG o.e.t.c.tasks.TaskDetailsController - updateUI()
2026-09-27 00:32:45.636 [Thread-7] DEBUG o.e.t.r.task.H2TaskRepository - countByProjectNameAndStatus(1, IN_PROGRESS)
2026-09-27 00:32:45.636 [Thread-8] DEBUG o.e.t.r.task.H2TaskRepository - findViewsByProjectIdAndStatus(1, COMPLETED)
2026-09-27 00:32:45.636 [Thread-10] DEBUG o.e.t.r.task.H2TaskRepository - Found 16 views
2026-09-27 00:32:45.636 [JavaFX Application Thread] DEBUG o.e.t.c.tasks.TaskDetailsController - projectName: 1
2026-09-27 00:32:45.636 [JavaFX Application Thread] DEBUG o.e.t.c.tasks.TaskDetailsController - taskName: Утвердить макеты главной страницы
2026-09-27 00:32:45.636 [Thread-10] DEBUG o.e.t.r.task.H2TaskRepository - countByProjectNameAndStatus(1, UNDER_REVIEW)
2026-09-27 00:32:45.637 [JavaFX Application Thread] DEBUG o.e.t.c.tasks.TaskDetailsController - status: COMPLETED
2026-09-27 00:32:45.637 [JavaFX Application Thread] DEBUG o.e.t.c.tasks.TaskDetailsController - priority: Средний
2026-09-27 00:32:45.637 [Thread-10] DEBUG o.e.t.r.task.H2TaskRepository - countByProjectNameAndStatus(1, NEW)
2026-09-27 00:32:45.637 [JavaFX Application Thread] INFO  o.e.t.c.tasks.TaskDetailsController - UI updated
2026-09-27 00:32:45.637 [Thread-7] DEBUG o.e.t.r.task.H2TaskRepository - countByProjectNameAndStatus(1, COMPLETED)
2026-09-27 00:32:45.637 [Thread-10] DEBUG o.e.t.r.task.H2TaskRepository - countByProjectNameAndPriority(1, HIGH)
2026-09-27 00:32:45.638 [Thread-7] DEBUG o.e.t.r.task.H2TaskRepository - countByProjectNameAndPriority(1, MIDDLE)
2026-09-27 00:32:45.638 [Thread-10] DEBUG o.e.t.r.task.H2TaskRepository - countByProjectNameAndPriority(1, LOW)
2026-09-27 00:32:45.651 [JavaFX Application Thread] DEBUG o.e.t.navigation.NavigationManager - Toast is displayed: Данные обновлены
2026-09-27 00:32:45.653 [JavaFX Application Thread] DEBUG o.e.t.c.p.ProjectDetailsController - updateUI: name=Редизайн портала, tasks=3, completed=2, percent=66
2026-09-27 00:32:45.653 [JavaFX Application Thread] DEBUG o.e.t.service.task.AsyncTaskService - onSucceeded returned: 16 tasks
2026-09-27 00:32:45.653 [JavaFX Application Thread] DEBUG o.e.t.c.tasks.TaskTableController - onSuccess: received 16 tasks
2026-09-27 00:32:45.653 [JavaFX Application Thread] DEBUG o.e.t.c.tasks.TaskTableController - onSuccess: first task: Настроить интеграцию с 1C
2026-09-27 00:32:45.654 [JavaFX Application Thread] DEBUG o.e.t.c.tasks.TaskTableController - Table has: 16 tasks
2026-09-27 00:32:47.211 [JavaFX Application Thread] DEBUG o.e.t.navigation.NavigationManager - Click outside sidebar, closing
2026-09-27 00:32:48.061 [JavaFX Application Thread] DEBUG o.e.t.navigation.NavigationManager - openRightSidebar: path=/org/example/taskschedulerdesktop/view/task_details.fxml, context=org.example.taskschedulerdesktop.dto.tasks.TaskView@f708f56
2026-09-27 00:32:48.072 [JavaFX Application Thread] INFO  o.e.t.c.tasks.TaskDetailsController - initialize()
2026-09-27 00:32:48.072 [JavaFX Application Thread] DEBUG o.e.t.navigation.NavigationManager - sidebarController found, calling setContext()
2026-09-27 00:32:48.072 [JavaFX Application Thread] INFO  o.e.t.c.tasks.TaskDetailsController - setContext()
2026-09-27 00:32:48.072 [JavaFX Application Thread] DEBUG o.e.t.c.tasks.TaskDetailsController - context = org.example.taskschedulerdesktop.dto.tasks.TaskView@f708f56
2026-09-27 00:32:48.072 [JavaFX Application Thread] INFO  o.e.t.c.tasks.TaskDetailsController - context saved: Оптимизация загрузки изображений
2026-09-27 00:32:48.072 [JavaFX Application Thread] DEBUG o.e.t.c.tasks.TaskDetailsController - updateUI()
2026-09-27 00:32:48.072 [JavaFX Application Thread] DEBUG o.e.t.c.tasks.TaskDetailsController - projectName: 1
2026-09-27 00:32:48.072 [JavaFX Application Thread] DEBUG o.e.t.c.tasks.TaskDetailsController - taskName: Оптимизация загрузки изображений
2026-09-27 00:32:48.072 [JavaFX Application Thread] DEBUG o.e.t.c.tasks.TaskDetailsController - status: IN_PROGRESS
2026-09-27 00:32:48.072 [JavaFX Application Thread] DEBUG o.e.t.c.tasks.TaskDetailsController - priority: Высокий
2026-09-27 00:32:48.072 [JavaFX Application Thread] INFO  o.e.t.c.tasks.TaskDetailsController - UI updated
2026-09-27 00:32:48.072 [JavaFX Application Thread] DEBUG o.e.t.c.tasks.TaskDetailsController - updateUI()
2026-09-27 00:32:48.072 [JavaFX Application Thread] DEBUG o.e.t.c.tasks.TaskDetailsController - projectName: 1
2026-09-27 00:32:48.072 [JavaFX Application Thread] DEBUG o.e.t.c.tasks.TaskDetailsController - taskName: Оптимизация загрузки изображений
2026-09-27 00:32:48.072 [JavaFX Application Thread] DEBUG o.e.t.c.tasks.TaskDetailsController - status: IN_PROGRESS
2026-09-27 00:32:48.072 [JavaFX Application Thread] DEBUG o.e.t.c.tasks.TaskDetailsController - priority: Высокий
2026-09-27 00:32:48.073 [JavaFX Application Thread] INFO  o.e.t.c.tasks.TaskDetailsController - UI updated
2026-09-27 00:32:49.194 [JavaFX Application Thread] DEBUG o.e.t.c.tasks.TaskDetailsController - Click on edit button
2026-09-27 00:32:53.593 [JavaFX Application Thread] DEBUG o.e.t.navigation.NavigationManager - Toast is displayed: Дедлайн истек! Выберете корректную дату!
2026-09-27 00:32:59.308 [Thread-7] DEBUG o.e.t.r.task.H2TaskRepository - update(org.example.taskschedulerdesktop.models.Task@291b8530)
2026-09-27 00:32:59.309 [Thread-7] DEBUG o.e.t.r.task.H2TaskRepository - Task updated: id = 9
2026-09-27 00:32:59.310 [JavaFX Application Thread] DEBUG o.e.t.listeners.EventBus - FIRE: TaskChangedEvent (subscribers: 11)
2026-09-27 00:32:59.310 [JavaFX Application Thread] DEBUG o.e.t.s.project.ProjectServiceImpl - TaskChangedEvent received: projectId=1
2026-09-27 00:32:59.310 [JavaFX Application Thread] DEBUG o.e.t.s.project.ProjectServiceImpl - Project found: Редизайн портала
2026-09-27 00:32:59.310 [JavaFX Application Thread] DEBUG o.e.t.s.project.ProjectServiceImpl - update(org.example.taskschedulerdesktop.models.Project@2962774d)
2026-09-27 00:32:59.310 [JavaFX Application Thread] DEBUG o.e.t.r.task.H2TaskRepository - countByProjectName(1)
2026-09-27 00:32:59.312 [JavaFX Application Thread] DEBUG o.e.t.r.task.H2TaskRepository - countTasksByProjectName: 3
2026-09-27 00:32:59.312 [JavaFX Application Thread] DEBUG o.e.t.r.task.H2TaskRepository - countByProjectNameAndStatus(1, COMPLETED)
2026-09-27 00:32:59.312 [JavaFX Application Thread] DEBUG o.e.t.s.project.ProjectServiceImpl - Project: Редизайн портала, numberOfTasks = 3, completedTasks = 3
2026-09-27 00:32:59.312 [JavaFX Application Thread] DEBUG o.e.t.r.project.H2ProjectRepository - UPDATE project: id=1, numberOfTasks=3, completedTasks=3
2026-09-27 00:32:59.312 [JavaFX Application Thread] DEBUG o.e.t.r.project.H2ProjectRepository - Project updated in DB: Редизайн портала
2026-09-27 00:32:59.313 [JavaFX Application Thread] DEBUG o.e.t.s.project.ProjectServiceImpl - Project updated: Редизайн портала
2026-09-27 00:32:59.313 [JavaFX Application Thread] DEBUG o.e.t.c.p.ProjectCardController - TaskChangedEvent received: projectId=1
2026-09-27 00:32:59.313 [JavaFX Application Thread] DEBUG o.e.t.c.p.ProjectCardController - refreshCard(), context = org.example.taskschedulerdesktop.models.Project@254a2bdd
2026-09-27 00:32:59.313 [JavaFX Application Thread] DEBUG o.e.t.c.p.ProjectCardController - context.getId() = 1
2026-09-27 00:32:59.313 [Thread-10] DEBUG o.e.t.r.task.H2TaskRepository - findAllViews()
2026-09-27 00:32:59.313 [JavaFX Application Thread] DEBUG o.e.t.c.p.ProjectCardController - TaskChangedEvent received: projectId=1
2026-09-27 00:32:59.313 [JavaFX Application Thread] DEBUG o.e.t.c.p.ProjectCardController - The event is not suitable
2026-09-27 00:32:59.313 [JavaFX Application Thread] DEBUG o.e.t.c.p.ProjectCardController - TaskChangedEvent received: projectId=1
2026-09-27 00:32:59.313 [JavaFX Application Thread] DEBUG o.e.t.c.p.ProjectCardController - The event is not suitable
2026-09-27 00:32:59.313 [JavaFX Application Thread] DEBUG o.e.t.c.p.ProjectCardController - TaskChangedEvent received: projectId=1
2026-09-27 00:32:59.313 [JavaFX Application Thread] DEBUG o.e.t.c.p.ProjectCardController - The event is not suitable
2026-09-27 00:32:59.313 [JavaFX Application Thread] DEBUG o.e.t.c.p.ProjectCardController - TaskChangedEvent received: projectId=1
2026-09-27 00:32:59.313 [JavaFX Application Thread] DEBUG o.e.t.c.p.ProjectCardController - refreshCard(), context = org.example.taskschedulerdesktop.models.Project@1476bd14
2026-09-27 00:32:59.313 [JavaFX Application Thread] DEBUG o.e.t.c.p.ProjectCardController - context.getId() = 1
2026-09-27 00:32:59.313 [JavaFX Application Thread] DEBUG o.e.t.c.p.ProjectCardController - TaskChangedEvent received: projectId=1
2026-09-27 00:32:59.313 [JavaFX Application Thread] DEBUG o.e.t.c.p.ProjectCardController - The event is not suitable
2026-09-27 00:32:59.313 [JavaFX Application Thread] DEBUG o.e.t.c.p.ProjectCardController - TaskChangedEvent received: projectId=1
2026-09-27 00:32:59.313 [JavaFX Application Thread] DEBUG o.e.t.c.p.ProjectCardController - The event is not suitable
2026-09-27 00:32:59.313 [JavaFX Application Thread] DEBUG o.e.t.c.p.ProjectCardController - TaskChangedEvent received: projectId=1
2026-09-27 00:32:59.313 [JavaFX Application Thread] DEBUG o.e.t.c.p.ProjectCardController - The event is not suitable
2026-09-27 00:32:59.313 [JavaFX Application Thread] DEBUG o.e.t.c.p.ProjectDetailsController - ProjectDetailsController: TaskChangedEvent received: projectId=1
2026-09-27 00:32:59.314 [Thread-9] DEBUG o.e.t.r.task.H2TaskRepository - findViewsByProjectIdAndStatus(1, NEW)
2026-09-27 00:32:59.314 [Thread-8] DEBUG o.e.t.r.task.H2TaskRepository - findViewsByProjectIdAndStatus(1, IN_PROGRESS)
2026-09-27 00:32:59.314 [Thread-7] DEBUG o.e.t.r.task.H2TaskRepository - findViewsByProjectIdAndStatus(1, UNDER_REVIEW)
2026-09-27 00:32:59.314 [Thread-10] DEBUG o.e.t.r.task.H2TaskRepository - Found 16 views
2026-09-27 00:32:59.314 [JavaFX Application Thread] DEBUG o.e.t.c.tasks.TaskDetailsController - updateUI()
2026-09-27 00:32:59.314 [JavaFX Application Thread] DEBUG o.e.t.c.tasks.TaskDetailsController - projectName: 1
2026-09-27 00:32:59.314 [Thread-10] DEBUG o.e.t.r.task.H2TaskRepository - findViewsByProjectIdAndStatus(1, COMPLETED)
2026-09-27 00:32:59.314 [JavaFX Application Thread] DEBUG o.e.t.c.tasks.TaskDetailsController - taskName: Оптимизация загрузки изображений
2026-09-27 00:32:59.314 [Thread-8] DEBUG o.e.t.r.task.H2TaskRepository - countByProjectNameAndStatus(1, IN_PROGRESS)
2026-09-27 00:32:59.314 [Thread-9] DEBUG o.e.t.r.task.H2TaskRepository - countByProjectNameAndStatus(1, UNDER_REVIEW)
2026-09-27 00:32:59.314 [JavaFX Application Thread] DEBUG o.e.t.c.tasks.TaskDetailsController - status: COMPLETED
2026-09-27 00:32:59.315 [JavaFX Application Thread] DEBUG o.e.t.c.tasks.TaskDetailsController - priority: Высокий
2026-09-27 00:32:59.315 [Thread-7] DEBUG o.e.t.r.task.H2TaskRepository - countByProjectNameAndStatus(1, NEW)
2026-09-27 00:32:59.315 [Thread-8] DEBUG o.e.t.r.task.H2TaskRepository - countByProjectNameAndStatus(1, COMPLETED)
2026-09-27 00:32:59.315 [JavaFX Application Thread] INFO  o.e.t.c.tasks.TaskDetailsController - UI updated
2026-09-27 00:32:59.315 [Thread-9] DEBUG o.e.t.r.task.H2TaskRepository - countByProjectNameAndPriority(1, HIGH)
2026-09-27 00:32:59.315 [Thread-8] DEBUG o.e.t.r.task.H2TaskRepository - countByProjectNameAndPriority(1, MIDDLE)
2026-09-27 00:32:59.315 [Thread-9] DEBUG o.e.t.r.task.H2TaskRepository - countByProjectNameAndPriority(1, LOW)
2026-09-27 00:32:59.328 [JavaFX Application Thread] DEBUG o.e.t.navigation.NavigationManager - Toast is displayed: Данные обновлены
2026-09-27 00:32:59.329 [JavaFX Application Thread] DEBUG o.e.t.service.task.AsyncTaskService - onSucceeded returned: 16 tasks
2026-09-27 00:32:59.329 [JavaFX Application Thread] DEBUG o.e.t.c.tasks.TaskTableController - onSuccess: received 16 tasks
2026-09-27 00:32:59.329 [JavaFX Application Thread] DEBUG o.e.t.c.tasks.TaskTableController - onSuccess: first task: Настроить интеграцию с 1C
2026-09-27 00:32:59.329 [JavaFX Application Thread] DEBUG o.e.t.c.tasks.TaskTableController - Table has: 16 tasks
2026-09-27 00:32:59.330 [JavaFX Application Thread] DEBUG o.e.t.c.p.ProjectDetailsController - updateUI: name=Редизайн портала, tasks=3, completed=3, percent=100
2026-09-27 00:33:00.518 [JavaFX Application Thread] DEBUG o.e.t.navigation.NavigationManager - Click outside sidebar, closing
2026-09-27 00:33:08.524 [JavaFX Application Thread] DEBUG o.e.t.navigation.NavigationManager - Start async loading page: /org/example/taskschedulerdesktop/view/projects.fxml
2026-09-27 00:33:08.527 [Thread-12] DEBUG o.e.t.listeners.EventBus - SUBSCRIBE: ProjectChangedEvent -> 1937954436
2026-09-27 00:33:08.528 [Thread-11] DEBUG o.e.t.s.project.AsyncProjectService - createProjectLoader()
2026-09-27 00:33:08.528 [JavaFX Application Thread] DEBUG o.e.t.c.p.ProjectDetailsController - ProjectDetailsController: shutdown()
2026-09-27 00:33:08.529 [JavaFX Application Thread] DEBUG o.e.t.listeners.EventBus - FIRE: PageTitleChangedEvent (subscribers: 1)
2026-09-27 00:33:08.529 [Thread-11] DEBUG o.e.t.s.project.AsyncProjectService - Project: org.example.taskschedulerdesktop.models.Project@2e8b843d, number of tasks = 3
2026-09-27 00:33:08.529 [JavaFX Application Thread] DEBUG o.e.t.navigation.NavigationManager - Page displayed successfully: /org/example/taskschedulerdesktop/view/projects.fxml
2026-09-27 00:33:08.529 [Thread-11] DEBUG o.e.t.s.project.ProjectCardService - createCard(org.example.taskschedulerdesktop.models.Project@2e8b843d)
2026-09-27 00:33:08.535 [Thread-11] DEBUG o.e.t.c.p.ProjectCardController - ProjectCardController.initialize(), hashCode = 1618691867
2026-09-27 00:33:08.535 [Thread-11] DEBUG o.e.t.c.p.ProjectCardController - context = null
2026-09-27 00:33:08.535 [Thread-11] DEBUG o.e.t.c.p.ProjectCardController - ProjectCardController.setContext: org.example.taskschedulerdesktop.models.Project@2e8b843d, hashCode = 1618691867
2026-09-27 00:33:08.535 [Thread-11] DEBUG o.e.t.c.p.ProjectCardController - class = org.example.taskschedulerdesktop.models.Project
2026-09-27 00:33:08.535 [Thread-11] DEBUG o.e.t.listeners.EventBus - SUBSCRIBE: TaskChangedEvent -> 1356413361
2026-09-27 00:33:08.535 [Thread-11] DEBUG o.e.t.s.project.ProjectCardService - createCard(org.example.taskschedulerdesktop.models.Project@e5131c8)
2026-09-27 00:33:08.539 [Thread-11] DEBUG o.e.t.c.p.ProjectCardController - ProjectCardController.initialize(), hashCode = 2041595409
2026-09-27 00:33:08.539 [Thread-11] DEBUG o.e.t.c.p.ProjectCardController - context = null
2026-09-27 00:33:08.539 [Thread-11] DEBUG o.e.t.c.p.ProjectCardController - ProjectCardController.setContext: org.example.taskschedulerdesktop.models.Project@e5131c8, hashCode = 2041595409
2026-09-27 00:33:08.539 [Thread-11] DEBUG o.e.t.c.p.ProjectCardController - class = org.example.taskschedulerdesktop.models.Project
2026-09-27 00:33:08.539 [Thread-11] DEBUG o.e.t.listeners.EventBus - SUBSCRIBE: TaskChangedEvent -> 263495059
2026-09-27 00:33:08.539 [Thread-11] DEBUG o.e.t.s.project.ProjectCardService - createCard(org.example.taskschedulerdesktop.models.Project@5f703792)
2026-09-27 00:33:08.544 [Thread-11] DEBUG o.e.t.c.p.ProjectCardController - ProjectCardController.initialize(), hashCode = 2046444323
2026-09-27 00:33:08.545 [Thread-11] DEBUG o.e.t.c.p.ProjectCardController - context = null
2026-09-27 00:33:08.545 [Thread-11] DEBUG o.e.t.c.p.ProjectCardController - ProjectCardController.setContext: org.example.taskschedulerdesktop.models.Project@5f703792, hashCode = 2046444323
2026-09-27 00:33:08.545 [Thread-11] DEBUG o.e.t.c.p.ProjectCardController - class = org.example.taskschedulerdesktop.models.Project
2026-09-27 00:33:08.545 [Thread-11] DEBUG o.e.t.listeners.EventBus - SUBSCRIBE: TaskChangedEvent -> 1243804979
2026-09-27 00:33:08.545 [Thread-11] DEBUG o.e.t.s.project.ProjectCardService - createCard(org.example.taskschedulerdesktop.models.Project@2184fae2)
2026-09-27 00:33:08.550 [Thread-11] DEBUG o.e.t.c.p.ProjectCardController - ProjectCardController.initialize(), hashCode = 1240950178
2026-09-27 00:33:08.551 [Thread-11] DEBUG o.e.t.c.p.ProjectCardController - context = null
2026-09-27 00:33:08.551 [Thread-11] DEBUG o.e.t.c.p.ProjectCardController - ProjectCardController.setContext: org.example.taskschedulerdesktop.models.Project@2184fae2, hashCode = 1240950178
2026-09-27 00:33:08.551 [Thread-11] DEBUG o.e.t.c.p.ProjectCardController - class = org.example.taskschedulerdesktop.models.Project
2026-09-27 00:33:08.551 [Thread-11] DEBUG o.e.t.listeners.EventBus - SUBSCRIBE: TaskChangedEvent -> 216893333
2026-09-27 00:52:30.948 [JavaFX Application Thread] DEBUG o.e.t.c.p.ProjectCardController - Click on the card, context = org.example.taskschedulerdesktop.models.Project@2e8b843d
2026-09-27 00:52:30.948 [JavaFX Application Thread] DEBUG o.e.t.navigation.NavigationManager - Start async loading page: /org/example/taskschedulerdesktop/view/project_details.fxml
2026-09-27 00:52:30.959 [Thread-6] DEBUG o.e.t.listeners.EventBus - SUBSCRIBE: TaskChangedEvent -> 1168943175
2026-09-27 00:52:30.959 [Thread-6] DEBUG o.e.t.listeners.EventBus - SUBSCRIBE: ProjectChangedEvent -> 1863414157
2026-09-27 00:52:30.960 [JavaFX Application Thread] DEBUG o.e.t.c.p.ProjectDetailsController - setContext: org.example.taskschedulerdesktop.models.Project@2e8b843d
2026-09-27 00:52:30.960 [JavaFX Application Thread] DEBUG o.e.t.c.p.ProjectDetailsController - class = org.example.taskschedulerdesktop.models.Project
2026-09-27 00:52:30.960 [JavaFX Application Thread] DEBUG o.e.t.c.p.ProjectDetailsController - updateUI: name=Редизайн портала, tasks=3, completed=3, percent=100
2026-09-27 00:52:30.960 [Thread-8] DEBUG o.e.t.r.task.H2TaskRepository - findViewsByProjectIdAndStatus(1, NEW)
2026-09-27 00:52:30.960 [Thread-7] DEBUG o.e.t.r.task.H2TaskRepository - findViewsByProjectIdAndStatus(1, IN_PROGRESS)
2026-09-27 00:52:30.960 [Thread-9] DEBUG o.e.t.r.task.H2TaskRepository - findViewsByProjectIdAndStatus(1, UNDER_REVIEW)
2026-09-27 00:52:30.960 [Thread-10] DEBUG o.e.t.r.task.H2TaskRepository - findViewsByProjectIdAndStatus(1, COMPLETED)
2026-09-27 00:52:30.961 [Thread-7] DEBUG o.e.t.r.task.H2TaskRepository - countByProjectNameAndStatus(1, IN_PROGRESS)
2026-09-27 00:52:30.961 [JavaFX Application Thread] DEBUG o.e.t.listeners.EventBus - FIRE: PageTitleChangedEvent (subscribers: 1)
2026-09-27 00:52:30.961 [Thread-8] DEBUG o.e.t.r.task.H2TaskRepository - countByProjectNameAndStatus(1, NEW)
2026-09-27 00:52:30.961 [Thread-9] DEBUG o.e.t.r.task.H2TaskRepository - countByProjectNameAndStatus(1, UNDER_REVIEW)
2026-09-27 00:52:30.961 [JavaFX Application Thread] DEBUG o.e.t.navigation.NavigationManager - Page displayed successfully: /org/example/taskschedulerdesktop/view/project_details.fxml
2026-09-27 00:52:30.962 [Thread-7] DEBUG o.e.t.r.task.H2TaskRepository - countByProjectNameAndStatus(1, COMPLETED)
2026-09-27 00:52:30.962 [Thread-9] DEBUG o.e.t.r.task.H2TaskRepository - countByProjectNameAndPriority(1, HIGH)
2026-09-27 00:52:30.962 [Thread-8] DEBUG o.e.t.r.task.H2TaskRepository - countByProjectNameAndPriority(1, MIDDLE)
2026-09-27 00:52:30.962 [Thread-9] DEBUG o.e.t.r.task.H2TaskRepository - countByProjectNameAndPriority(1, LOW)
2026-09-27 00:52:30.963 [JavaFX Application Thread] DEBUG o.e.t.c.p.ProjectDetailsController - updateUI: name=Редизайн портала, tasks=3, completed=3, percent=100
2026-09-27 00:52:37.488 [JavaFX Application Thread] DEBUG o.e.t.navigation.NavigationManager - openRightSidebar: path=/org/example/taskschedulerdesktop/view/task_details.fxml, context=org.example.taskschedulerdesktop.dto.tasks.TaskView@1b97b3a7
2026-09-27 00:52:37.497 [JavaFX Application Thread] INFO  o.e.t.c.tasks.TaskDetailsController - initialize()
2026-09-27 00:52:37.497 [JavaFX Application Thread] DEBUG o.e.t.navigation.NavigationManager - sidebarController found, calling setContext()
2026-09-27 00:52:37.497 [JavaFX Application Thread] INFO  o.e.t.c.tasks.TaskDetailsController - setContext()
2026-09-27 00:52:37.497 [JavaFX Application Thread] DEBUG o.e.t.c.tasks.TaskDetailsController - context = org.example.taskschedulerdesktop.dto.tasks.TaskView@1b97b3a7
2026-09-27 00:52:37.497 [JavaFX Application Thread] INFO  o.e.t.c.tasks.TaskDetailsController - context saved: Оптимизация загрузки изображений
2026-09-27 00:52:37.497 [JavaFX Application Thread] DEBUG o.e.t.c.tasks.TaskDetailsController - updateUI()
2026-09-27 00:52:37.497 [JavaFX Application Thread] DEBUG o.e.t.c.tasks.TaskDetailsController - projectName: 1
2026-09-27 00:52:37.498 [JavaFX Application Thread] DEBUG o.e.t.c.tasks.TaskDetailsController - taskName: Оптимизация загрузки изображений
2026-09-27 00:52:37.498 [JavaFX Application Thread] DEBUG o.e.t.c.tasks.TaskDetailsController - status: COMPLETED
2026-09-27 00:52:37.498 [JavaFX Application Thread] DEBUG o.e.t.c.tasks.TaskDetailsController - priority: Высокий
2026-09-27 00:52:37.498 [JavaFX Application Thread] INFO  o.e.t.c.tasks.TaskDetailsController - UI updated
2026-09-27 00:52:37.498 [JavaFX Application Thread] DEBUG o.e.t.c.tasks.TaskDetailsController - updateUI()
2026-09-27 00:52:37.498 [JavaFX Application Thread] DEBUG o.e.t.c.tasks.TaskDetailsController - projectName: 1
2026-09-27 00:52:37.498 [JavaFX Application Thread] DEBUG o.e.t.c.tasks.TaskDetailsController - taskName: Оптимизация загрузки изображений
2026-09-27 00:52:37.498 [JavaFX Application Thread] DEBUG o.e.t.c.tasks.TaskDetailsController - status: COMPLETED
2026-09-27 00:52:37.498 [JavaFX Application Thread] DEBUG o.e.t.c.tasks.TaskDetailsController - priority: Высокий
2026-09-27 00:52:37.498 [JavaFX Application Thread] INFO  o.e.t.c.tasks.TaskDetailsController - UI updated
2026-09-27 00:52:39.297 [JavaFX Application Thread] DEBUG o.e.t.c.tasks.TaskDetailsController - Close right sidebar
2026-09-27 00:52:41.287 [JavaFX Application Thread] DEBUG o.e.t.navigation.NavigationManager - openRightSidebar: path=/org/example/taskschedulerdesktop/view/task_details.fxml, context=org.example.taskschedulerdesktop.dto.tasks.TaskView@1b97b3a7
2026-09-27 00:52:41.295 [JavaFX Application Thread] INFO  o.e.t.c.tasks.TaskDetailsController - initialize()
2026-09-27 00:52:41.295 [JavaFX Application Thread] DEBUG o.e.t.navigation.NavigationManager - sidebarController found, calling setContext()
2026-09-27 00:52:41.295 [JavaFX Application Thread] INFO  o.e.t.c.tasks.TaskDetailsController - setContext()
2026-09-27 00:52:41.295 [JavaFX Application Thread] DEBUG o.e.t.c.tasks.TaskDetailsController - context = org.example.taskschedulerdesktop.dto.tasks.TaskView@1b97b3a7
2026-09-27 00:52:41.295 [JavaFX Application Thread] INFO  o.e.t.c.tasks.TaskDetailsController - context saved: Оптимизация загрузки изображений
2026-09-27 00:52:41.295 [JavaFX Application Thread] DEBUG o.e.t.c.tasks.TaskDetailsController - updateUI()
2026-09-27 00:52:41.295 [JavaFX Application Thread] DEBUG o.e.t.c.tasks.TaskDetailsController - projectName: 1
2026-09-27 00:52:41.295 [JavaFX Application Thread] DEBUG o.e.t.c.tasks.TaskDetailsController - taskName: Оптимизация загрузки изображений
2026-09-27 00:52:41.295 [JavaFX Application Thread] DEBUG o.e.t.c.tasks.TaskDetailsController - status: COMPLETED
2026-09-27 00:52:41.295 [JavaFX Application Thread] DEBUG o.e.t.c.tasks.TaskDetailsController - priority: Высокий
2026-09-27 00:52:41.295 [JavaFX Application Thread] INFO  o.e.t.c.tasks.TaskDetailsController - UI updated
2026-09-27 00:52:41.295 [JavaFX Application Thread] DEBUG o.e.t.c.tasks.TaskDetailsController - updateUI()
2026-09-27 00:52:41.295 [JavaFX Application Thread] DEBUG o.e.t.c.tasks.TaskDetailsController - projectName: 1
2026-09-27 00:52:41.295 [JavaFX Application Thread] DEBUG o.e.t.c.tasks.TaskDetailsController - taskName: Оптимизация загрузки изображений
2026-09-27 00:52:41.295 [JavaFX Application Thread] DEBUG o.e.t.c.tasks.TaskDetailsController - status: COMPLETED
2026-09-27 00:52:41.295 [JavaFX Application Thread] DEBUG o.e.t.c.tasks.TaskDetailsController - priority: Высокий
2026-09-27 00:52:41.295 [JavaFX Application Thread] INFO  o.e.t.c.tasks.TaskDetailsController - UI updated
2026-09-27 00:52:42.974 [JavaFX Application Thread] DEBUG o.e.t.c.tasks.TaskDetailsController - Close right sidebar
2026-09-27 00:55:26.827 [JavaFX Application Thread] DEBUG o.e.t.navigation.NavigationManager - openRightSidebar: path=/org/example/taskschedulerdesktop/view/task_details.fxml, context=org.example.taskschedulerdesktop.dto.tasks.TaskView@fe1d095
2026-09-27 00:55:26.833 [JavaFX Application Thread] INFO  o.e.t.c.tasks.TaskDetailsController - initialize()
2026-09-27 00:55:26.833 [JavaFX Application Thread] DEBUG o.e.t.navigation.NavigationManager - sidebarController found, calling setContext()
2026-09-27 00:55:26.833 [JavaFX Application Thread] INFO  o.e.t.c.tasks.TaskDetailsController - setContext()
2026-09-27 00:55:26.833 [JavaFX Application Thread] DEBUG o.e.t.c.tasks.TaskDetailsController - context = org.example.taskschedulerdesktop.dto.tasks.TaskView@fe1d095
2026-09-27 00:55:26.833 [JavaFX Application Thread] INFO  o.e.t.c.tasks.TaskDetailsController - context saved: 12345
2026-09-27 00:55:26.833 [JavaFX Application Thread] DEBUG o.e.t.c.tasks.TaskDetailsController - updateUI()
2026-09-27 00:55:26.833 [JavaFX Application Thread] DEBUG o.e.t.c.tasks.TaskDetailsController - projectName: 1
2026-09-27 00:55:26.833 [JavaFX Application Thread] DEBUG o.e.t.c.tasks.TaskDetailsController - taskName: 12345
2026-09-27 00:55:26.833 [JavaFX Application Thread] DEBUG o.e.t.c.tasks.TaskDetailsController - status: COMPLETED
2026-09-27 00:55:26.833 [JavaFX Application Thread] DEBUG o.e.t.c.tasks.TaskDetailsController - priority: Низкий
2026-09-27 00:55:26.834 [JavaFX Application Thread] INFO  o.e.t.c.tasks.TaskDetailsController - UI updated
2026-09-27 00:55:26.834 [JavaFX Application Thread] DEBUG o.e.t.c.tasks.TaskDetailsController - updateUI()
2026-09-27 00:55:26.834 [JavaFX Application Thread] DEBUG o.e.t.c.tasks.TaskDetailsController - projectName: 1
2026-09-27 00:55:26.834 [JavaFX Application Thread] DEBUG o.e.t.c.tasks.TaskDetailsController - taskName: 12345
2026-09-27 00:55:26.834 [JavaFX Application Thread] DEBUG o.e.t.c.tasks.TaskDetailsController - status: COMPLETED
2026-09-27 00:55:26.834 [JavaFX Application Thread] DEBUG o.e.t.c.tasks.TaskDetailsController - priority: Низкий
2026-09-27 00:55:26.834 [JavaFX Application Thread] INFO  o.e.t.c.tasks.TaskDetailsController - UI updated
2026-09-27 00:55:28.379 [JavaFX Application Thread] DEBUG o.e.t.c.tasks.TaskDetailsController - Click on delete button
2026-09-27 00:55:28.379 [JavaFX Application Thread] INFO  o.e.t.c.tasks.TaskDetailsController - Open delete panel for task: 12345
2026-09-27 00:55:29.198 [Thread-7] DEBUG o.e.t.r.task.H2TaskRepository - delete(23)
2026-09-27 00:55:29.199 [Thread-7] DEBUG o.e.t.r.task.H2TaskRepository - Task deleted: id = 23
2026-09-27 00:55:29.200 [JavaFX Application Thread] DEBUG o.e.t.listeners.EventBus - FIRE: TaskChangedEvent (subscribers: 15)
2026-09-27 00:55:29.200 [JavaFX Application Thread] DEBUG o.e.t.s.project.ProjectServiceImpl - TaskChangedEvent received: projectId=1
2026-09-27 00:55:29.200 [JavaFX Application Thread] DEBUG o.e.t.s.project.ProjectServiceImpl - Project found: Редизайн портала
2026-09-27 00:55:29.200 [JavaFX Application Thread] DEBUG o.e.t.s.project.ProjectServiceImpl - update(org.example.taskschedulerdesktop.models.Project@5c5b6a21)
2026-09-27 00:55:29.200 [JavaFX Application Thread] DEBUG o.e.t.r.task.H2TaskRepository - countByProjectName(1)
2026-09-27 00:55:29.201 [JavaFX Application Thread] DEBUG o.e.t.r.task.H2TaskRepository - countTasksByProjectName: 2
2026-09-27 00:55:29.201 [JavaFX Application Thread] DEBUG o.e.t.r.task.H2TaskRepository - countByProjectNameAndStatus(1, COMPLETED)
2026-09-27 00:55:29.201 [JavaFX Application Thread] DEBUG o.e.t.s.project.ProjectServiceImpl - Project: Редизайн портала, numberOfTasks = 2, completedTasks = 2
2026-09-27 00:55:29.201 [JavaFX Application Thread] DEBUG o.e.t.r.project.H2ProjectRepository - UPDATE project: id=1, numberOfTasks=2, completedTasks=2
2026-09-27 00:55:29.201 [JavaFX Application Thread] DEBUG o.e.t.r.project.H2ProjectRepository - Project updated in DB: Редизайн портала
2026-09-27 00:55:29.202 [JavaFX Application Thread] DEBUG o.e.t.s.project.ProjectServiceImpl - Project updated: Редизайн портала
2026-09-27 00:55:29.202 [JavaFX Application Thread] DEBUG o.e.t.c.p.ProjectCardController - TaskChangedEvent received: projectId=1
2026-09-27 00:55:29.202 [JavaFX Application Thread] DEBUG o.e.t.c.p.ProjectCardController - refreshCard(), context = org.example.taskschedulerdesktop.models.Project@254a2bdd
2026-09-27 00:55:29.202 [JavaFX Application Thread] DEBUG o.e.t.c.p.ProjectCardController - context.getId() = 1
2026-09-27 00:55:29.202 [JavaFX Application Thread] DEBUG o.e.t.c.p.ProjectCardController - TaskChangedEvent received: projectId=1
2026-09-27 00:55:29.202 [JavaFX Application Thread] DEBUG o.e.t.c.p.ProjectCardController - The event is not suitable
2026-09-27 00:55:29.202 [JavaFX Application Thread] DEBUG o.e.t.c.p.ProjectCardController - TaskChangedEvent received: projectId=1
2026-09-27 00:55:29.202 [Thread-9] DEBUG o.e.t.r.task.H2TaskRepository - findAllViews()
2026-09-27 00:55:29.202 [JavaFX Application Thread] DEBUG o.e.t.c.p.ProjectCardController - The event is not suitable
2026-09-27 00:55:29.202 [JavaFX Application Thread] DEBUG o.e.t.c.p.ProjectCardController - TaskChangedEvent received: projectId=1
2026-09-27 00:55:29.202 [JavaFX Application Thread] DEBUG o.e.t.c.p.ProjectCardController - The event is not suitable
2026-09-27 00:55:29.202 [JavaFX Application Thread] DEBUG o.e.t.c.p.ProjectCardController - TaskChangedEvent received: projectId=1
2026-09-27 00:55:29.202 [JavaFX Application Thread] DEBUG o.e.t.c.p.ProjectCardController - refreshCard(), context = org.example.taskschedulerdesktop.models.Project@1476bd14
2026-09-27 00:55:29.202 [JavaFX Application Thread] DEBUG o.e.t.c.p.ProjectCardController - context.getId() = 1
2026-09-27 00:55:29.202 [JavaFX Application Thread] DEBUG o.e.t.c.p.ProjectCardController - TaskChangedEvent received: projectId=1
2026-09-27 00:55:29.202 [JavaFX Application Thread] DEBUG o.e.t.c.p.ProjectCardController - The event is not suitable
2026-09-27 00:55:29.202 [JavaFX Application Thread] DEBUG o.e.t.c.p.ProjectCardController - TaskChangedEvent received: projectId=1
2026-09-27 00:55:29.202 [JavaFX Application Thread] DEBUG o.e.t.c.p.ProjectCardController - The event is not suitable
2026-09-27 00:55:29.202 [JavaFX Application Thread] DEBUG o.e.t.c.p.ProjectCardController - TaskChangedEvent received: projectId=1
2026-09-27 00:55:29.202 [JavaFX Application Thread] DEBUG o.e.t.c.p.ProjectCardController - The event is not suitable
2026-09-27 00:55:29.202 [JavaFX Application Thread] DEBUG o.e.t.c.p.ProjectCardController - TaskChangedEvent received: projectId=1
2026-09-27 00:55:29.202 [JavaFX Application Thread] DEBUG o.e.t.c.p.ProjectCardController - refreshCard(), context = org.example.taskschedulerdesktop.models.Project@2e8b843d
2026-09-27 00:55:29.202 [JavaFX Application Thread] DEBUG o.e.t.c.p.ProjectCardController - context.getId() = 1
2026-09-27 00:55:29.202 [JavaFX Application Thread] DEBUG o.e.t.c.p.ProjectCardController - TaskChangedEvent received: projectId=1
2026-09-27 00:55:29.202 [JavaFX Application Thread] DEBUG o.e.t.c.p.ProjectCardController - The event is not suitable
2026-09-27 00:55:29.202 [JavaFX Application Thread] DEBUG o.e.t.c.p.ProjectCardController - TaskChangedEvent received: projectId=1
2026-09-27 00:55:29.202 [JavaFX Application Thread] DEBUG o.e.t.c.p.ProjectCardController - The event is not suitable
2026-09-27 00:55:29.203 [JavaFX Application Thread] DEBUG o.e.t.c.p.ProjectCardController - TaskChangedEvent received: projectId=1
2026-09-27 00:55:29.203 [JavaFX Application Thread] DEBUG o.e.t.c.p.ProjectCardController - The event is not suitable
2026-09-27 00:55:29.203 [JavaFX Application Thread] DEBUG o.e.t.c.p.ProjectDetailsController - ProjectDetailsController: TaskChangedEvent received: projectId=1
2026-09-27 00:55:29.203 [Thread-8] DEBUG o.e.t.r.task.H2TaskRepository - findViewsByProjectIdAndStatus(1, NEW)
2026-09-27 00:55:29.203 [Thread-10] DEBUG o.e.t.r.task.H2TaskRepository - findViewsByProjectIdAndStatus(1, IN_PROGRESS)
2026-09-27 00:55:29.203 [Thread-7] DEBUG o.e.t.r.task.H2TaskRepository - findViewsByProjectIdAndStatus(1, UNDER_REVIEW)
2026-09-27 00:55:29.204 [Thread-7] DEBUG o.e.t.r.task.H2TaskRepository - findViewsByProjectIdAndStatus(1, COMPLETED)
2026-09-27 00:55:29.204 [Thread-10] DEBUG o.e.t.r.task.H2TaskRepository - countByProjectNameAndStatus(1, UNDER_REVIEW)
2026-09-27 00:55:29.204 [Thread-8] DEBUG o.e.t.r.task.H2TaskRepository - countByProjectNameAndStatus(1, IN_PROGRESS)
2026-09-27 00:55:29.204 [Thread-9] DEBUG o.e.t.r.task.H2TaskRepository - Found 15 views
2026-09-27 00:55:29.204 [Thread-9] DEBUG o.e.t.r.task.H2TaskRepository - countByProjectNameAndStatus(1, NEW)
2026-09-27 00:55:29.204 [Thread-10] DEBUG o.e.t.r.task.H2TaskRepository - countByProjectNameAndStatus(1, COMPLETED)
2026-09-27 00:55:29.204 [Thread-8] DEBUG o.e.t.r.task.H2TaskRepository - countByProjectNameAndPriority(1, HIGH)
2026-09-27 00:55:29.204 [Thread-9] DEBUG o.e.t.r.task.H2TaskRepository - countByProjectNameAndPriority(1, MIDDLE)
2026-09-27 00:55:29.204 [Thread-10] DEBUG o.e.t.r.task.H2TaskRepository - countByProjectNameAndPriority(1, LOW)
2026-09-27 00:55:29.205 [JavaFX Application Thread] DEBUG o.e.t.c.p.ProjectDetailsController - updateUI: name=Редизайн портала, tasks=2, completed=2, percent=100
2026-09-27 00:55:29.207 [JavaFX Application Thread] DEBUG o.e.t.service.task.AsyncTaskService - onSucceeded returned: 15 tasks
2026-09-27 00:55:29.207 [JavaFX Application Thread] DEBUG o.e.t.c.tasks.TaskTableController - onSuccess: received 15 tasks
2026-09-27 00:55:29.207 [JavaFX Application Thread] DEBUG o.e.t.c.tasks.TaskTableController - onSuccess: first task: Настроить интеграцию с 1C
2026-09-27 00:55:29.208 [JavaFX Application Thread] DEBUG o.e.t.c.tasks.TaskTableController - Table has: 15 tasks
2026-09-27 00:55:30.231 [JavaFX Application Thread] DEBUG o.e.t.navigation.NavigationManager - Click outside sidebar, closing
2026-09-27 00:55:48.365 [JavaFX-Launcher] INFO  o.e.t.TaskSchedulerApplication - Name: 'Inter 18pt Regular'
2026-09-27 00:55:48.368 [JavaFX-Launcher] INFO  o.e.t.TaskSchedulerApplication - Family: 'Inter 18pt'
2026-09-27 00:55:48.368 [JavaFX-Launcher] INFO  o.e.t.TaskSchedulerApplication - Style: 'Regular'
2026-09-27 00:55:48.368 [JavaFX-Launcher] DEBUG o.e.t.TaskSchedulerApplication - Font loaded: /org/example/taskschedulerdesktop/fonts/Inter_18pt-Regular.ttf → 'Inter 18pt'
2026-09-27 00:55:48.379 [JavaFX-Launcher] INFO  o.e.t.TaskSchedulerApplication - Name: 'Inter 18pt Medium'
2026-09-27 00:55:48.379 [JavaFX-Launcher] INFO  o.e.t.TaskSchedulerApplication - Family: 'Inter 18pt Medium'
2026-09-27 00:55:48.379 [JavaFX-Launcher] INFO  o.e.t.TaskSchedulerApplication - Style: 'Regular'
2026-09-27 00:55:48.379 [JavaFX-Launcher] DEBUG o.e.t.TaskSchedulerApplication - Font loaded: /org/example/taskschedulerdesktop/fonts/Inter_18pt-Medium.ttf → 'Inter 18pt Medium'
2026-09-27 00:55:48.393 [JavaFX-Launcher] INFO  o.e.t.TaskSchedulerApplication - Name: 'Inter 18pt SemiBold'
2026-09-27 00:55:48.393 [JavaFX-Launcher] INFO  o.e.t.TaskSchedulerApplication - Family: 'Inter 18pt SemiBold'
2026-09-27 00:55:48.393 [JavaFX-Launcher] INFO  o.e.t.TaskSchedulerApplication - Style: 'Regular'
2026-09-27 00:55:48.393 [JavaFX-Launcher] DEBUG o.e.t.TaskSchedulerApplication - Font loaded: /org/example/taskschedulerdesktop/fonts/Inter_18pt-SemiBold.ttf → 'Inter 18pt SemiBold'
2026-09-27 00:55:48.404 [JavaFX-Launcher] INFO  o.e.t.TaskSchedulerApplication - Name: 'Lora Regular'
2026-09-27 00:55:48.405 [JavaFX-Launcher] INFO  o.e.t.TaskSchedulerApplication - Family: 'Lora'
2026-09-27 00:55:48.405 [JavaFX-Launcher] INFO  o.e.t.TaskSchedulerApplication - Style: 'Regular'
2026-09-27 00:55:48.405 [JavaFX-Launcher] DEBUG o.e.t.TaskSchedulerApplication - Font loaded: /org/example/taskschedulerdesktop/fonts/Lora-Regular.ttf → 'Lora'
2026-09-27 00:55:48.416 [JavaFX-Launcher] INFO  o.e.t.TaskSchedulerApplication - Name: 'JetBrains Mono Regular'
2026-09-27 00:55:48.417 [JavaFX-Launcher] INFO  o.e.t.TaskSchedulerApplication - Family: 'JetBrains Mono'
2026-09-27 00:55:48.417 [JavaFX-Launcher] INFO  o.e.t.TaskSchedulerApplication - Style: 'Regular'
2026-09-27 00:55:48.418 [JavaFX-Launcher] DEBUG o.e.t.TaskSchedulerApplication - Font loaded: /org/example/taskschedulerdesktop/fonts/JetBrainsMono-Regular.ttf → 'JetBrains Mono'
2026-09-27 00:55:48.709 [JavaFX Application Thread] DEBUG o.e.t.database.DatabaseConnection - H2 TCP-server started on the port:9092 successful
2026-09-27 00:55:48.710 [JavaFX Application Thread] DEBUG o.e.t.r.task.H2TaskRepository - createTableIfNotExists()
2026-09-27 00:55:48.722 [JavaFX Application Thread] DEBUG o.e.t.r.task.H2TaskRepository - createIndexes()
2026-09-27 00:55:48.787 [JavaFX Application Thread] DEBUG o.e.t.s.project.ProjectServiceImpl - ProjectServiceImpl created
2026-09-27 00:55:48.789 [JavaFX Application Thread] DEBUG o.e.t.listeners.EventBus - SUBSCRIBE: TaskChangedEvent -> 1201505949
2026-09-27 00:55:48.790 [JavaFX Application Thread] DEBUG o.e.t.s.project.ProjectServiceImpl - Subscribe on TaskChangedEvent completed
2026-09-27 00:55:48.987 [JavaFX Application Thread] DEBUG o.e.t.listeners.EventBus - SUBSCRIBE: PageTitleChangedEvent -> 125367897
2026-09-27 00:55:49.001 [JavaFX Application Thread] DEBUG o.e.t.navigation.NavigationManager - Start async loading page: /org/example/taskschedulerdesktop/view/dashboard.fxml
2026-09-27 00:55:49.088 [Thread-6] DEBUG o.e.t.listeners.EventBus - SUBSCRIBE: TaskChangedEvent -> 1452285623
2026-09-27 00:55:49.090 [Thread-7] DEBUG o.e.t.r.task.H2TaskRepository - findAllViews()
2026-09-27 00:55:49.094 [Thread-6] DEBUG o.e.t.c.review.DashboardController - loadProjects()
2026-09-27 00:55:49.098 [JavaFX Application Thread] DEBUG o.e.t.TaskSchedulerApplication - CSS: /org/example/taskschedulerdesktop/styles/style.css
2026-09-27 00:55:49.099 [Thread-11] DEBUG o.e.t.s.project.AsyncProjectService - Found 4 projects
2026-09-27 00:55:49.099 [JavaFX Application Thread] DEBUG o.e.t.TaskSchedulerApplication - CSS: /org/example/taskschedulerdesktop/styles/base.css
2026-09-27 00:55:49.100 [JavaFX Application Thread] DEBUG o.e.t.TaskSchedulerApplication - CSS: /org/example/taskschedulerdesktop/styles/row_task_table.css
2026-09-27 00:55:49.101 [JavaFX Application Thread] DEBUG o.e.t.TaskSchedulerApplication - CSS: /org/example/taskschedulerdesktop/styles/task_table_view.css
2026-09-27 00:55:49.101 [Thread-7] DEBUG o.e.t.r.task.H2TaskRepository - Found 15 views
2026-09-27 00:55:49.138 [Thread-10] DEBUG o.e.t.r.task.H2TaskRepository - findAllViews()
2026-09-27 00:55:49.138 [Thread-6] DEBUG o.e.t.listeners.EventBus - SUBSCRIBE: TaskChangedEvent -> 28396714
2026-09-27 00:55:49.139 [Thread-6] DEBUG o.e.t.c.review.DashboardController - Task table loaded successfully
2026-09-27 00:55:49.140 [Thread-10] DEBUG o.e.t.r.task.H2TaskRepository - Found 15 views
2026-09-27 00:55:49.452 [JavaFX Application Thread] DEBUG o.e.t.c.review.DashboardController - Found 4 tasks, task status: COMPLETED
2026-09-27 00:55:49.453 [JavaFX Application Thread] DEBUG o.e.t.c.review.DashboardController - Found 1 tasks, task status: IN_PROGRESS
2026-09-27 00:55:49.454 [JavaFX Application Thread] DEBUG o.e.t.c.review.DashboardController - observableList size: 4
2026-09-27 00:55:49.454 [JavaFX Application Thread] DEBUG o.e.t.c.review.DashboardController - projectListView size : 4
2026-09-27 00:55:49.455 [JavaFX Application Thread] DEBUG o.e.t.c.review.DashboardController - Found 1 tasks, task status: UNDER_REVIEW
2026-09-27 00:55:49.457 [JavaFX Application Thread] DEBUG o.e.t.service.task.AsyncTaskService - onSucceeded returned: 15 tasks
2026-09-27 00:55:49.458 [JavaFX Application Thread] DEBUG o.e.t.c.review.DashboardController - Found 15 tasks
2026-09-27 00:55:49.479 [JavaFX Application Thread] DEBUG o.e.t.listeners.EventBus - FIRE: PageTitleChangedEvent (subscribers: 1)
2026-09-27 00:55:49.479 [JavaFX Application Thread] DEBUG o.e.t.navigation.NavigationManager - Page displayed successfully: /org/example/taskschedulerdesktop/view/dashboard.fxml
2026-09-27 00:55:49.480 [JavaFX Application Thread] DEBUG o.e.t.service.task.AsyncTaskService - onSucceeded returned: 15 tasks
2026-09-27 00:55:49.481 [JavaFX Application Thread] DEBUG o.e.t.c.tasks.TaskTableController - onSuccess: received 15 tasks
2026-09-27 00:55:49.481 [JavaFX Application Thread] DEBUG o.e.t.c.tasks.TaskTableController - onSuccess: first task: Настроить интеграцию с 1C
2026-09-27 00:55:49.481 [JavaFX Application Thread] DEBUG o.e.t.c.tasks.TaskTableController - Table has: 15 tasks
2026-09-27 00:55:49.612 [JavaFX Application Thread] DEBUG o.e.t.dto.projects.ProjectListCell - creating cell
2026-09-27 00:55:49.627 [JavaFX Application Thread] DEBUG o.e.t.dto.projects.ProjectListCell - loaded successfully
2026-09-27 00:55:49.862 [JavaFX Application Thread] DEBUG o.e.t.dto.projects.ProjectListCell - creating cell
2026-09-27 00:55:49.868 [JavaFX Application Thread] DEBUG o.e.t.dto.projects.ProjectListCell - loaded successfully
2026-09-27 00:55:49.875 [JavaFX Application Thread] DEBUG o.e.t.dto.projects.ProjectListCell - creating cell
2026-09-27 00:55:49.880 [JavaFX Application Thread] DEBUG o.e.t.dto.projects.ProjectListCell - loaded successfully
2026-09-27 00:55:49.886 [JavaFX Application Thread] DEBUG o.e.t.dto.projects.ProjectListCell - creating cell
2026-09-27 00:55:49.891 [JavaFX Application Thread] DEBUG o.e.t.dto.projects.ProjectListCell - loaded successfully
2026-09-27 00:55:49.896 [JavaFX Application Thread] DEBUG o.e.t.dto.projects.ProjectListCell - creating cell
2026-09-27 00:55:49.902 [JavaFX Application Thread] DEBUG o.e.t.dto.projects.ProjectListCell - loaded successfully
2026-09-27 00:55:49.908 [JavaFX Application Thread] DEBUG o.e.t.dto.projects.ProjectListCell - creating cell
2026-09-27 00:55:49.914 [JavaFX Application Thread] DEBUG o.e.t.dto.projects.ProjectListCell - loaded successfully
2026-09-27 00:55:49.916 [JavaFX Application Thread] DEBUG o.e.t.dto.projects.ProjectListCell - creating cell
2026-09-27 00:55:49.921 [JavaFX Application Thread] DEBUG o.e.t.dto.projects.ProjectListCell - loaded successfully
2026-09-27 00:55:49.923 [JavaFX Application Thread] DEBUG o.e.t.dto.projects.ProjectListCell - creating cell
2026-09-27 00:55:49.928 [JavaFX Application Thread] DEBUG o.e.t.dto.projects.ProjectListCell - loaded successfully
2026-09-27 00:55:49.929 [JavaFX Application Thread] DEBUG o.e.t.dto.projects.ProjectListCell - creating cell
2026-09-27 00:55:49.936 [JavaFX Application Thread] DEBUG o.e.t.dto.projects.ProjectListCell - loaded successfully
2026-09-27 00:55:49.938 [JavaFX Application Thread] DEBUG o.e.t.dto.projects.ProjectListCell - creating cell
2026-09-27 00:55:49.944 [JavaFX Application Thread] DEBUG o.e.t.dto.projects.ProjectListCell - loaded successfully
2026-09-27 00:55:49.945 [JavaFX Application Thread] DEBUG o.e.t.dto.projects.ProjectListCell - creating cell
2026-09-27 00:55:49.951 [JavaFX Application Thread] DEBUG o.e.t.dto.projects.ProjectListCell - loaded successfully
2026-09-27 00:55:49.952 [JavaFX Application Thread] DEBUG o.e.t.dto.projects.ProjectListCell - creating cell
2026-09-27 00:55:49.957 [JavaFX Application Thread] DEBUG o.e.t.dto.projects.ProjectListCell - loaded successfully
2026-09-27 00:55:49.959 [JavaFX Application Thread] DEBUG o.e.t.dto.projects.ProjectListCell - creating cell
2026-09-27 00:55:49.963 [JavaFX Application Thread] DEBUG o.e.t.dto.projects.ProjectListCell - loaded successfully
2026-09-27 00:55:49.964 [JavaFX Application Thread] DEBUG o.e.t.dto.projects.ProjectListCell - creating cell
2026-09-27 00:55:49.970 [JavaFX Application Thread] DEBUG o.e.t.dto.projects.ProjectListCell - loaded successfully
2026-09-27 00:55:55.051 [JavaFX Application Thread] DEBUG o.e.t.navigation.NavigationManager - Start async loading page: /org/example/taskschedulerdesktop/view/projects.fxml
2026-09-27 00:55:55.093 [Thread-12] DEBUG o.e.t.listeners.EventBus - SUBSCRIBE: ProjectChangedEvent -> 1683754929
2026-09-27 00:55:55.096 [Thread-13] DEBUG o.e.t.s.project.AsyncProjectService - createProjectLoader()
2026-09-27 00:55:55.097 [Thread-13] DEBUG o.e.t.s.project.AsyncProjectService - Project: org.example.taskschedulerdesktop.models.Project@2977dcdc, number of tasks = 2
2026-09-27 00:55:55.097 [JavaFX Application Thread] DEBUG o.e.t.listeners.EventBus - FIRE: PageTitleChangedEvent (subscribers: 1)
2026-09-27 00:55:55.098 [Thread-13] DEBUG o.e.t.s.project.ProjectCardService - createCard(org.example.taskschedulerdesktop.models.Project@2977dcdc)
2026-09-27 00:55:55.098 [JavaFX Application Thread] DEBUG o.e.t.navigation.NavigationManager - Page displayed successfully: /org/example/taskschedulerdesktop/view/projects.fxml
2026-09-27 00:55:55.108 [Thread-13] DEBUG o.e.t.c.p.ProjectCardController - ProjectCardController.initialize(), hashCode = 690672310
2026-09-27 00:55:55.109 [Thread-13] DEBUG o.e.t.c.p.ProjectCardController - context = null
2026-09-27 00:55:55.109 [Thread-13] DEBUG o.e.t.c.p.ProjectCardController - ProjectCardController.setContext: org.example.taskschedulerdesktop.models.Project@2977dcdc, hashCode = 690672310
2026-09-27 00:55:55.109 [Thread-13] DEBUG o.e.t.c.p.ProjectCardController - class = org.example.taskschedulerdesktop.models.Project
2026-09-27 00:55:55.110 [Thread-13] DEBUG o.e.t.listeners.EventBus - SUBSCRIBE: TaskChangedEvent -> 1163042068
2026-09-27 00:55:55.111 [Thread-13] DEBUG o.e.t.s.project.ProjectCardService - createCard(org.example.taskschedulerdesktop.models.Project@32be8920)
2026-09-27 00:55:55.117 [Thread-13] DEBUG o.e.t.c.p.ProjectCardController - ProjectCardController.initialize(), hashCode = 1276215771
2026-09-27 00:55:55.118 [Thread-13] DEBUG o.e.t.c.p.ProjectCardController - context = null
2026-09-27 00:55:55.118 [Thread-13] DEBUG o.e.t.c.p.ProjectCardController - ProjectCardController.setContext: org.example.taskschedulerdesktop.models.Project@32be8920, hashCode = 1276215771
2026-09-27 00:55:55.118 [Thread-13] DEBUG o.e.t.c.p.ProjectCardController - class = org.example.taskschedulerdesktop.models.Project
2026-09-27 00:55:55.118 [Thread-13] DEBUG o.e.t.listeners.EventBus - SUBSCRIBE: TaskChangedEvent -> 1028774064
2026-09-27 00:55:55.118 [Thread-13] DEBUG o.e.t.s.project.ProjectCardService - createCard(org.example.taskschedulerdesktop.models.Project@62ec8128)
2026-09-27 00:55:55.125 [Thread-13] DEBUG o.e.t.c.p.ProjectCardController - ProjectCardController.initialize(), hashCode = 865522702
2026-09-27 00:55:55.125 [Thread-13] DEBUG o.e.t.c.p.ProjectCardController - context = null
2026-09-27 00:55:55.125 [Thread-13] DEBUG o.e.t.c.p.ProjectCardController - ProjectCardController.setContext: org.example.taskschedulerdesktop.models.Project@62ec8128, hashCode = 865522702
2026-09-27 00:55:55.125 [Thread-13] DEBUG o.e.t.c.p.ProjectCardController - class = org.example.taskschedulerdesktop.models.Project
2026-09-27 00:55:55.126 [Thread-13] DEBUG o.e.t.listeners.EventBus - SUBSCRIBE: TaskChangedEvent -> 1819906278
2026-09-27 00:55:55.126 [Thread-13] DEBUG o.e.t.s.project.ProjectCardService - createCard(org.example.taskschedulerdesktop.models.Project@748f2335)
2026-09-27 00:55:55.132 [Thread-13] DEBUG o.e.t.c.p.ProjectCardController - ProjectCardController.initialize(), hashCode = 1318107767
2026-09-27 00:55:55.132 [Thread-13] DEBUG o.e.t.c.p.ProjectCardController - context = null
2026-09-27 00:55:55.132 [Thread-13] DEBUG o.e.t.c.p.ProjectCardController - ProjectCardController.setContext: org.example.taskschedulerdesktop.models.Project@748f2335, hashCode = 1318107767
2026-09-27 00:55:55.133 [Thread-13] DEBUG o.e.t.c.p.ProjectCardController - class = org.example.taskschedulerdesktop.models.Project
2026-09-27 00:55:55.133 [Thread-13] DEBUG o.e.t.listeners.EventBus - SUBSCRIBE: TaskChangedEvent -> 1439767709
2026-09-27 00:55:55.699 [JavaFX Application Thread] DEBUG o.e.t.c.p.ProjectCardController - Click on the card, context = org.example.taskschedulerdesktop.models.Project@2977dcdc
2026-09-27 00:55:55.699 [JavaFX Application Thread] DEBUG o.e.t.navigation.NavigationManager - Start async loading page: /org/example/taskschedulerdesktop/view/project_details.fxml
2026-09-27 00:55:55.717 [Thread-6] DEBUG o.e.t.listeners.EventBus - SUBSCRIBE: TaskChangedEvent -> 1016985046
2026-09-27 00:55:55.717 [Thread-6] DEBUG o.e.t.listeners.EventBus - SUBSCRIBE: ProjectChangedEvent -> 1705785149
2026-09-27 00:55:55.717 [JavaFX Application Thread] DEBUG o.e.t.c.p.ProjectDetailsController - setContext: org.example.taskschedulerdesktop.models.Project@2977dcdc
2026-09-27 00:55:55.718 [JavaFX Application Thread] DEBUG o.e.t.c.p.ProjectDetailsController - class = org.example.taskschedulerdesktop.models.Project
2026-09-27 00:55:55.718 [JavaFX Application Thread] DEBUG o.e.t.c.p.ProjectDetailsController - updateUI: name=Редизайн портала, tasks=2, completed=2, percent=100
2026-09-27 00:55:55.721 [Thread-10] DEBUG o.e.t.r.task.H2TaskRepository - findViewsByProjectIdAndStatus(1, COMPLETED)
2026-09-27 00:55:55.721 [Thread-8] DEBUG o.e.t.r.task.H2TaskRepository - findViewsByProjectIdAndStatus(1, NEW)
2026-09-27 00:55:55.721 [Thread-9] DEBUG o.e.t.r.task.H2TaskRepository - findViewsByProjectIdAndStatus(1, IN_PROGRESS)
2026-09-27 00:55:55.721 [Thread-7] DEBUG o.e.t.r.task.H2TaskRepository - findViewsByProjectIdAndStatus(1, UNDER_REVIEW)
2026-09-27 00:55:55.723 [Thread-7] DEBUG o.e.t.r.task.H2TaskRepository - countByProjectNameAndStatus(1, IN_PROGRESS)
2026-09-27 00:55:55.723 [Thread-8] DEBUG o.e.t.r.task.H2TaskRepository - countByProjectNameAndStatus(1, UNDER_REVIEW)
2026-09-27 00:55:55.724 [Thread-9] DEBUG o.e.t.r.task.H2TaskRepository - countByProjectNameAndStatus(1, NEW)
2026-09-27 00:55:55.724 [Thread-7] DEBUG o.e.t.r.task.H2TaskRepository - countByProjectNameAndStatus(1, COMPLETED)
2026-09-27 00:55:55.727 [Thread-8] DEBUG o.e.t.r.task.H2TaskRepository - countByProjectNameAndPriority(1, HIGH)
2026-09-27 00:55:55.728 [Thread-9] DEBUG o.e.t.r.task.H2TaskRepository - countByProjectNameAndPriority(1, MIDDLE)
2026-09-27 00:55:55.728 [Thread-7] DEBUG o.e.t.r.task.H2TaskRepository - countByProjectNameAndPriority(1, LOW)
2026-09-27 00:55:55.729 [JavaFX Application Thread] DEBUG o.e.t.listeners.EventBus - FIRE: PageTitleChangedEvent (subscribers: 1)
2026-09-27 00:55:55.729 [JavaFX Application Thread] DEBUG o.e.t.navigation.NavigationManager - Page displayed successfully: /org/example/taskschedulerdesktop/view/project_details.fxml
2026-09-27 00:55:55.732 [JavaFX Application Thread] DEBUG o.e.t.c.p.ProjectDetailsController - updateUI: name=Редизайн портала, tasks=2, completed=2, percent=100
2026-09-27 00:55:58.123 [Thread-15] DEBUG o.e.t.s.project.AsyncProjectService - Found 4 projects
2026-09-27 00:56:08.266 [JavaFX Application Thread] DEBUG o.e.t.c.tasks.CreateTaskController - createTaskButton.getScene() = javafx.scene.Scene@1e847175
2026-09-27 00:56:08.266 [Thread-9] DEBUG o.e.t.service.task.TaskServiceImpl - save(org.example.taskschedulerdesktop.models.Task@71935846)
2026-09-27 00:56:08.266 [JavaFX Application Thread] DEBUG o.e.t.c.tasks.CreateTaskController - createTaskButton.getScene().getWindow() = javafx.stage.Stage@3671809b
2026-09-27 00:56:08.266 [Thread-9] DEBUG o.e.t.r.task.H2TaskRepository - save(org.example.taskschedulerdesktop.models.Task@71935846)
2026-09-27 00:56:08.271 [Thread-9] DEBUG o.e.t.r.task.H2TaskRepository - Task saved: id = 25
2026-09-27 00:56:08.271 [Thread-9] DEBUG o.e.t.service.task.TaskServiceImpl - TaskChangedEvent: projectId=1, taskName=123
2026-09-27 00:56:08.271 [Thread-9] DEBUG o.e.t.listeners.EventBus - FIRE: TaskChangedEvent (subscribers: 7)
2026-09-27 00:56:08.271 [Thread-9] DEBUG o.e.t.s.project.ProjectServiceImpl - TaskChangedEvent received: projectId=1
2026-09-27 00:56:08.272 [Thread-9] DEBUG o.e.t.s.project.ProjectServiceImpl - Project found: Редизайн портала
2026-09-27 00:56:08.272 [Thread-9] DEBUG o.e.t.s.project.ProjectServiceImpl - update(org.example.taskschedulerdesktop.models.Project@3c354df9)
2026-09-27 00:56:08.272 [Thread-9] DEBUG o.e.t.r.task.H2TaskRepository - countByProjectName(1)
2026-09-27 00:56:08.273 [Thread-9] DEBUG o.e.t.r.task.H2TaskRepository - countTasksByProjectName: 3
2026-09-27 00:56:08.273 [Thread-9] DEBUG o.e.t.r.task.H2TaskRepository - countByProjectNameAndStatus(1, COMPLETED)
2026-09-27 00:56:08.273 [Thread-9] DEBUG o.e.t.s.project.ProjectServiceImpl - Project: Редизайн портала, numberOfTasks = 3, completedTasks = 2
2026-09-27 00:56:08.273 [Thread-9] DEBUG o.e.t.r.project.H2ProjectRepository - UPDATE project: id=1, numberOfTasks=3, completedTasks=2
2026-09-27 00:56:08.277 [Thread-9] DEBUG o.e.t.r.project.H2ProjectRepository - Project updated in DB: Редизайн портала
2026-09-27 00:56:08.277 [Thread-9] DEBUG o.e.t.s.project.ProjectServiceImpl - Project updated: Редизайн портала
2026-09-27 00:56:08.277 [Thread-9] DEBUG o.e.t.c.p.ProjectCardController - TaskChangedEvent received: projectId=1
2026-09-27 00:56:08.277 [Thread-9] DEBUG o.e.t.c.p.ProjectCardController - refreshCard(), context = org.example.taskschedulerdesktop.models.Project@2977dcdc
2026-09-27 00:56:08.277 [Thread-8] DEBUG o.e.t.r.task.H2TaskRepository - findAllViews()
2026-09-27 00:56:08.277 [Thread-9] DEBUG o.e.t.c.p.ProjectCardController - context.getId() = 1
2026-09-27 00:56:08.279 [Thread-9] DEBUG o.e.t.c.p.ProjectCardController - TaskChangedEvent received: projectId=1
2026-09-27 00:56:08.279 [Thread-9] DEBUG o.e.t.c.p.ProjectCardController - The event is not suitable
2026-09-27 00:56:08.279 [Thread-9] DEBUG o.e.t.c.p.ProjectCardController - TaskChangedEvent received: projectId=1
2026-09-27 00:56:08.279 [Thread-9] DEBUG o.e.t.c.p.ProjectCardController - The event is not suitable
2026-09-27 00:56:08.279 [Thread-9] DEBUG o.e.t.c.p.ProjectCardController - TaskChangedEvent received: projectId=1
2026-09-27 00:56:08.279 [Thread-9] DEBUG o.e.t.c.p.ProjectCardController - The event is not suitable
2026-09-27 00:56:08.279 [Thread-9] DEBUG o.e.t.c.p.ProjectDetailsController - ProjectDetailsController: TaskChangedEvent received: projectId=1
2026-09-27 00:56:08.280 [Thread-9] ERROR o.e.t.listeners.EventBus - Ошибка в обработчике события: TaskChangedEvent
2026-09-27 00:56:08.280 [Thread-9] DEBUG o.e.t.service.task.TaskServiceImpl - Event TaskChangedEvent sent: projectName = 1
2026-09-27 00:56:08.280 [JavaFX Application Thread] DEBUG o.e.t.listeners.EventBus - FIRE: TaskChangedEvent (subscribers: 7)
2026-09-27 00:56:08.280 [JavaFX Application Thread] DEBUG o.e.t.s.project.ProjectServiceImpl - TaskChangedEvent received: projectId=1
2026-09-27 00:56:08.280 [Thread-8] DEBUG o.e.t.r.task.H2TaskRepository - Found 16 views
2026-09-27 00:56:08.280 [JavaFX Application Thread] DEBUG o.e.t.s.project.ProjectServiceImpl - Project found: Редизайн портала
2026-09-27 00:56:08.280 [JavaFX Application Thread] DEBUG o.e.t.s.project.ProjectServiceImpl - update(org.example.taskschedulerdesktop.models.Project@549fab7c)
2026-09-27 00:56:08.280 [JavaFX Application Thread] DEBUG o.e.t.r.task.H2TaskRepository - countByProjectName(1)
2026-09-27 00:56:08.281 [JavaFX Application Thread] DEBUG o.e.t.r.task.H2TaskRepository - countTasksByProjectName: 3
2026-09-27 00:56:08.281 [JavaFX Application Thread] DEBUG o.e.t.r.task.H2TaskRepository - countByProjectNameAndStatus(1, COMPLETED)
2026-09-27 00:56:08.281 [JavaFX Application Thread] DEBUG o.e.t.s.project.ProjectServiceImpl - Project: Редизайн портала, numberOfTasks = 3, completedTasks = 2
2026-09-27 00:56:08.281 [JavaFX Application Thread] DEBUG o.e.t.r.project.H2ProjectRepository - UPDATE project: id=1, numberOfTasks=3, completedTasks=2
2026-09-27 00:56:08.282 [JavaFX Application Thread] DEBUG o.e.t.r.project.H2ProjectRepository - Project updated in DB: Редизайн портала
2026-09-27 00:56:08.282 [JavaFX Application Thread] DEBUG o.e.t.s.project.ProjectServiceImpl - Project updated: Редизайн портала
2026-09-27 00:56:08.282 [JavaFX Application Thread] DEBUG o.e.t.c.p.ProjectCardController - TaskChangedEvent received: projectId=1
2026-09-27 00:56:08.282 [JavaFX Application Thread] DEBUG o.e.t.c.p.ProjectCardController - refreshCard(), context = org.example.taskschedulerdesktop.models.Project@2977dcdc
2026-09-27 00:56:08.282 [JavaFX Application Thread] DEBUG o.e.t.c.p.ProjectCardController - context.getId() = 1
2026-09-27 00:56:08.282 [JavaFX Application Thread] DEBUG o.e.t.c.p.ProjectCardController - TaskChangedEvent received: projectId=1
2026-09-27 00:56:08.282 [Thread-7] DEBUG o.e.t.r.task.H2TaskRepository - findAllViews()
2026-09-27 00:56:08.282 [JavaFX Application Thread] DEBUG o.e.t.c.p.ProjectCardController - The event is not suitable
2026-09-27 00:56:08.282 [JavaFX Application Thread] DEBUG o.e.t.c.p.ProjectCardController - TaskChangedEvent received: projectId=1
2026-09-27 00:56:08.282 [JavaFX Application Thread] DEBUG o.e.t.c.p.ProjectCardController - The event is not suitable
2026-09-27 00:56:08.282 [JavaFX Application Thread] DEBUG o.e.t.c.p.ProjectCardController - TaskChangedEvent received: projectId=1
2026-09-27 00:56:08.282 [JavaFX Application Thread] DEBUG o.e.t.c.p.ProjectCardController - The event is not suitable
2026-09-27 00:56:08.282 [JavaFX Application Thread] DEBUG o.e.t.c.p.ProjectDetailsController - ProjectDetailsController: TaskChangedEvent received: projectId=1
2026-09-27 00:56:08.284 [Thread-10] DEBUG o.e.t.r.task.H2TaskRepository - findViewsByProjectIdAndStatus(1, NEW)
2026-09-27 00:56:08.284 [Thread-9] DEBUG o.e.t.r.task.H2TaskRepository - findViewsByProjectIdAndStatus(1, IN_PROGRESS)
2026-09-27 00:56:08.284 [Thread-8] DEBUG o.e.t.r.task.H2TaskRepository - findViewsByProjectIdAndStatus(1, UNDER_REVIEW)
2026-09-27 00:56:08.284 [Thread-7] DEBUG o.e.t.r.task.H2TaskRepository - Found 16 views
2026-09-27 00:56:08.284 [Thread-7] DEBUG o.e.t.r.task.H2TaskRepository - findViewsByProjectIdAndStatus(1, COMPLETED)
2026-09-27 00:56:08.284 [Thread-9] DEBUG o.e.t.r.task.H2TaskRepository - countByProjectNameAndStatus(1, IN_PROGRESS)
2026-09-27 00:56:08.284 [Thread-8] DEBUG o.e.t.r.task.H2TaskRepository - countByProjectNameAndStatus(1, UNDER_REVIEW)
2026-09-27 00:56:08.284 [Thread-9] DEBUG o.e.t.r.task.H2TaskRepository - countByProjectNameAndStatus(1, NEW)
2026-09-27 00:56:08.286 [Thread-8] DEBUG o.e.t.r.task.H2TaskRepository - countByProjectNameAndStatus(1, COMPLETED)
2026-09-27 00:56:08.286 [Thread-9] DEBUG o.e.t.r.task.H2TaskRepository - countByProjectNameAndPriority(1, HIGH)
2026-09-27 00:56:08.286 [JavaFX Application Thread] DEBUG o.e.t.navigation.NavigationManager - Close Stage: Новая задача
2026-09-27 00:56:08.286 [Thread-8] DEBUG o.e.t.r.task.H2TaskRepository - countByProjectNameAndPriority(1, MIDDLE)
2026-09-27 00:56:08.286 [Thread-9] DEBUG o.e.t.r.task.H2TaskRepository - countByProjectNameAndPriority(1, LOW)
2026-09-27 00:56:08.306 [JavaFX Application Thread] DEBUG o.e.t.navigation.NavigationManager - Toast is displayed: Задача сохранена
2026-09-27 00:56:08.306 [JavaFX Application Thread] DEBUG o.e.t.service.task.AsyncTaskService - onSucceeded returned: 16 tasks
2026-09-27 00:56:08.306 [JavaFX Application Thread] DEBUG o.e.t.c.tasks.TaskTableController - onSuccess: received 16 tasks
2026-09-27 00:56:08.306 [JavaFX Application Thread] DEBUG o.e.t.c.tasks.TaskTableController - onSuccess: first task: Настроить интеграцию с 1C
2026-09-27 00:56:08.307 [JavaFX Application Thread] DEBUG o.e.t.c.tasks.TaskTableController - Table has: 16 tasks
2026-09-27 00:56:08.307 [JavaFX Application Thread] DEBUG o.e.t.service.task.AsyncTaskService - onSucceeded returned: 16 tasks
2026-09-27 00:56:08.307 [JavaFX Application Thread] DEBUG o.e.t.c.tasks.TaskTableController - onSuccess: received 16 tasks
2026-09-27 00:56:08.307 [JavaFX Application Thread] DEBUG o.e.t.c.tasks.TaskTableController - onSuccess: first task: Настроить интеграцию с 1C
2026-09-27 00:56:08.307 [JavaFX Application Thread] DEBUG o.e.t.c.tasks.TaskTableController - Table has: 16 tasks
2026-09-27 00:56:08.309 [JavaFX Application Thread] DEBUG o.e.t.c.p.ProjectDetailsController - updateUI: name=Редизайн портала, tasks=3, completed=2, percent=66
2026-09-27 00:56:09.808 [JavaFX Application Thread] DEBUG o.e.t.navigation.NavigationManager - openRightSidebar: path=/org/example/taskschedulerdesktop/view/task_details.fxml, context=org.example.taskschedulerdesktop.dto.tasks.TaskView@3581f65e
2026-09-27 00:56:09.824 [JavaFX Application Thread] INFO  o.e.t.c.tasks.TaskDetailsController - initialize()
2026-09-27 00:56:09.826 [JavaFX Application Thread] DEBUG o.e.t.navigation.NavigationManager - sidebarController found, calling setContext()
2026-09-27 00:56:09.826 [JavaFX Application Thread] INFO  o.e.t.c.tasks.TaskDetailsController - setContext()
2026-09-27 00:56:09.826 [JavaFX Application Thread] DEBUG o.e.t.c.tasks.TaskDetailsController - context = org.example.taskschedulerdesktop.dto.tasks.TaskView@3581f65e
2026-09-27 00:56:09.826 [JavaFX Application Thread] INFO  o.e.t.c.tasks.TaskDetailsController - context saved: 123
2026-09-27 00:56:09.826 [JavaFX Application Thread] DEBUG o.e.t.c.tasks.TaskDetailsController - updateUI()
2026-09-27 00:56:09.826 [JavaFX Application Thread] DEBUG o.e.t.c.tasks.TaskDetailsController - projectName: 1
2026-09-27 00:56:09.826 [JavaFX Application Thread] DEBUG o.e.t.c.tasks.TaskDetailsController - taskName: 123
2026-09-27 00:56:09.826 [JavaFX Application Thread] DEBUG o.e.t.c.tasks.TaskDetailsController - status: NEW
2026-09-27 00:56:09.827 [JavaFX Application Thread] DEBUG o.e.t.c.tasks.TaskDetailsController - priority: Низкий
2026-09-27 00:56:09.830 [JavaFX Application Thread] INFO  o.e.t.c.tasks.TaskDetailsController - UI updated
2026-09-27 00:56:09.830 [JavaFX Application Thread] DEBUG o.e.t.c.tasks.TaskDetailsController - updateUI()
2026-09-27 00:56:09.830 [JavaFX Application Thread] DEBUG o.e.t.c.tasks.TaskDetailsController - projectName: 1
2026-09-27 00:56:09.830 [JavaFX Application Thread] DEBUG o.e.t.c.tasks.TaskDetailsController - taskName: 123
2026-09-27 00:56:09.831 [JavaFX Application Thread] DEBUG o.e.t.c.tasks.TaskDetailsController - status: NEW
2026-09-27 00:56:09.831 [JavaFX Application Thread] DEBUG o.e.t.c.tasks.TaskDetailsController - priority: Низкий
2026-09-27 00:56:09.831 [JavaFX Application Thread] INFO  o.e.t.c.tasks.TaskDetailsController - UI updated
2026-09-27 00:56:12.268 [JavaFX Application Thread] DEBUG o.e.t.c.tasks.TaskDetailsController - Click on delete button
2026-09-27 00:56:12.268 [JavaFX Application Thread] INFO  o.e.t.c.tasks.TaskDetailsController - Open delete panel for task: 123
2026-09-27 00:56:13.248 [Thread-8] DEBUG o.e.t.r.task.H2TaskRepository - delete(25)
2026-09-27 00:56:13.249 [Thread-8] DEBUG o.e.t.r.task.H2TaskRepository - Task deleted: id = 25
2026-09-27 00:56:13.250 [JavaFX Application Thread] DEBUG o.e.t.listeners.EventBus - FIRE: TaskChangedEvent (subscribers: 7)
2026-09-27 00:56:13.250 [JavaFX Application Thread] DEBUG o.e.t.s.project.ProjectServiceImpl - TaskChangedEvent received: projectId=1
2026-09-27 00:56:13.251 [JavaFX Application Thread] DEBUG o.e.t.s.project.ProjectServiceImpl - Project found: Редизайн портала
2026-09-27 00:56:13.251 [JavaFX Application Thread] DEBUG o.e.t.s.project.ProjectServiceImpl - update(org.example.taskschedulerdesktop.models.Project@2450b70c)
2026-09-27 00:56:13.251 [JavaFX Application Thread] DEBUG o.e.t.r.task.H2TaskRepository - countByProjectName(1)
2026-09-27 00:56:13.251 [JavaFX Application Thread] DEBUG o.e.t.r.task.H2TaskRepository - countTasksByProjectName: 2
2026-09-27 00:56:13.251 [JavaFX Application Thread] DEBUG o.e.t.r.task.H2TaskRepository - countByProjectNameAndStatus(1, COMPLETED)
2026-09-27 00:56:13.252 [JavaFX Application Thread] DEBUG o.e.t.s.project.ProjectServiceImpl - Project: Редизайн портала, numberOfTasks = 2, completedTasks = 2
2026-09-27 00:56:13.252 [JavaFX Application Thread] DEBUG o.e.t.r.project.H2ProjectRepository - UPDATE project: id=1, numberOfTasks=2, completedTasks=2
2026-09-27 00:56:13.252 [JavaFX Application Thread] DEBUG o.e.t.r.project.H2ProjectRepository - Project updated in DB: Редизайн портала
2026-09-27 00:56:13.252 [JavaFX Application Thread] DEBUG o.e.t.s.project.ProjectServiceImpl - Project updated: Редизайн портала
2026-09-27 00:56:13.253 [JavaFX Application Thread] DEBUG o.e.t.c.p.ProjectCardController - TaskChangedEvent received: projectId=1
2026-09-27 00:56:13.253 [Thread-9] DEBUG o.e.t.r.task.H2TaskRepository - findAllViews()
2026-09-27 00:56:13.253 [JavaFX Application Thread] DEBUG o.e.t.c.p.ProjectCardController - refreshCard(), context = org.example.taskschedulerdesktop.models.Project@2977dcdc
2026-09-27 00:56:13.253 [JavaFX Application Thread] DEBUG o.e.t.c.p.ProjectCardController - context.getId() = 1
2026-09-27 00:56:13.253 [JavaFX Application Thread] DEBUG o.e.t.c.p.ProjectCardController - TaskChangedEvent received: projectId=1
2026-09-27 00:56:13.253 [JavaFX Application Thread] DEBUG o.e.t.c.p.ProjectCardController - The event is not suitable
2026-09-27 00:56:13.253 [JavaFX Application Thread] DEBUG o.e.t.c.p.ProjectCardController - TaskChangedEvent received: projectId=1
2026-09-27 00:56:13.253 [JavaFX Application Thread] DEBUG o.e.t.c.p.ProjectCardController - The event is not suitable
2026-09-27 00:56:13.253 [JavaFX Application Thread] DEBUG o.e.t.c.p.ProjectCardController - TaskChangedEvent received: projectId=1
2026-09-27 00:56:13.253 [JavaFX Application Thread] DEBUG o.e.t.c.p.ProjectCardController - The event is not suitable
2026-09-27 00:56:13.253 [JavaFX Application Thread] DEBUG o.e.t.c.p.ProjectDetailsController - ProjectDetailsController: TaskChangedEvent received: projectId=1
2026-09-27 00:56:13.254 [Thread-10] DEBUG o.e.t.r.task.H2TaskRepository - findViewsByProjectIdAndStatus(1, NEW)
2026-09-27 00:56:13.254 [Thread-7] DEBUG o.e.t.r.task.H2TaskRepository - findViewsByProjectIdAndStatus(1, IN_PROGRESS)
2026-09-27 00:56:13.254 [Thread-8] DEBUG o.e.t.r.task.H2TaskRepository - findViewsByProjectIdAndStatus(1, UNDER_REVIEW)
2026-09-27 00:56:13.255 [Thread-7] DEBUG o.e.t.r.task.H2TaskRepository - findViewsByProjectIdAndStatus(1, COMPLETED)
2026-09-27 00:56:13.255 [Thread-9] DEBUG o.e.t.r.task.H2TaskRepository - Found 15 views
2026-09-27 00:56:13.255 [Thread-10] DEBUG o.e.t.r.task.H2TaskRepository - countByProjectNameAndStatus(1, UNDER_REVIEW)
2026-09-27 00:56:13.255 [Thread-8] DEBUG o.e.t.r.task.H2TaskRepository - countByProjectNameAndStatus(1, IN_PROGRESS)
2026-09-27 00:56:13.255 [Thread-9] DEBUG o.e.t.r.task.H2TaskRepository - countByProjectNameAndStatus(1, NEW)
2026-09-27 00:56:13.255 [Thread-9] DEBUG o.e.t.r.task.H2TaskRepository - countByProjectNameAndStatus(1, COMPLETED)
2026-09-27 00:56:13.255 [Thread-8] DEBUG o.e.t.r.task.H2TaskRepository - countByProjectNameAndPriority(1, HIGH)
2026-09-27 00:56:13.255 [Thread-10] DEBUG o.e.t.r.task.H2TaskRepository - countByProjectNameAndPriority(1, MIDDLE)
2026-09-27 00:56:13.255 [Thread-9] DEBUG o.e.t.r.task.H2TaskRepository - countByProjectNameAndPriority(1, LOW)
2026-09-27 00:56:13.269 [JavaFX Application Thread] DEBUG o.e.t.navigation.NavigationManager - Toast is displayed: Задача удалена!
2026-09-27 00:56:13.274 [JavaFX Application Thread] DEBUG o.e.t.c.p.ProjectDetailsController - updateUI: name=Редизайн портала, tasks=2, completed=2, percent=100
2026-09-27 00:56:13.275 [JavaFX Application Thread] DEBUG o.e.t.service.task.AsyncTaskService - onSucceeded returned: 15 tasks
2026-09-27 00:56:13.276 [JavaFX Application Thread] DEBUG o.e.t.c.tasks.TaskTableController - onSuccess: received 15 tasks
2026-09-27 00:56:13.276 [JavaFX Application Thread] DEBUG o.e.t.c.tasks.TaskTableController - onSuccess: first task: Настроить интеграцию с 1C
2026-09-27 00:56:13.276 [JavaFX Application Thread] DEBUG o.e.t.c.tasks.TaskTableController - Table has: 15 tasks
2026-09-27 00:56:16.929 [JavaFX Application Thread] DEBUG o.e.t.navigation.NavigationManager - openRightSidebar: path=/org/example/taskschedulerdesktop/view/task_details.fxml, context=org.example.taskschedulerdesktop.dto.tasks.TaskView@2ad78252
2026-09-27 00:56:16.939 [JavaFX Application Thread] INFO  o.e.t.c.tasks.TaskDetailsController - initialize()
2026-09-27 00:56:16.939 [JavaFX Application Thread] DEBUG o.e.t.navigation.NavigationManager - sidebarController found, calling setContext()
2026-09-27 00:56:16.939 [JavaFX Application Thread] INFO  o.e.t.c.tasks.TaskDetailsController - setContext()
2026-09-27 00:56:16.939 [JavaFX Application Thread] DEBUG o.e.t.c.tasks.TaskDetailsController - context = org.example.taskschedulerdesktop.dto.tasks.TaskView@2ad78252
2026-09-27 00:56:16.939 [JavaFX Application Thread] INFO  o.e.t.c.tasks.TaskDetailsController - context saved: Оптимизация загрузки изображений
2026-09-27 00:56:16.939 [JavaFX Application Thread] DEBUG o.e.t.c.tasks.TaskDetailsController - updateUI()
2026-09-27 00:56:16.939 [JavaFX Application Thread] DEBUG o.e.t.c.tasks.TaskDetailsController - projectName: 1
2026-09-27 00:56:16.939 [JavaFX Application Thread] DEBUG o.e.t.c.tasks.TaskDetailsController - taskName: Оптимизация загрузки изображений
2026-09-27 00:56:16.939 [JavaFX Application Thread] DEBUG o.e.t.c.tasks.TaskDetailsController - status: COMPLETED
2026-09-27 00:56:16.939 [JavaFX Application Thread] DEBUG o.e.t.c.tasks.TaskDetailsController - priority: Высокий
2026-09-27 00:56:16.939 [JavaFX Application Thread] INFO  o.e.t.c.tasks.TaskDetailsController - UI updated
2026-09-27 00:56:16.940 [JavaFX Application Thread] DEBUG o.e.t.c.tasks.TaskDetailsController - updateUI()
2026-09-27 00:56:16.940 [JavaFX Application Thread] DEBUG o.e.t.c.tasks.TaskDetailsController - projectName: 1
2026-09-27 00:56:16.940 [JavaFX Application Thread] DEBUG o.e.t.c.tasks.TaskDetailsController - taskName: Оптимизация загрузки изображений
2026-09-27 00:56:16.940 [JavaFX Application Thread] DEBUG o.e.t.c.tasks.TaskDetailsController - status: COMPLETED
2026-09-27 00:56:16.940 [JavaFX Application Thread] DEBUG o.e.t.c.tasks.TaskDetailsController - priority: Высокий
2026-09-27 00:56:16.940 [JavaFX Application Thread] INFO  o.e.t.c.tasks.TaskDetailsController - UI updated
2026-09-27 00:56:17.626 [JavaFX Application Thread] DEBUG o.e.t.navigation.NavigationManager - Click outside sidebar, closing
2026-09-27 00:56:17.626 [JavaFX Application Thread] DEBUG o.e.t.navigation.NavigationManager - openRightSidebar: path=/org/example/taskschedulerdesktop/view/task_details.fxml, context=org.example.taskschedulerdesktop.dto.tasks.TaskView@2ad78252
2026-09-27 00:56:17.637 [JavaFX Application Thread] INFO  o.e.t.c.tasks.TaskDetailsController - initialize()
2026-09-27 00:56:17.638 [JavaFX Application Thread] DEBUG o.e.t.navigation.NavigationManager - sidebarController found, calling setContext()
2026-09-27 00:56:17.638 [JavaFX Application Thread] INFO  o.e.t.c.tasks.TaskDetailsController - setContext()
2026-09-27 00:56:17.638 [JavaFX Application Thread] DEBUG o.e.t.c.tasks.TaskDetailsController - context = org.example.taskschedulerdesktop.dto.tasks.TaskView@2ad78252
2026-09-27 00:56:17.638 [JavaFX Application Thread] INFO  o.e.t.c.tasks.TaskDetailsController - context saved: Оптимизация загрузки изображений
2026-09-27 00:56:17.638 [JavaFX Application Thread] DEBUG o.e.t.c.tasks.TaskDetailsController - updateUI()
2026-09-27 00:56:17.638 [JavaFX Application Thread] DEBUG o.e.t.c.tasks.TaskDetailsController - projectName: 1
2026-09-27 00:56:17.638 [JavaFX Application Thread] DEBUG o.e.t.c.tasks.TaskDetailsController - taskName: Оптимизация загрузки изображений
2026-09-27 00:56:17.638 [JavaFX Application Thread] DEBUG o.e.t.c.tasks.TaskDetailsController - status: COMPLETED
2026-09-27 00:56:17.638 [JavaFX Application Thread] DEBUG o.e.t.c.tasks.TaskDetailsController - priority: Высокий
2026-09-27 00:56:17.638 [JavaFX Application Thread] INFO  o.e.t.c.tasks.TaskDetailsController - UI updated
2026-09-27 00:56:17.638 [JavaFX Application Thread] DEBUG o.e.t.c.tasks.TaskDetailsController - updateUI()
2026-09-27 00:56:17.638 [JavaFX Application Thread] DEBUG o.e.t.c.tasks.TaskDetailsController - projectName: 1
2026-09-27 00:56:17.638 [JavaFX Application Thread] DEBUG o.e.t.c.tasks.TaskDetailsController - taskName: Оптимизация загрузки изображений
2026-09-27 00:56:17.638 [JavaFX Application Thread] DEBUG o.e.t.c.tasks.TaskDetailsController - status: COMPLETED
2026-09-27 00:56:17.638 [JavaFX Application Thread] DEBUG o.e.t.c.tasks.TaskDetailsController - priority: Высокий
2026-09-27 00:56:17.638 [JavaFX Application Thread] INFO  o.e.t.c.tasks.TaskDetailsController - UI updated
2026-09-27 00:56:18.522 [JavaFX Application Thread] DEBUG o.e.t.navigation.NavigationManager - openRightSidebar: path=/org/example/taskschedulerdesktop/view/task_details.fxml, context=org.example.taskschedulerdesktop.dto.tasks.TaskView@2ad78252
2026-09-27 00:56:18.532 [JavaFX Application Thread] INFO  o.e.t.c.tasks.TaskDetailsController - initialize()
2026-09-27 00:56:18.533 [JavaFX Application Thread] DEBUG o.e.t.navigation.NavigationManager - sidebarController found, calling setContext()
2026-09-27 00:56:18.533 [JavaFX Application Thread] INFO  o.e.t.c.tasks.TaskDetailsController - setContext()
2026-09-27 00:56:18.533 [JavaFX Application Thread] DEBUG o.e.t.c.tasks.TaskDetailsController - context = org.example.taskschedulerdesktop.dto.tasks.TaskView@2ad78252
2026-09-27 00:56:18.533 [JavaFX Application Thread] INFO  o.e.t.c.tasks.TaskDetailsController - context saved: Оптимизация загрузки изображений
2026-09-27 00:56:18.533 [JavaFX Application Thread] DEBUG o.e.t.c.tasks.TaskDetailsController - updateUI()
2026-09-27 00:56:18.533 [JavaFX Application Thread] DEBUG o.e.t.c.tasks.TaskDetailsController - projectName: 1
2026-09-27 00:56:18.533 [JavaFX Application Thread] DEBUG o.e.t.c.tasks.TaskDetailsController - taskName: Оптимизация загрузки изображений
2026-09-27 00:56:18.533 [JavaFX Application Thread] DEBUG o.e.t.c.tasks.TaskDetailsController - status: COMPLETED
2026-09-27 00:56:18.533 [JavaFX Application Thread] DEBUG o.e.t.c.tasks.TaskDetailsController - priority: Высокий
2026-09-27 00:56:18.533 [JavaFX Application Thread] INFO  o.e.t.c.tasks.TaskDetailsController - UI updated
2026-09-27 00:56:18.533 [JavaFX Application Thread] DEBUG o.e.t.c.tasks.TaskDetailsController - updateUI()
2026-09-27 00:56:18.533 [JavaFX Application Thread] DEBUG o.e.t.c.tasks.TaskDetailsController - projectName: 1
2026-09-27 00:56:18.533 [JavaFX Application Thread] DEBUG o.e.t.c.tasks.TaskDetailsController - taskName: Оптимизация загрузки изображений
2026-09-27 00:56:18.534 [JavaFX Application Thread] DEBUG o.e.t.c.tasks.TaskDetailsController - status: COMPLETED
2026-09-27 00:56:18.534 [JavaFX Application Thread] DEBUG o.e.t.c.tasks.TaskDetailsController - priority: Высокий
2026-09-27 00:56:18.534 [JavaFX Application Thread] INFO  o.e.t.c.tasks.TaskDetailsController - UI updated
2026-09-27 00:56:19.275 [JavaFX Application Thread] DEBUG o.e.t.navigation.NavigationManager - Click outside sidebar, closing
2026-09-27 00:56:19.276 [JavaFX Application Thread] DEBUG o.e.t.navigation.NavigationManager - openRightSidebar: path=/org/example/taskschedulerdesktop/view/task_details.fxml, context=org.example.taskschedulerdesktop.dto.tasks.TaskView@2ad78252
2026-09-27 00:56:19.287 [JavaFX Application Thread] INFO  o.e.t.c.tasks.TaskDetailsController - initialize()
2026-09-27 00:56:19.287 [JavaFX Application Thread] DEBUG o.e.t.navigation.NavigationManager - sidebarController found, calling setContext()
2026-09-27 00:56:19.287 [JavaFX Application Thread] INFO  o.e.t.c.tasks.TaskDetailsController - setContext()
2026-09-27 00:56:19.287 [JavaFX Application Thread] DEBUG o.e.t.c.tasks.TaskDetailsController - context = org.example.taskschedulerdesktop.dto.tasks.TaskView@2ad78252
2026-09-27 00:56:19.287 [JavaFX Application Thread] INFO  o.e.t.c.tasks.TaskDetailsController - context saved: Оптимизация загрузки изображений
2026-09-27 00:56:19.287 [JavaFX Application Thread] DEBUG o.e.t.c.tasks.TaskDetailsController - updateUI()
2026-09-27 00:56:19.287 [JavaFX Application Thread] DEBUG o.e.t.c.tasks.TaskDetailsController - projectName: 1
2026-09-27 00:56:19.287 [JavaFX Application Thread] DEBUG o.e.t.c.tasks.TaskDetailsController - taskName: Оптимизация загрузки изображений
2026-09-27 00:56:19.288 [JavaFX Application Thread] DEBUG o.e.t.c.tasks.TaskDetailsController - status: COMPLETED
2026-09-27 00:56:19.288 [JavaFX Application Thread] DEBUG o.e.t.c.tasks.TaskDetailsController - priority: Высокий
2026-09-27 00:56:19.288 [JavaFX Application Thread] INFO  o.e.t.c.tasks.TaskDetailsController - UI updated
2026-09-27 00:56:19.288 [JavaFX Application Thread] DEBUG o.e.t.c.tasks.TaskDetailsController - updateUI()
2026-09-27 00:56:19.288 [JavaFX Application Thread] DEBUG o.e.t.c.tasks.TaskDetailsController - projectName: 1
2026-09-27 00:56:19.288 [JavaFX Application Thread] DEBUG o.e.t.c.tasks.TaskDetailsController - taskName: Оптимизация загрузки изображений
2026-09-27 00:56:19.288 [JavaFX Application Thread] DEBUG o.e.t.c.tasks.TaskDetailsController - status: COMPLETED
2026-09-27 00:56:19.288 [JavaFX Application Thread] DEBUG o.e.t.c.tasks.TaskDetailsController - priority: Высокий
2026-09-27 00:56:19.288 [JavaFX Application Thread] INFO  o.e.t.c.tasks.TaskDetailsController - UI updated
2026-09-27 01:13:00.515 [JavaFX-Launcher] INFO  o.e.t.TaskSchedulerApplication - Name: 'Inter 18pt Regular'
2026-09-27 01:13:00.518 [JavaFX-Launcher] INFO  o.e.t.TaskSchedulerApplication - Family: 'Inter 18pt'
2026-09-27 01:13:00.518 [JavaFX-Launcher] INFO  o.e.t.TaskSchedulerApplication - Style: 'Regular'
2026-09-27 01:13:00.518 [JavaFX-Launcher] DEBUG o.e.t.TaskSchedulerApplication - Font loaded: /org/example/taskschedulerdesktop/fonts/Inter_18pt-Regular.ttf → 'Inter 18pt'
2026-09-27 01:13:00.530 [JavaFX-Launcher] INFO  o.e.t.TaskSchedulerApplication - Name: 'Inter 18pt Medium'
2026-09-27 01:13:00.530 [JavaFX-Launcher] INFO  o.e.t.TaskSchedulerApplication - Family: 'Inter 18pt Medium'
2026-09-27 01:13:00.530 [JavaFX-Launcher] INFO  o.e.t.TaskSchedulerApplication - Style: 'Regular'
2026-09-27 01:13:00.530 [JavaFX-Launcher] DEBUG o.e.t.TaskSchedulerApplication - Font loaded: /org/example/taskschedulerdesktop/fonts/Inter_18pt-Medium.ttf → 'Inter 18pt Medium'
2026-09-27 01:13:00.542 [JavaFX-Launcher] INFO  o.e.t.TaskSchedulerApplication - Name: 'Inter 18pt SemiBold'
2026-09-27 01:13:00.542 [JavaFX-Launcher] INFO  o.e.t.TaskSchedulerApplication - Family: 'Inter 18pt SemiBold'
2026-09-27 01:13:00.542 [JavaFX-Launcher] INFO  o.e.t.TaskSchedulerApplication - Style: 'Regular'
2026-09-27 01:13:00.542 [JavaFX-Launcher] DEBUG o.e.t.TaskSchedulerApplication - Font loaded: /org/example/taskschedulerdesktop/fonts/Inter_18pt-SemiBold.ttf → 'Inter 18pt SemiBold'
2026-09-27 01:13:00.554 [JavaFX-Launcher] INFO  o.e.t.TaskSchedulerApplication - Name: 'Lora Regular'
2026-09-27 01:13:00.554 [JavaFX-Launcher] INFO  o.e.t.TaskSchedulerApplication - Family: 'Lora'
2026-09-27 01:13:00.554 [JavaFX-Launcher] INFO  o.e.t.TaskSchedulerApplication - Style: 'Regular'
2026-09-27 01:13:00.554 [JavaFX-Launcher] DEBUG o.e.t.TaskSchedulerApplication - Font loaded: /org/example/taskschedulerdesktop/fonts/Lora-Regular.ttf → 'Lora'
2026-09-27 01:13:00.564 [JavaFX-Launcher] INFO  o.e.t.TaskSchedulerApplication - Name: 'JetBrains Mono Regular'
2026-09-27 01:13:00.565 [JavaFX-Launcher] INFO  o.e.t.TaskSchedulerApplication - Family: 'JetBrains Mono'
2026-09-27 01:13:00.565 [JavaFX-Launcher] INFO  o.e.t.TaskSchedulerApplication - Style: 'Regular'
2026-09-27 01:13:00.565 [JavaFX-Launcher] DEBUG o.e.t.TaskSchedulerApplication - Font loaded: /org/example/taskschedulerdesktop/fonts/JetBrainsMono-Regular.ttf → 'JetBrains Mono'
2026-09-27 01:13:00.848 [JavaFX Application Thread] DEBUG o.e.t.database.DatabaseConnection - H2 TCP-server started on the port:9092 successful
2026-09-27 01:13:00.849 [JavaFX Application Thread] DEBUG o.e.t.r.task.H2TaskRepository - createTableIfNotExists()
2026-09-27 01:13:00.859 [JavaFX Application Thread] DEBUG o.e.t.r.task.H2TaskRepository - createIndexes()
2026-09-27 01:13:00.872 [JavaFX Application Thread] DEBUG o.e.t.s.project.ProjectServiceImpl - ProjectServiceImpl created
2026-09-27 01:13:00.876 [JavaFX Application Thread] DEBUG o.e.t.listeners.EventBus - SUBSCRIBE: TaskChangedEvent -> 1487721249
2026-09-27 01:13:00.876 [JavaFX Application Thread] DEBUG o.e.t.s.project.ProjectServiceImpl - Subscribe on TaskChangedEvent completed
2026-09-27 01:13:01.094 [JavaFX Application Thread] DEBUG o.e.t.listeners.EventBus - SUBSCRIBE: PageTitleChangedEvent -> 764124341
2026-09-27 01:13:01.110 [JavaFX Application Thread] DEBUG o.e.t.navigation.NavigationManager - Start async loading page: /org/example/taskschedulerdesktop/view/dashboard.fxml
2026-09-27 01:13:01.194 [Thread-6] DEBUG o.e.t.listeners.EventBus - SUBSCRIBE: TaskChangedEvent -> 678296184
2026-09-27 01:13:01.197 [Thread-7] DEBUG o.e.t.r.task.H2TaskRepository - findAllViews()
2026-09-27 01:13:01.202 [Thread-6] DEBUG o.e.t.c.review.DashboardController - loadProjects()
2026-09-27 01:13:01.207 [Thread-11] DEBUG o.e.t.s.project.AsyncProjectService - Found 4 projects
2026-09-27 01:13:01.210 [Thread-7] DEBUG o.e.t.r.task.H2TaskRepository - Found 15 views
2026-09-27 01:13:01.210 [JavaFX Application Thread] DEBUG o.e.t.TaskSchedulerApplication - CSS: /org/example/taskschedulerdesktop/styles/style.css
2026-09-27 01:13:01.211 [JavaFX Application Thread] DEBUG o.e.t.TaskSchedulerApplication - CSS: /org/example/taskschedulerdesktop/styles/base.css
2026-09-27 01:13:01.212 [JavaFX Application Thread] DEBUG o.e.t.TaskSchedulerApplication - CSS: /org/example/taskschedulerdesktop/styles/row_task_table.css
2026-09-27 01:13:01.212 [JavaFX Application Thread] DEBUG o.e.t.TaskSchedulerApplication - CSS: /org/example/taskschedulerdesktop/styles/task_table_view.css
2026-09-27 01:13:01.247 [Thread-6] DEBUG o.e.t.listeners.EventBus - SUBSCRIBE: TaskChangedEvent -> 926059050
2026-09-27 01:13:01.247 [Thread-9] DEBUG o.e.t.r.task.H2TaskRepository - findAllViews()
2026-09-27 01:13:01.247 [Thread-6] DEBUG o.e.t.c.review.DashboardController - Task table loaded successfully
2026-09-27 01:13:01.249 [Thread-9] DEBUG o.e.t.r.task.H2TaskRepository - Found 15 views
2026-09-27 01:13:01.549 [JavaFX Application Thread] DEBUG o.e.t.c.review.DashboardController - Found 1 tasks, task status: UNDER_REVIEW
2026-09-27 01:13:01.551 [JavaFX Application Thread] DEBUG o.e.t.c.review.DashboardController - observableList size: 4
2026-09-27 01:13:01.552 [JavaFX Application Thread] DEBUG o.e.t.c.review.DashboardController - projectListView size : 4
2026-09-27 01:13:01.559 [JavaFX Application Thread] DEBUG o.e.t.c.review.DashboardController - Found 1 tasks, task status: IN_PROGRESS
2026-09-27 01:13:01.560 [JavaFX Application Thread] DEBUG o.e.t.c.review.DashboardController - Found 4 tasks, task status: COMPLETED
2026-09-27 01:13:01.561 [JavaFX Application Thread] DEBUG o.e.t.service.task.AsyncTaskService - onSucceeded returned: 15 tasks
2026-09-27 01:13:01.563 [JavaFX Application Thread] DEBUG o.e.t.c.review.DashboardController - Found 15 tasks
2026-09-27 01:13:01.568 [JavaFX Application Thread] DEBUG o.e.t.listeners.EventBus - FIRE: PageTitleChangedEvent (subscribers: 1)
2026-09-27 01:13:01.568 [JavaFX Application Thread] DEBUG o.e.t.navigation.NavigationManager - Page displayed successfully: /org/example/taskschedulerdesktop/view/dashboard.fxml
2026-09-27 01:13:01.570 [JavaFX Application Thread] DEBUG o.e.t.service.task.AsyncTaskService - onSucceeded returned: 15 tasks
2026-09-27 01:13:01.570 [JavaFX Application Thread] DEBUG o.e.t.c.tasks.TaskTableController - onSuccess: received 15 tasks
2026-09-27 01:13:01.570 [JavaFX Application Thread] DEBUG o.e.t.c.tasks.TaskTableController - onSuccess: first task: Настроить интеграцию с 1C
2026-09-27 01:13:01.570 [JavaFX Application Thread] DEBUG o.e.t.c.tasks.TaskTableController - Table has: 15 tasks
2026-09-27 01:13:01.685 [JavaFX Application Thread] DEBUG o.e.t.dto.projects.ProjectListCell - creating cell
2026-09-27 01:13:01.702 [JavaFX Application Thread] DEBUG o.e.t.dto.projects.ProjectListCell - loaded successfully
2026-09-27 01:13:01.918 [JavaFX Application Thread] DEBUG o.e.t.dto.projects.ProjectListCell - creating cell
2026-09-27 01:13:01.925 [JavaFX Application Thread] DEBUG o.e.t.dto.projects.ProjectListCell - loaded successfully
2026-09-27 01:13:01.932 [JavaFX Application Thread] DEBUG o.e.t.dto.projects.ProjectListCell - creating cell
2026-09-27 01:13:01.939 [JavaFX Application Thread] DEBUG o.e.t.dto.projects.ProjectListCell - loaded successfully
2026-09-27 01:13:01.946 [JavaFX Application Thread] DEBUG o.e.t.dto.projects.ProjectListCell - creating cell
2026-09-27 01:13:01.953 [JavaFX Application Thread] DEBUG o.e.t.dto.projects.ProjectListCell - loaded successfully
2026-09-27 01:13:01.959 [JavaFX Application Thread] DEBUG o.e.t.dto.projects.ProjectListCell - creating cell
2026-09-27 01:13:01.966 [JavaFX Application Thread] DEBUG o.e.t.dto.projects.ProjectListCell - loaded successfully
2026-09-27 01:13:01.970 [JavaFX Application Thread] DEBUG o.e.t.dto.projects.ProjectListCell - creating cell
2026-09-27 01:13:01.978 [JavaFX Application Thread] DEBUG o.e.t.dto.projects.ProjectListCell - loaded successfully
2026-09-27 01:13:01.980 [JavaFX Application Thread] DEBUG o.e.t.dto.projects.ProjectListCell - creating cell
2026-09-27 01:13:01.985 [JavaFX Application Thread] DEBUG o.e.t.dto.projects.ProjectListCell - loaded successfully
2026-09-27 01:13:01.987 [JavaFX Application Thread] DEBUG o.e.t.dto.projects.ProjectListCell - creating cell
2026-09-27 01:13:01.994 [JavaFX Application Thread] DEBUG o.e.t.dto.projects.ProjectListCell - loaded successfully
2026-09-27 01:13:01.996 [JavaFX Application Thread] DEBUG o.e.t.dto.projects.ProjectListCell - creating cell
2026-09-27 01:13:02.002 [JavaFX Application Thread] DEBUG o.e.t.dto.projects.ProjectListCell - loaded successfully
2026-09-27 01:13:02.003 [JavaFX Application Thread] DEBUG o.e.t.dto.projects.ProjectListCell - creating cell
2026-09-27 01:13:02.011 [JavaFX Application Thread] DEBUG o.e.t.dto.projects.ProjectListCell - loaded successfully
2026-09-27 01:13:02.013 [JavaFX Application Thread] DEBUG o.e.t.dto.projects.ProjectListCell - creating cell
2026-09-27 01:13:02.019 [JavaFX Application Thread] DEBUG o.e.t.dto.projects.ProjectListCell - loaded successfully
2026-09-27 01:13:02.021 [JavaFX Application Thread] DEBUG o.e.t.dto.projects.ProjectListCell - creating cell
2026-09-27 01:13:02.029 [JavaFX Application Thread] DEBUG o.e.t.dto.projects.ProjectListCell - loaded successfully
2026-09-27 01:13:02.030 [JavaFX Application Thread] DEBUG o.e.t.dto.projects.ProjectListCell - creating cell
2026-09-27 01:13:02.035 [JavaFX Application Thread] DEBUG o.e.t.dto.projects.ProjectListCell - loaded successfully
2026-09-27 01:13:02.038 [JavaFX Application Thread] DEBUG o.e.t.dto.projects.ProjectListCell - creating cell
2026-09-27 01:13:02.044 [JavaFX Application Thread] DEBUG o.e.t.dto.projects.ProjectListCell - loaded successfully
2026-09-27 01:13:04.668 [JavaFX Application Thread] DEBUG o.e.t.navigation.NavigationManager - Start async loading page: /org/example/taskschedulerdesktop/view/projects.fxml
2026-09-27 01:13:04.694 [Thread-12] DEBUG o.e.t.listeners.EventBus - SUBSCRIBE: ProjectChangedEvent -> 406733837
2026-09-27 01:13:04.697 [Thread-13] DEBUG o.e.t.s.project.AsyncProjectService - createProjectLoader()
2026-09-27 01:13:04.698 [Thread-13] DEBUG o.e.t.s.project.AsyncProjectService - Project: org.example.taskschedulerdesktop.models.Project@5c9d742f, number of tasks = 2
2026-09-27 01:13:04.698 [Thread-13] DEBUG o.e.t.s.project.ProjectCardService - createCard(org.example.taskschedulerdesktop.models.Project@5c9d742f)
2026-09-27 01:13:04.699 [JavaFX Application Thread] DEBUG o.e.t.listeners.EventBus - FIRE: PageTitleChangedEvent (subscribers: 1)
2026-09-27 01:13:04.699 [JavaFX Application Thread] DEBUG o.e.t.navigation.NavigationManager - Page displayed successfully: /org/example/taskschedulerdesktop/view/projects.fxml
2026-09-27 01:13:04.709 [Thread-13] DEBUG o.e.t.c.p.ProjectCardController - ProjectCardController.initialize(), hashCode = 541705116
2026-09-27 01:13:04.710 [Thread-13] DEBUG o.e.t.c.p.ProjectCardController - context = null
2026-09-27 01:13:04.710 [Thread-13] DEBUG o.e.t.c.p.ProjectCardController - ProjectCardController.setContext: org.example.taskschedulerdesktop.models.Project@5c9d742f, hashCode = 541705116
2026-09-27 01:13:04.710 [Thread-13] DEBUG o.e.t.c.p.ProjectCardController - class = org.example.taskschedulerdesktop.models.Project
2026-09-27 01:13:04.711 [Thread-13] DEBUG o.e.t.listeners.EventBus - SUBSCRIBE: TaskChangedEvent -> 1869182670
2026-09-27 01:13:04.711 [Thread-13] DEBUG o.e.t.s.project.ProjectCardService - createCard(org.example.taskschedulerdesktop.models.Project@5495f17e)
2026-09-27 01:13:04.719 [Thread-13] DEBUG o.e.t.c.p.ProjectCardController - ProjectCardController.initialize(), hashCode = 1663216513
2026-09-27 01:13:04.719 [Thread-13] DEBUG o.e.t.c.p.ProjectCardController - context = null
2026-09-27 01:13:04.719 [Thread-13] DEBUG o.e.t.c.p.ProjectCardController - ProjectCardController.setContext: org.example.taskschedulerdesktop.models.Project@5495f17e, hashCode = 1663216513
2026-09-27 01:13:04.719 [Thread-13] DEBUG o.e.t.c.p.ProjectCardController - class = org.example.taskschedulerdesktop.models.Project
2026-09-27 01:13:04.719 [Thread-13] DEBUG o.e.t.listeners.EventBus - SUBSCRIBE: TaskChangedEvent -> 1982112008
2026-09-27 01:13:04.719 [Thread-13] DEBUG o.e.t.s.project.ProjectCardService - createCard(org.example.taskschedulerdesktop.models.Project@496e1194)
2026-09-27 01:13:04.726 [Thread-13] DEBUG o.e.t.c.p.ProjectCardController - ProjectCardController.initialize(), hashCode = 1072016888
2026-09-27 01:13:04.726 [Thread-13] DEBUG o.e.t.c.p.ProjectCardController - context = null
2026-09-27 01:13:04.726 [Thread-13] DEBUG o.e.t.c.p.ProjectCardController - ProjectCardController.setContext: org.example.taskschedulerdesktop.models.Project@496e1194, hashCode = 1072016888
2026-09-27 01:13:04.726 [Thread-13] DEBUG o.e.t.c.p.ProjectCardController - class = org.example.taskschedulerdesktop.models.Project
2026-09-27 01:13:04.726 [Thread-13] DEBUG o.e.t.listeners.EventBus - SUBSCRIBE: TaskChangedEvent -> 1269294114
2026-09-27 01:13:04.726 [Thread-13] DEBUG o.e.t.s.project.ProjectCardService - createCard(org.example.taskschedulerdesktop.models.Project@3b22aa04)
2026-09-27 01:13:04.732 [Thread-13] DEBUG o.e.t.c.p.ProjectCardController - ProjectCardController.initialize(), hashCode = 462510674
2026-09-27 01:13:04.732 [Thread-13] DEBUG o.e.t.c.p.ProjectCardController - context = null
2026-09-27 01:13:04.732 [Thread-13] DEBUG o.e.t.c.p.ProjectCardController - ProjectCardController.setContext: org.example.taskschedulerdesktop.models.Project@3b22aa04, hashCode = 462510674
2026-09-27 01:13:04.732 [Thread-13] DEBUG o.e.t.c.p.ProjectCardController - class = org.example.taskschedulerdesktop.models.Project
2026-09-27 01:13:04.732 [Thread-13] DEBUG o.e.t.listeners.EventBus - SUBSCRIBE: TaskChangedEvent -> 1221557014
2026-09-27 01:13:05.548 [JavaFX Application Thread] DEBUG o.e.t.c.p.ProjectCardController - Click on the card, context = org.example.taskschedulerdesktop.models.Project@5c9d742f
2026-09-27 01:13:05.548 [JavaFX Application Thread] DEBUG o.e.t.navigation.NavigationManager - Start async loading page: /org/example/taskschedulerdesktop/view/project_details.fxml
2026-09-27 01:13:05.570 [Thread-6] DEBUG o.e.t.listeners.EventBus - SUBSCRIBE: TaskChangedEvent -> 950645932
2026-09-27 01:13:05.570 [Thread-6] DEBUG o.e.t.listeners.EventBus - SUBSCRIBE: ProjectChangedEvent -> 1211666890
2026-09-27 01:13:05.571 [JavaFX Application Thread] DEBUG o.e.t.c.p.ProjectDetailsController - setContext: org.example.taskschedulerdesktop.models.Project@5c9d742f
2026-09-27 01:13:05.571 [JavaFX Application Thread] DEBUG o.e.t.c.p.ProjectDetailsController - class = org.example.taskschedulerdesktop.models.Project
2026-09-27 01:13:05.571 [JavaFX Application Thread] DEBUG o.e.t.c.p.ProjectDetailsController - updateUI: name=Редизайн портала, tasks=2, completed=2, percent=100
2026-09-27 01:13:05.574 [Thread-8] DEBUG o.e.t.r.task.H2TaskRepository - findViewsByProjectIdAndStatus(1, NEW)
2026-09-27 01:13:05.574 [Thread-9] DEBUG o.e.t.r.task.H2TaskRepository - findViewsByProjectIdAndStatus(1, COMPLETED)
2026-09-27 01:13:05.574 [Thread-10] DEBUG o.e.t.r.task.H2TaskRepository - findViewsByProjectIdAndStatus(1, IN_PROGRESS)
2026-09-27 01:13:05.574 [Thread-7] DEBUG o.e.t.r.task.H2TaskRepository - findViewsByProjectIdAndStatus(1, UNDER_REVIEW)
2026-09-27 01:13:05.577 [Thread-7] DEBUG o.e.t.r.task.H2TaskRepository - countByProjectNameAndStatus(1, IN_PROGRESS)
2026-09-27 01:13:05.577 [Thread-8] DEBUG o.e.t.r.task.H2TaskRepository - countByProjectNameAndStatus(1, UNDER_REVIEW)
2026-09-27 01:13:05.578 [Thread-10] DEBUG o.e.t.r.task.H2TaskRepository - countByProjectNameAndStatus(1, NEW)
2026-09-27 01:13:05.579 [Thread-7] DEBUG o.e.t.r.task.H2TaskRepository - countByProjectNameAndStatus(1, COMPLETED)
2026-09-27 01:13:05.579 [Thread-8] DEBUG o.e.t.r.task.H2TaskRepository - countByProjectNameAndPriority(1, HIGH)
2026-09-27 01:13:05.579 [Thread-10] DEBUG o.e.t.r.task.H2TaskRepository - countByProjectNameAndPriority(1, MIDDLE)
2026-09-27 01:13:05.581 [Thread-7] DEBUG o.e.t.r.task.H2TaskRepository - countByProjectNameAndPriority(1, LOW)
2026-09-27 01:13:05.582 [JavaFX Application Thread] DEBUG o.e.t.listeners.EventBus - FIRE: PageTitleChangedEvent (subscribers: 1)
2026-09-27 01:13:05.582 [JavaFX Application Thread] DEBUG o.e.t.navigation.NavigationManager - Page displayed successfully: /org/example/taskschedulerdesktop/view/project_details.fxml
2026-09-27 01:13:05.624 [JavaFX Application Thread] DEBUG o.e.t.c.p.ProjectDetailsController - updateUI: name=Редизайн портала, tasks=2, completed=2, percent=100
2026-09-27 01:13:07.616 [JavaFX Application Thread] DEBUG o.e.t.navigation.NavigationManager - openRightSidebar: path=/org/example/taskschedulerdesktop/view/task_details.fxml, context=org.example.taskschedulerdesktop.dto.tasks.TaskView@655eece6
2026-09-27 01:13:07.651 [JavaFX Application Thread] INFO  o.e.t.c.tasks.TaskDetailsController - initialize()
2026-09-27 01:13:07.652 [JavaFX Application Thread] DEBUG o.e.t.navigation.NavigationManager - sidebarController found, calling setContext()
2026-09-27 01:13:07.652 [JavaFX Application Thread] INFO  o.e.t.c.tasks.TaskDetailsController - setContext()
2026-09-27 01:13:07.653 [JavaFX Application Thread] DEBUG o.e.t.c.tasks.TaskDetailsController - context = org.example.taskschedulerdesktop.dto.tasks.TaskView@655eece6
2026-09-27 01:13:07.653 [JavaFX Application Thread] INFO  o.e.t.c.tasks.TaskDetailsController - context saved: Оптимизация загрузки изображений
2026-09-27 01:13:07.653 [JavaFX Application Thread] DEBUG o.e.t.c.tasks.TaskDetailsController - updateUI()
2026-09-27 01:13:07.653 [JavaFX Application Thread] DEBUG o.e.t.c.tasks.TaskDetailsController - projectName: 1
2026-09-27 01:13:07.653 [JavaFX Application Thread] DEBUG o.e.t.c.tasks.TaskDetailsController - taskName: Оптимизация загрузки изображений
2026-09-27 01:13:07.653 [JavaFX Application Thread] DEBUG o.e.t.c.tasks.TaskDetailsController - status: COMPLETED
2026-09-27 01:13:07.653 [JavaFX Application Thread] DEBUG o.e.t.c.tasks.TaskDetailsController - priority: Высокий
2026-09-27 01:13:07.656 [JavaFX Application Thread] INFO  o.e.t.c.tasks.TaskDetailsController - UI updated
2026-09-27 01:13:07.656 [JavaFX Application Thread] DEBUG o.e.t.c.tasks.TaskDetailsController - updateUI()
2026-09-27 01:13:07.656 [JavaFX Application Thread] DEBUG o.e.t.c.tasks.TaskDetailsController - projectName: 1
2026-09-27 01:13:07.656 [JavaFX Application Thread] DEBUG o.e.t.c.tasks.TaskDetailsController - taskName: Оптимизация загрузки изображений
2026-09-27 01:13:07.656 [JavaFX Application Thread] DEBUG o.e.t.c.tasks.TaskDetailsController - status: COMPLETED
2026-09-27 01:13:07.656 [JavaFX Application Thread] DEBUG o.e.t.c.tasks.TaskDetailsController - priority: Высокий
2026-09-27 01:13:07.656 [JavaFX Application Thread] INFO  o.e.t.c.tasks.TaskDetailsController - UI updated
2026-09-27 01:13:08.938 [JavaFX Application Thread] DEBUG o.e.t.navigation.NavigationManager - Click outside sidebar, closing
2026-09-27 01:13:08.939 [JavaFX Application Thread] DEBUG o.e.t.navigation.NavigationManager - openRightSidebar: path=/org/example/taskschedulerdesktop/view/task_details.fxml, context=org.example.taskschedulerdesktop.dto.tasks.TaskView@655eece6
2026-09-27 01:13:08.951 [JavaFX Application Thread] INFO  o.e.t.c.tasks.TaskDetailsController - initialize()
2026-09-27 01:13:08.951 [JavaFX Application Thread] DEBUG o.e.t.navigation.NavigationManager - sidebarController found, calling setContext()
2026-09-27 01:13:08.951 [JavaFX Application Thread] INFO  o.e.t.c.tasks.TaskDetailsController - setContext()
2026-09-27 01:13:08.951 [JavaFX Application Thread] DEBUG o.e.t.c.tasks.TaskDetailsController - context = org.example.taskschedulerdesktop.dto.tasks.TaskView@655eece6
2026-09-27 01:13:08.951 [JavaFX Application Thread] INFO  o.e.t.c.tasks.TaskDetailsController - context saved: Оптимизация загрузки изображений
2026-09-27 01:13:08.951 [JavaFX Application Thread] DEBUG o.e.t.c.tasks.TaskDetailsController - updateUI()
2026-09-27 01:13:08.951 [JavaFX Application Thread] DEBUG o.e.t.c.tasks.TaskDetailsController - projectName: 1
2026-09-27 01:13:08.951 [JavaFX Application Thread] DEBUG o.e.t.c.tasks.TaskDetailsController - taskName: Оптимизация загрузки изображений
2026-09-27 01:13:08.951 [JavaFX Application Thread] DEBUG o.e.t.c.tasks.TaskDetailsController - status: COMPLETED
2026-09-27 01:13:08.951 [JavaFX Application Thread] DEBUG o.e.t.c.tasks.TaskDetailsController - priority: Высокий
2026-09-27 01:13:08.951 [JavaFX Application Thread] INFO  o.e.t.c.tasks.TaskDetailsController - UI updated
2026-09-27 01:13:08.951 [JavaFX Application Thread] DEBUG o.e.t.c.tasks.TaskDetailsController - updateUI()
2026-09-27 01:13:08.951 [JavaFX Application Thread] DEBUG o.e.t.c.tasks.TaskDetailsController - projectName: 1
2026-09-27 01:13:08.951 [JavaFX Application Thread] DEBUG o.e.t.c.tasks.TaskDetailsController - taskName: Оптимизация загрузки изображений
2026-09-27 01:13:08.951 [JavaFX Application Thread] DEBUG o.e.t.c.tasks.TaskDetailsController - status: COMPLETED
2026-09-27 01:13:08.951 [JavaFX Application Thread] DEBUG o.e.t.c.tasks.TaskDetailsController - priority: Высокий
2026-09-27 01:13:08.951 [JavaFX Application Thread] INFO  o.e.t.c.tasks.TaskDetailsController - UI updated
2026-09-27 01:13:10.277 [JavaFX Application Thread] DEBUG o.e.t.navigation.NavigationManager - openRightSidebar: path=/org/example/taskschedulerdesktop/view/task_details.fxml, context=org.example.taskschedulerdesktop.dto.tasks.TaskView@655eece6
2026-09-27 01:13:10.287 [JavaFX Application Thread] INFO  o.e.t.c.tasks.TaskDetailsController - initialize()
2026-09-27 01:13:10.287 [JavaFX Application Thread] DEBUG o.e.t.navigation.NavigationManager - sidebarController found, calling setContext()
2026-09-27 01:13:10.287 [JavaFX Application Thread] INFO  o.e.t.c.tasks.TaskDetailsController - setContext()
2026-09-27 01:13:10.287 [JavaFX Application Thread] DEBUG o.e.t.c.tasks.TaskDetailsController - context = org.example.taskschedulerdesktop.dto.tasks.TaskView@655eece6
2026-09-27 01:13:10.287 [JavaFX Application Thread] INFO  o.e.t.c.tasks.TaskDetailsController - context saved: Оптимизация загрузки изображений
2026-09-27 01:13:10.288 [JavaFX Application Thread] DEBUG o.e.t.c.tasks.TaskDetailsController - updateUI()
2026-09-27 01:13:10.288 [JavaFX Application Thread] DEBUG o.e.t.c.tasks.TaskDetailsController - projectName: 1
2026-09-27 01:13:10.288 [JavaFX Application Thread] DEBUG o.e.t.c.tasks.TaskDetailsController - taskName: Оптимизация загрузки изображений
2026-09-27 01:13:10.288 [JavaFX Application Thread] DEBUG o.e.t.c.tasks.TaskDetailsController - status: COMPLETED
2026-09-27 01:13:10.288 [JavaFX Application Thread] DEBUG o.e.t.c.tasks.TaskDetailsController - priority: Высокий
2026-09-27 01:13:10.288 [JavaFX Application Thread] INFO  o.e.t.c.tasks.TaskDetailsController - UI updated
2026-09-27 01:13:10.288 [JavaFX Application Thread] DEBUG o.e.t.c.tasks.TaskDetailsController - updateUI()
2026-09-27 01:13:10.288 [JavaFX Application Thread] DEBUG o.e.t.c.tasks.TaskDetailsController - projectName: 1
2026-09-27 01:13:10.288 [JavaFX Application Thread] DEBUG o.e.t.c.tasks.TaskDetailsController - taskName: Оптимизация загрузки изображений
2026-09-27 01:13:10.288 [JavaFX Application Thread] DEBUG o.e.t.c.tasks.TaskDetailsController - status: COMPLETED
2026-09-27 01:13:10.288 [JavaFX Application Thread] DEBUG o.e.t.c.tasks.TaskDetailsController - priority: Высокий
2026-09-27 01:13:10.288 [JavaFX Application Thread] INFO  o.e.t.c.tasks.TaskDetailsController - UI updated
2026-09-27 01:13:11.852 [JavaFX Application Thread] DEBUG o.e.t.navigation.NavigationManager - Click outside sidebar, closing
2026-09-27 01:13:11.852 [JavaFX Application Thread] DEBUG o.e.t.navigation.NavigationManager - openRightSidebar: path=/org/example/taskschedulerdesktop/view/task_details.fxml, context=org.example.taskschedulerdesktop.dto.tasks.TaskView@655eece6
2026-09-27 01:13:11.863 [JavaFX Application Thread] INFO  o.e.t.c.tasks.TaskDetailsController - initialize()
2026-09-27 01:13:11.864 [JavaFX Application Thread] DEBUG o.e.t.navigation.NavigationManager - sidebarController found, calling setContext()
2026-09-27 01:13:11.864 [JavaFX Application Thread] INFO  o.e.t.c.tasks.TaskDetailsController - setContext()
2026-09-27 01:13:11.864 [JavaFX Application Thread] DEBUG o.e.t.c.tasks.TaskDetailsController - context = org.example.taskschedulerdesktop.dto.tasks.TaskView@655eece6
2026-09-27 01:13:11.864 [JavaFX Application Thread] INFO  o.e.t.c.tasks.TaskDetailsController - context saved: Оптимизация загрузки изображений
2026-09-27 01:13:11.864 [JavaFX Application Thread] DEBUG o.e.t.c.tasks.TaskDetailsController - updateUI()
2026-09-27 01:13:11.864 [JavaFX Application Thread] DEBUG o.e.t.c.tasks.TaskDetailsController - projectName: 1
2026-09-27 01:13:11.864 [JavaFX Application Thread] DEBUG o.e.t.c.tasks.TaskDetailsController - taskName: Оптимизация загрузки изображений
2026-09-27 01:13:11.864 [JavaFX Application Thread] DEBUG o.e.t.c.tasks.TaskDetailsController - status: COMPLETED
2026-09-27 01:13:11.864 [JavaFX Application Thread] DEBUG o.e.t.c.tasks.TaskDetailsController - priority: Высокий
2026-09-27 01:13:11.864 [JavaFX Application Thread] INFO  o.e.t.c.tasks.TaskDetailsController - UI updated
2026-09-27 01:13:11.864 [JavaFX Application Thread] DEBUG o.e.t.c.tasks.TaskDetailsController - updateUI()
2026-09-27 01:13:11.864 [JavaFX Application Thread] DEBUG o.e.t.c.tasks.TaskDetailsController - projectName: 1
2026-09-27 01:13:11.864 [JavaFX Application Thread] DEBUG o.e.t.c.tasks.TaskDetailsController - taskName: Оптимизация загрузки изображений
2026-09-27 01:13:11.864 [JavaFX Application Thread] DEBUG o.e.t.c.tasks.TaskDetailsController - status: COMPLETED
2026-09-27 01:13:11.864 [JavaFX Application Thread] DEBUG o.e.t.c.tasks.TaskDetailsController - priority: Высокий
2026-09-27 01:13:11.864 [JavaFX Application Thread] INFO  o.e.t.c.tasks.TaskDetailsController - UI updated
2026-09-27 01:13:17.660 [JavaFX Application Thread] DEBUG o.e.t.navigation.NavigationManager - openRightSidebar: path=/org/example/taskschedulerdesktop/view/task_details.fxml, context=org.example.taskschedulerdesktop.dto.tasks.TaskView@655eece6
2026-09-27 01:13:17.670 [JavaFX Application Thread] INFO  o.e.t.c.tasks.TaskDetailsController - initialize()
2026-09-27 01:13:17.670 [JavaFX Application Thread] DEBUG o.e.t.navigation.NavigationManager - sidebarController found, calling setContext()
2026-09-27 01:13:17.670 [JavaFX Application Thread] INFO  o.e.t.c.tasks.TaskDetailsController - setContext()
2026-09-27 01:13:17.670 [JavaFX Application Thread] DEBUG o.e.t.c.tasks.TaskDetailsController - context = org.example.taskschedulerdesktop.dto.tasks.TaskView@655eece6
2026-09-27 01:13:17.670 [JavaFX Application Thread] INFO  o.e.t.c.tasks.TaskDetailsController - context saved: Оптимизация загрузки изображений
2026-09-27 01:13:17.670 [JavaFX Application Thread] DEBUG o.e.t.c.tasks.TaskDetailsController - updateUI()
2026-09-27 01:13:17.670 [JavaFX Application Thread] DEBUG o.e.t.c.tasks.TaskDetailsController - projectName: 1
2026-09-27 01:13:17.670 [JavaFX Application Thread] DEBUG o.e.t.c.tasks.TaskDetailsController - taskName: Оптимизация загрузки изображений
2026-09-27 01:13:17.670 [JavaFX Application Thread] DEBUG o.e.t.c.tasks.TaskDetailsController - status: COMPLETED
2026-09-27 01:13:17.670 [JavaFX Application Thread] DEBUG o.e.t.c.tasks.TaskDetailsController - priority: Высокий
2026-09-27 01:13:17.671 [JavaFX Application Thread] INFO  o.e.t.c.tasks.TaskDetailsController - UI updated
2026-09-27 01:13:17.671 [JavaFX Application Thread] DEBUG o.e.t.c.tasks.TaskDetailsController - updateUI()
2026-09-27 01:13:17.671 [JavaFX Application Thread] DEBUG o.e.t.c.tasks.TaskDetailsController - projectName: 1
2026-09-27 01:13:17.671 [JavaFX Application Thread] DEBUG o.e.t.c.tasks.TaskDetailsController - taskName: Оптимизация загрузки изображений
2026-09-27 01:13:17.671 [JavaFX Application Thread] DEBUG o.e.t.c.tasks.TaskDetailsController - status: COMPLETED
2026-09-27 01:13:17.671 [JavaFX Application Thread] DEBUG o.e.t.c.tasks.TaskDetailsController - priority: Высокий
2026-09-27 01:13:17.671 [JavaFX Application Thread] INFO  o.e.t.c.tasks.TaskDetailsController - UI updated
2026-09-27 01:13:18.891 [JavaFX Application Thread] DEBUG o.e.t.navigation.NavigationManager - Click outside sidebar, closing
2026-09-27 01:13:18.891 [JavaFX Application Thread] DEBUG o.e.t.navigation.NavigationManager - openRightSidebar: path=/org/example/taskschedulerdesktop/view/task_details.fxml, context=org.example.taskschedulerdesktop.dto.tasks.TaskView@655eece6
2026-09-27 01:13:18.901 [JavaFX Application Thread] INFO  o.e.t.c.tasks.TaskDetailsController - initialize()
2026-09-27 01:13:18.902 [JavaFX Application Thread] DEBUG o.e.t.navigation.NavigationManager - sidebarController found, calling setContext()
2026-09-27 01:13:18.902 [JavaFX Application Thread] INFO  o.e.t.c.tasks.TaskDetailsController - setContext()
2026-09-27 01:13:18.902 [JavaFX Application Thread] DEBUG o.e.t.c.tasks.TaskDetailsController - context = org.example.taskschedulerdesktop.dto.tasks.TaskView@655eece6
2026-09-27 01:13:18.902 [JavaFX Application Thread] INFO  o.e.t.c.tasks.TaskDetailsController - context saved: Оптимизация загрузки изображений
2026-09-27 01:13:18.902 [JavaFX Application Thread] DEBUG o.e.t.c.tasks.TaskDetailsController - updateUI()
2026-09-27 01:13:18.902 [JavaFX Application Thread] DEBUG o.e.t.c.tasks.TaskDetailsController - projectName: 1
2026-09-27 01:13:18.902 [JavaFX Application Thread] DEBUG o.e.t.c.tasks.TaskDetailsController - taskName: Оптимизация загрузки изображений
2026-09-27 01:13:18.902 [JavaFX Application Thread] DEBUG o.e.t.c.tasks.TaskDetailsController - status: COMPLETED
2026-09-27 01:13:18.902 [JavaFX Application Thread] DEBUG o.e.t.c.tasks.TaskDetailsController - priority: Высокий
2026-09-27 01:13:18.902 [JavaFX Application Thread] INFO  o.e.t.c.tasks.TaskDetailsController - UI updated
2026-09-27 01:13:18.902 [JavaFX Application Thread] DEBUG o.e.t.c.tasks.TaskDetailsController - updateUI()
2026-09-27 01:13:18.902 [JavaFX Application Thread] DEBUG o.e.t.c.tasks.TaskDetailsController - projectName: 1
2026-09-27 01:13:18.902 [JavaFX Application Thread] DEBUG o.e.t.c.tasks.TaskDetailsController - taskName: Оптимизация загрузки изображений
2026-09-27 01:13:18.902 [JavaFX Application Thread] DEBUG o.e.t.c.tasks.TaskDetailsController - status: COMPLETED
2026-09-27 01:13:18.902 [JavaFX Application Thread] DEBUG o.e.t.c.tasks.TaskDetailsController - priority: Высокий
2026-09-27 01:13:18.902 [JavaFX Application Thread] INFO  o.e.t.c.tasks.TaskDetailsController - UI updated
2026-09-27 01:16:46.457 [Thread-15] DEBUG o.e.t.s.project.AsyncProjectService - Found 4 projects
2026-09-27 01:16:56.403 [JavaFX Application Thread] DEBUG o.e.t.c.tasks.CreateTaskController - createTaskButton.getScene() = javafx.scene.Scene@77aba2b
2026-09-27 01:16:56.403 [Thread-8] DEBUG o.e.t.service.task.TaskServiceImpl - save(org.example.taskschedulerdesktop.models.Task@1635fcbf)
2026-09-27 01:16:56.403 [JavaFX Application Thread] DEBUG o.e.t.c.tasks.CreateTaskController - createTaskButton.getScene().getWindow() = javafx.stage.Stage@394fb411
2026-09-27 01:16:56.403 [Thread-8] DEBUG o.e.t.r.task.H2TaskRepository - save(org.example.taskschedulerdesktop.models.Task@1635fcbf)
2026-09-27 01:16:56.407 [Thread-8] DEBUG o.e.t.r.task.H2TaskRepository - Task saved: id = 26
2026-09-27 01:16:56.408 [Thread-8] DEBUG o.e.t.service.task.TaskServiceImpl - TaskChangedEvent: projectId=1, taskName=123
2026-09-27 01:16:56.408 [Thread-8] DEBUG o.e.t.listeners.EventBus - FIRE: TaskChangedEvent (subscribers: 7)
2026-09-27 01:16:56.408 [Thread-8] DEBUG o.e.t.s.project.ProjectServiceImpl - TaskChangedEvent received: projectId=1
2026-09-27 01:16:56.409 [Thread-8] DEBUG o.e.t.s.project.ProjectServiceImpl - Project found: Редизайн портала
2026-09-27 01:16:56.409 [Thread-8] DEBUG o.e.t.s.project.ProjectServiceImpl - update(org.example.taskschedulerdesktop.models.Project@6f949820)
2026-09-27 01:16:56.409 [Thread-8] DEBUG o.e.t.r.task.H2TaskRepository - countByProjectName(1)
2026-09-27 01:16:56.410 [Thread-8] DEBUG o.e.t.r.task.H2TaskRepository - countTasksByProjectName: 3
2026-09-27 01:16:56.410 [Thread-8] DEBUG o.e.t.r.task.H2TaskRepository - countByProjectNameAndStatus(1, COMPLETED)
2026-09-27 01:16:56.411 [Thread-8] DEBUG o.e.t.s.project.ProjectServiceImpl - Project: Редизайн портала, numberOfTasks = 3, completedTasks = 2
2026-09-27 01:16:56.411 [Thread-8] DEBUG o.e.t.r.project.H2ProjectRepository - UPDATE project: id=1, numberOfTasks=3, completedTasks=2
2026-09-27 01:16:56.413 [Thread-8] DEBUG o.e.t.r.project.H2ProjectRepository - Project updated in DB: Редизайн портала
2026-09-27 01:16:56.414 [Thread-8] DEBUG o.e.t.s.project.ProjectServiceImpl - Project updated: Редизайн портала
2026-09-27 01:16:56.414 [Thread-8] DEBUG o.e.t.c.p.ProjectCardController - TaskChangedEvent received: projectId=1
2026-09-27 01:16:56.414 [Thread-8] DEBUG o.e.t.c.p.ProjectCardController - refreshCard(), context = org.example.taskschedulerdesktop.models.Project@5c9d742f
2026-09-27 01:16:56.414 [Thread-8] DEBUG o.e.t.c.p.ProjectCardController - context.getId() = 1
2026-09-27 01:16:56.414 [Thread-10] DEBUG o.e.t.r.task.H2TaskRepository - findAllViews()
2026-09-27 01:16:56.415 [Thread-8] DEBUG o.e.t.c.p.ProjectCardController - TaskChangedEvent received: projectId=1
2026-09-27 01:16:56.415 [Thread-8] DEBUG o.e.t.c.p.ProjectCardController - The event is not suitable
2026-09-27 01:16:56.415 [Thread-8] DEBUG o.e.t.c.p.ProjectCardController - TaskChangedEvent received: projectId=1
2026-09-27 01:16:56.415 [Thread-8] DEBUG o.e.t.c.p.ProjectCardController - The event is not suitable
2026-09-27 01:16:56.415 [Thread-8] DEBUG o.e.t.c.p.ProjectCardController - TaskChangedEvent received: projectId=1
2026-09-27 01:16:56.415 [Thread-8] DEBUG o.e.t.c.p.ProjectCardController - The event is not suitable
2026-09-27 01:16:56.416 [Thread-8] DEBUG o.e.t.c.p.ProjectDetailsController - ProjectDetailsController: TaskChangedEvent received: projectId=1
2026-09-27 01:16:56.416 [Thread-8] ERROR o.e.t.listeners.EventBus - Ошибка в обработчике события: TaskChangedEvent
2026-09-27 01:16:56.416 [Thread-8] DEBUG o.e.t.service.task.TaskServiceImpl - Event TaskChangedEvent sent: projectName = 1
2026-09-27 01:16:56.416 [Thread-10] DEBUG o.e.t.r.task.H2TaskRepository - Found 16 views
2026-09-27 01:16:56.416 [JavaFX Application Thread] DEBUG o.e.t.listeners.EventBus - FIRE: TaskChangedEvent (subscribers: 7)
2026-09-27 01:16:56.416 [JavaFX Application Thread] DEBUG o.e.t.s.project.ProjectServiceImpl - TaskChangedEvent received: projectId=1
2026-09-27 01:16:56.417 [JavaFX Application Thread] DEBUG o.e.t.s.project.ProjectServiceImpl - Project found: Редизайн портала
2026-09-27 01:16:56.417 [JavaFX Application Thread] DEBUG o.e.t.s.project.ProjectServiceImpl - update(org.example.taskschedulerdesktop.models.Project@49612be5)
2026-09-27 01:16:56.417 [JavaFX Application Thread] DEBUG o.e.t.r.task.H2TaskRepository - countByProjectName(1)
2026-09-27 01:16:56.418 [JavaFX Application Thread] DEBUG o.e.t.r.task.H2TaskRepository - countTasksByProjectName: 3
2026-09-27 01:16:56.418 [JavaFX Application Thread] DEBUG o.e.t.r.task.H2TaskRepository - countByProjectNameAndStatus(1, COMPLETED)
2026-09-27 01:16:56.418 [JavaFX Application Thread] DEBUG o.e.t.s.project.ProjectServiceImpl - Project: Редизайн портала, numberOfTasks = 3, completedTasks = 2
2026-09-27 01:16:56.418 [JavaFX Application Thread] DEBUG o.e.t.r.project.H2ProjectRepository - UPDATE project: id=1, numberOfTasks=3, completedTasks=2
2026-09-27 01:16:56.419 [JavaFX Application Thread] DEBUG o.e.t.r.project.H2ProjectRepository - Project updated in DB: Редизайн портала
2026-09-27 01:16:56.419 [JavaFX Application Thread] DEBUG o.e.t.s.project.ProjectServiceImpl - Project updated: Редизайн портала
2026-09-27 01:16:56.419 [JavaFX Application Thread] DEBUG o.e.t.c.p.ProjectCardController - TaskChangedEvent received: projectId=1
2026-09-27 01:16:56.419 [JavaFX Application Thread] DEBUG o.e.t.c.p.ProjectCardController - refreshCard(), context = org.example.taskschedulerdesktop.models.Project@5c9d742f
2026-09-27 01:16:56.419 [JavaFX Application Thread] DEBUG o.e.t.c.p.ProjectCardController - context.getId() = 1
2026-09-27 01:16:56.419 [JavaFX Application Thread] DEBUG o.e.t.c.p.ProjectCardController - TaskChangedEvent received: projectId=1
2026-09-27 01:16:56.419 [JavaFX Application Thread] DEBUG o.e.t.c.p.ProjectCardController - The event is not suitable
2026-09-27 01:16:56.419 [Thread-7] DEBUG o.e.t.r.task.H2TaskRepository - findAllViews()
2026-09-27 01:16:56.419 [JavaFX Application Thread] DEBUG o.e.t.c.p.ProjectCardController - TaskChangedEvent received: projectId=1
2026-09-27 01:16:56.419 [JavaFX Application Thread] DEBUG o.e.t.c.p.ProjectCardController - The event is not suitable
2026-09-27 01:16:56.419 [JavaFX Application Thread] DEBUG o.e.t.c.p.ProjectCardController - TaskChangedEvent received: projectId=1
2026-09-27 01:16:56.419 [JavaFX Application Thread] DEBUG o.e.t.c.p.ProjectCardController - The event is not suitable
2026-09-27 01:16:56.420 [JavaFX Application Thread] DEBUG o.e.t.c.p.ProjectDetailsController - ProjectDetailsController: TaskChangedEvent received: projectId=1
2026-09-27 01:16:56.421 [Thread-10] DEBUG o.e.t.r.task.H2TaskRepository - findViewsByProjectIdAndStatus(1, UNDER_REVIEW)
2026-09-27 01:16:56.421 [Thread-8] DEBUG o.e.t.r.task.H2TaskRepository - findViewsByProjectIdAndStatus(1, IN_PROGRESS)
2026-09-27 01:16:56.421 [Thread-9] DEBUG o.e.t.r.task.H2TaskRepository - findViewsByProjectIdAndStatus(1, NEW)
2026-09-27 01:16:56.421 [Thread-10] DEBUG o.e.t.r.task.H2TaskRepository - findViewsByProjectIdAndStatus(1, COMPLETED)
2026-09-27 01:16:56.421 [Thread-8] DEBUG o.e.t.r.task.H2TaskRepository - countByProjectNameAndStatus(1, IN_PROGRESS)
2026-09-27 01:16:56.421 [JavaFX Application Thread] DEBUG o.e.t.navigation.NavigationManager - Close Stage: Новая задача
2026-09-27 01:16:56.422 [Thread-7] DEBUG o.e.t.r.task.H2TaskRepository - Found 16 views
2026-09-27 01:16:56.422 [Thread-7] DEBUG o.e.t.r.task.H2TaskRepository - countByProjectNameAndStatus(1, NEW)
2026-09-27 01:16:56.422 [Thread-8] DEBUG o.e.t.r.task.H2TaskRepository - countByProjectNameAndStatus(1, UNDER_REVIEW)
2026-09-27 01:16:56.422 [Thread-8] DEBUG o.e.t.r.task.H2TaskRepository - countByProjectNameAndStatus(1, COMPLETED)
2026-09-27 01:16:56.422 [Thread-7] DEBUG o.e.t.r.task.H2TaskRepository - countByProjectNameAndPriority(1, HIGH)
2026-09-27 01:16:56.422 [Thread-8] DEBUG o.e.t.r.task.H2TaskRepository - countByProjectNameAndPriority(1, MIDDLE)
2026-09-27 01:16:56.422 [Thread-7] DEBUG o.e.t.r.task.H2TaskRepository - countByProjectNameAndPriority(1, LOW)
2026-09-27 01:16:56.438 [JavaFX Application Thread] DEBUG o.e.t.navigation.NavigationManager - Toast is displayed: Задача сохранена
2026-09-27 01:16:56.438 [JavaFX Application Thread] DEBUG o.e.t.service.task.AsyncTaskService - onSucceeded returned: 16 tasks
2026-09-27 01:16:56.438 [JavaFX Application Thread] DEBUG o.e.t.c.tasks.TaskTableController - onSuccess: received 16 tasks
2026-09-27 01:16:56.439 [JavaFX Application Thread] DEBUG o.e.t.c.tasks.TaskTableController - onSuccess: first task: Настроить интеграцию с 1C
2026-09-27 01:16:56.439 [JavaFX Application Thread] DEBUG o.e.t.c.tasks.TaskTableController - Table has: 16 tasks
2026-09-27 01:16:56.441 [JavaFX Application Thread] DEBUG o.e.t.c.p.ProjectDetailsController - updateUI: name=Редизайн портала, tasks=3, completed=2, percent=66
2026-09-27 01:16:56.442 [JavaFX Application Thread] DEBUG o.e.t.service.task.AsyncTaskService - onSucceeded returned: 16 tasks
2026-09-27 01:16:56.442 [JavaFX Application Thread] DEBUG o.e.t.c.tasks.TaskTableController - onSuccess: received 16 tasks
2026-09-27 01:16:56.442 [JavaFX Application Thread] DEBUG o.e.t.c.tasks.TaskTableController - onSuccess: first task: Настроить интеграцию с 1C
2026-09-27 01:16:56.442 [JavaFX Application Thread] DEBUG o.e.t.c.tasks.TaskTableController - Table has: 16 tasks
2026-09-27 01:16:57.956 [JavaFX Application Thread] DEBUG o.e.t.navigation.NavigationManager - openRightSidebar: path=/org/example/taskschedulerdesktop/view/task_details.fxml, context=org.example.taskschedulerdesktop.dto.tasks.TaskView@25cc5f02
2026-09-27 01:16:57.965 [JavaFX Application Thread] INFO  o.e.t.c.tasks.TaskDetailsController - initialize()
2026-09-27 01:16:57.966 [JavaFX Application Thread] DEBUG o.e.t.navigation.NavigationManager - sidebarController found, calling setContext()
2026-09-27 01:16:57.966 [JavaFX Application Thread] INFO  o.e.t.c.tasks.TaskDetailsController - setContext()
2026-09-27 01:16:57.966 [JavaFX Application Thread] DEBUG o.e.t.c.tasks.TaskDetailsController - context = org.example.taskschedulerdesktop.dto.tasks.TaskView@25cc5f02
2026-09-27 01:16:57.966 [JavaFX Application Thread] INFO  o.e.t.c.tasks.TaskDetailsController - context saved: 123
2026-09-27 01:16:57.966 [JavaFX Application Thread] DEBUG o.e.t.c.tasks.TaskDetailsController - updateUI()
2026-09-27 01:16:57.966 [JavaFX Application Thread] DEBUG o.e.t.c.tasks.TaskDetailsController - projectName: 1
2026-09-27 01:16:57.966 [JavaFX Application Thread] DEBUG o.e.t.c.tasks.TaskDetailsController - taskName: 123
2026-09-27 01:16:57.966 [JavaFX Application Thread] DEBUG o.e.t.c.tasks.TaskDetailsController - status: NEW
2026-09-27 01:16:57.966 [JavaFX Application Thread] DEBUG o.e.t.c.tasks.TaskDetailsController - priority: Низкий
2026-09-27 01:16:57.966 [JavaFX Application Thread] INFO  o.e.t.c.tasks.TaskDetailsController - UI updated
2026-09-27 01:16:57.966 [JavaFX Application Thread] DEBUG o.e.t.c.tasks.TaskDetailsController - updateUI()
2026-09-27 01:16:57.966 [JavaFX Application Thread] DEBUG o.e.t.c.tasks.TaskDetailsController - projectName: 1
2026-09-27 01:16:57.966 [JavaFX Application Thread] DEBUG o.e.t.c.tasks.TaskDetailsController - taskName: 123
2026-09-27 01:16:57.966 [JavaFX Application Thread] DEBUG o.e.t.c.tasks.TaskDetailsController - status: NEW
2026-09-27 01:16:57.966 [JavaFX Application Thread] DEBUG o.e.t.c.tasks.TaskDetailsController - priority: Низкий
2026-09-27 01:16:57.967 [JavaFX Application Thread] INFO  o.e.t.c.tasks.TaskDetailsController - UI updated
2026-09-27 01:16:59.244 [JavaFX Application Thread] DEBUG o.e.t.c.tasks.TaskDetailsController - Click on delete button
2026-09-27 01:16:59.245 [JavaFX Application Thread] INFO  o.e.t.c.tasks.TaskDetailsController - Open delete panel for task: 123
2026-09-27 01:17:00.222 [Thread-8] DEBUG o.e.t.r.task.H2TaskRepository - delete(26)
2026-09-27 01:17:00.224 [Thread-8] DEBUG o.e.t.r.task.H2TaskRepository - Task deleted: id = 26
2026-09-27 01:17:00.224 [JavaFX Application Thread] DEBUG o.e.t.listeners.EventBus - FIRE: TaskChangedEvent (subscribers: 7)
2026-09-27 01:17:00.225 [JavaFX Application Thread] DEBUG o.e.t.s.project.ProjectServiceImpl - TaskChangedEvent received: projectId=1
2026-09-27 01:17:00.225 [JavaFX Application Thread] DEBUG o.e.t.s.project.ProjectServiceImpl - Project found: Редизайн портала
2026-09-27 01:17:00.225 [JavaFX Application Thread] DEBUG o.e.t.s.project.ProjectServiceImpl - update(org.example.taskschedulerdesktop.models.Project@14152419)
2026-09-27 01:17:00.225 [JavaFX Application Thread] DEBUG o.e.t.r.task.H2TaskRepository - countByProjectName(1)
2026-09-27 01:17:00.225 [JavaFX Application Thread] DEBUG o.e.t.r.task.H2TaskRepository - countTasksByProjectName: 2
2026-09-27 01:17:00.225 [JavaFX Application Thread] DEBUG o.e.t.r.task.H2TaskRepository - countByProjectNameAndStatus(1, COMPLETED)
2026-09-27 01:17:00.226 [JavaFX Application Thread] DEBUG o.e.t.s.project.ProjectServiceImpl - Project: Редизайн портала, numberOfTasks = 2, completedTasks = 2
2026-09-27 01:17:00.226 [JavaFX Application Thread] DEBUG o.e.t.r.project.H2ProjectRepository - UPDATE project: id=1, numberOfTasks=2, completedTasks=2
2026-09-27 01:17:00.227 [JavaFX Application Thread] DEBUG o.e.t.r.project.H2ProjectRepository - Project updated in DB: Редизайн портала
2026-09-27 01:17:00.227 [JavaFX Application Thread] DEBUG o.e.t.s.project.ProjectServiceImpl - Project updated: Редизайн портала
2026-09-27 01:17:00.227 [JavaFX Application Thread] DEBUG o.e.t.c.p.ProjectCardController - TaskChangedEvent received: projectId=1
2026-09-27 01:17:00.227 [JavaFX Application Thread] DEBUG o.e.t.c.p.ProjectCardController - refreshCard(), context = org.example.taskschedulerdesktop.models.Project@5c9d742f
2026-09-27 01:17:00.227 [JavaFX Application Thread] DEBUG o.e.t.c.p.ProjectCardController - context.getId() = 1
2026-09-27 01:17:00.227 [Thread-7] DEBUG o.e.t.r.task.H2TaskRepository - findAllViews()
2026-09-27 01:17:00.227 [JavaFX Application Thread] DEBUG o.e.t.c.p.ProjectCardController - TaskChangedEvent received: projectId=1
2026-09-27 01:17:00.227 [JavaFX Application Thread] DEBUG o.e.t.c.p.ProjectCardController - The event is not suitable
2026-09-27 01:17:00.227 [JavaFX Application Thread] DEBUG o.e.t.c.p.ProjectCardController - TaskChangedEvent received: projectId=1
2026-09-27 01:17:00.227 [JavaFX Application Thread] DEBUG o.e.t.c.p.ProjectCardController - The event is not suitable
2026-09-27 01:17:00.228 [JavaFX Application Thread] DEBUG o.e.t.c.p.ProjectCardController - TaskChangedEvent received: projectId=1
2026-09-27 01:17:00.228 [JavaFX Application Thread] DEBUG o.e.t.c.p.ProjectCardController - The event is not suitable
2026-09-27 01:17:00.228 [JavaFX Application Thread] DEBUG o.e.t.c.p.ProjectDetailsController - ProjectDetailsController: TaskChangedEvent received: projectId=1
2026-09-27 01:17:00.228 [Thread-9] DEBUG o.e.t.r.task.H2TaskRepository - findViewsByProjectIdAndStatus(1, NEW)
2026-09-27 01:17:00.228 [Thread-10] DEBUG o.e.t.r.task.H2TaskRepository - findViewsByProjectIdAndStatus(1, IN_PROGRESS)
2026-09-27 01:17:00.228 [Thread-8] DEBUG o.e.t.r.task.H2TaskRepository - findViewsByProjectIdAndStatus(1, UNDER_REVIEW)
2026-09-27 01:17:00.229 [Thread-9] DEBUG o.e.t.r.task.H2TaskRepository - countByProjectNameAndStatus(1, IN_PROGRESS)
2026-09-27 01:17:00.229 [Thread-8] DEBUG o.e.t.r.task.H2TaskRepository - findViewsByProjectIdAndStatus(1, COMPLETED)
2026-09-27 01:17:00.229 [Thread-7] DEBUG o.e.t.r.task.H2TaskRepository - Found 15 views
2026-09-27 01:17:00.229 [Thread-10] DEBUG o.e.t.r.task.H2TaskRepository - countByProjectNameAndStatus(1, UNDER_REVIEW)
2026-09-27 01:17:00.229 [Thread-7] DEBUG o.e.t.r.task.H2TaskRepository - countByProjectNameAndStatus(1, NEW)
2026-09-27 01:17:00.230 [Thread-9] DEBUG o.e.t.r.task.H2TaskRepository - countByProjectNameAndStatus(1, COMPLETED)
2026-09-27 01:17:00.230 [Thread-7] DEBUG o.e.t.r.task.H2TaskRepository - countByProjectNameAndPriority(1, HIGH)
2026-09-27 01:17:00.230 [Thread-10] DEBUG o.e.t.r.task.H2TaskRepository - countByProjectNameAndPriority(1, MIDDLE)
2026-09-27 01:17:00.230 [Thread-9] DEBUG o.e.t.r.task.H2TaskRepository - countByProjectNameAndPriority(1, LOW)
2026-09-27 01:17:00.245 [JavaFX Application Thread] DEBUG o.e.t.navigation.NavigationManager - Toast is displayed: Задача удалена!
2026-09-27 01:17:00.247 [JavaFX Application Thread] DEBUG o.e.t.c.p.ProjectDetailsController - updateUI: name=Редизайн портала, tasks=2, completed=2, percent=100
2026-09-27 01:17:00.247 [JavaFX Application Thread] DEBUG o.e.t.service.task.AsyncTaskService - onSucceeded returned: 15 tasks
2026-09-27 01:17:00.248 [JavaFX Application Thread] DEBUG o.e.t.c.tasks.TaskTableController - onSuccess: received 15 tasks
2026-09-27 01:17:00.248 [JavaFX Application Thread] DEBUG o.e.t.c.tasks.TaskTableController - onSuccess: first task: Настроить интеграцию с 1C
2026-09-27 01:17:00.248 [JavaFX Application Thread] DEBUG o.e.t.c.tasks.TaskTableController - Table has: 15 tasks
2026-09-27 12:06:29.992 [JavaFX-Launcher] INFO  o.e.t.TaskSchedulerApplication - Name: 'Inter 18pt Regular'
2026-09-27 12:06:29.997 [JavaFX-Launcher] INFO  o.e.t.TaskSchedulerApplication - Family: 'Inter 18pt'
2026-09-27 12:06:29.997 [JavaFX-Launcher] INFO  o.e.t.TaskSchedulerApplication - Style: 'Regular'
2026-09-27 12:06:29.998 [JavaFX-Launcher] DEBUG o.e.t.TaskSchedulerApplication - Font loaded: /org/example/taskschedulerdesktop/fonts/Inter_18pt-Regular.ttf → 'Inter 18pt'
2026-09-27 12:06:30.020 [JavaFX-Launcher] INFO  o.e.t.TaskSchedulerApplication - Name: 'Inter 18pt Medium'
2026-09-27 12:06:30.020 [JavaFX-Launcher] INFO  o.e.t.TaskSchedulerApplication - Family: 'Inter 18pt Medium'
2026-09-27 12:06:30.020 [JavaFX-Launcher] INFO  o.e.t.TaskSchedulerApplication - Style: 'Regular'
2026-09-27 12:06:30.020 [JavaFX-Launcher] DEBUG o.e.t.TaskSchedulerApplication - Font loaded: /org/example/taskschedulerdesktop/fonts/Inter_18pt-Medium.ttf → 'Inter 18pt Medium'
2026-09-27 12:06:30.045 [JavaFX-Launcher] INFO  o.e.t.TaskSchedulerApplication - Name: 'Inter 18pt SemiBold'
2026-09-27 12:06:30.046 [JavaFX-Launcher] INFO  o.e.t.TaskSchedulerApplication - Family: 'Inter 18pt SemiBold'
2026-09-27 12:06:30.046 [JavaFX-Launcher] INFO  o.e.t.TaskSchedulerApplication - Style: 'Regular'
2026-09-27 12:06:30.046 [JavaFX-Launcher] DEBUG o.e.t.TaskSchedulerApplication - Font loaded: /org/example/taskschedulerdesktop/fonts/Inter_18pt-SemiBold.ttf → 'Inter 18pt SemiBold'
2026-09-27 12:06:30.076 [JavaFX-Launcher] INFO  o.e.t.TaskSchedulerApplication - Name: 'Lora Regular'
2026-09-27 12:06:30.077 [JavaFX-Launcher] INFO  o.e.t.TaskSchedulerApplication - Family: 'Lora'
2026-09-27 12:06:30.077 [JavaFX-Launcher] INFO  o.e.t.TaskSchedulerApplication - Style: 'Regular'
2026-09-27 12:06:30.077 [JavaFX-Launcher] DEBUG o.e.t.TaskSchedulerApplication - Font loaded: /org/example/taskschedulerdesktop/fonts/Lora-Regular.ttf → 'Lora'
2026-09-27 12:06:30.105 [JavaFX-Launcher] INFO  o.e.t.TaskSchedulerApplication - Name: 'JetBrains Mono Regular'
2026-09-27 12:06:30.106 [JavaFX-Launcher] INFO  o.e.t.TaskSchedulerApplication - Family: 'JetBrains Mono'
2026-09-27 12:06:30.106 [JavaFX-Launcher] INFO  o.e.t.TaskSchedulerApplication - Style: 'Regular'
2026-09-27 12:06:30.106 [JavaFX-Launcher] DEBUG o.e.t.TaskSchedulerApplication - Font loaded: /org/example/taskschedulerdesktop/fonts/JetBrainsMono-Regular.ttf → 'JetBrains Mono'
2026-09-27 12:06:30.783 [JavaFX Application Thread] DEBUG o.e.t.database.DatabaseConnection - H2 TCP-server started on the port:9092 successful
2026-09-27 12:06:30.787 [JavaFX Application Thread] DEBUG o.e.t.r.task.H2TaskRepository - createTableIfNotExists()
2026-09-27 12:06:30.809 [JavaFX Application Thread] DEBUG o.e.t.r.task.H2TaskRepository - createIndexes()
2026-09-27 12:06:30.840 [JavaFX Application Thread] DEBUG o.e.t.s.project.ProjectServiceImpl - ProjectServiceImpl created
2026-09-27 12:06:30.845 [JavaFX Application Thread] DEBUG o.e.t.listeners.EventBus - SUBSCRIBE: TaskChangedEvent -> 1487721249
2026-09-27 12:06:30.846 [JavaFX Application Thread] DEBUG o.e.t.s.project.ProjectServiceImpl - Subscribe on TaskChangedEvent completed
2026-09-27 12:06:31.264 [JavaFX Application Thread] DEBUG o.e.t.listeners.EventBus - SUBSCRIBE: PageTitleChangedEvent -> 764124341
2026-09-27 12:06:31.300 [JavaFX Application Thread] DEBUG o.e.t.navigation.NavigationManager - Start async loading page: /org/example/taskschedulerdesktop/view/dashboard.fxml
2026-09-27 12:06:31.472 [Thread-6] DEBUG o.e.t.listeners.EventBus - SUBSCRIBE: TaskChangedEvent -> 2079161663
2026-09-27 12:06:31.477 [Thread-7] DEBUG o.e.t.r.task.H2TaskRepository - findAllViews()
2026-09-27 12:06:31.486 [Thread-6] DEBUG o.e.t.c.review.DashboardController - loadProjects()
2026-09-27 12:06:31.499 [Thread-11] DEBUG o.e.t.s.project.AsyncProjectService - Found 4 projects
2026-09-27 12:06:31.499 [JavaFX Application Thread] DEBUG o.e.t.TaskSchedulerApplication - CSS: /org/example/taskschedulerdesktop/styles/style.css
2026-09-27 12:06:31.501 [JavaFX Application Thread] DEBUG o.e.t.TaskSchedulerApplication - CSS: /org/example/taskschedulerdesktop/styles/base.css
2026-09-27 12:06:31.502 [JavaFX Application Thread] DEBUG o.e.t.TaskSchedulerApplication - CSS: /org/example/taskschedulerdesktop/styles/row_task_table.css
2026-09-27 12:06:31.504 [JavaFX Application Thread] DEBUG o.e.t.TaskSchedulerApplication - CSS: /org/example/taskschedulerdesktop/styles/task_table_view.css
2026-09-27 12:06:31.504 [Thread-7] DEBUG o.e.t.r.task.H2TaskRepository - Found 15 views
2026-09-27 12:06:31.573 [Thread-6] DEBUG o.e.t.listeners.EventBus - SUBSCRIBE: TaskChangedEvent -> 300682275
2026-09-27 12:06:31.573 [Thread-9] DEBUG o.e.t.r.task.H2TaskRepository - findAllViews()
2026-09-27 12:06:31.573 [Thread-6] DEBUG o.e.t.c.review.DashboardController - Task table loaded successfully
2026-09-27 12:06:31.577 [Thread-9] DEBUG o.e.t.r.task.H2TaskRepository - Found 15 views
2026-09-27 12:06:32.342 [JavaFX Application Thread] DEBUG o.e.t.c.review.DashboardController - Found 1 tasks, task status: UNDER_REVIEW
2026-09-27 12:06:32.344 [JavaFX Application Thread] DEBUG o.e.t.c.review.DashboardController - Found 4 tasks, task status: COMPLETED
2026-09-27 12:06:32.346 [JavaFX Application Thread] DEBUG o.e.t.c.review.DashboardController - Found 1 tasks, task status: IN_PROGRESS
2026-09-27 12:06:32.347 [JavaFX Application Thread] DEBUG o.e.t.c.review.DashboardController - observableList size: 4
2026-09-27 12:06:32.348 [JavaFX Application Thread] DEBUG o.e.t.c.review.DashboardController - projectListView size : 4
2026-09-27 12:06:32.349 [JavaFX Application Thread] DEBUG o.e.t.service.task.AsyncTaskService - onSucceeded returned: 15 tasks
2026-09-27 12:06:32.350 [JavaFX Application Thread] DEBUG o.e.t.c.review.DashboardController - Found 15 tasks
2026-09-27 12:06:32.357 [JavaFX Application Thread] DEBUG o.e.t.listeners.EventBus - FIRE: PageTitleChangedEvent (subscribers: 1)
2026-09-27 12:06:32.358 [JavaFX Application Thread] DEBUG o.e.t.navigation.NavigationManager - Page displayed successfully: /org/example/taskschedulerdesktop/view/dashboard.fxml
2026-09-27 12:06:32.358 [JavaFX Application Thread] DEBUG o.e.t.service.task.AsyncTaskService - onSucceeded returned: 15 tasks
2026-09-27 12:06:32.359 [JavaFX Application Thread] DEBUG o.e.t.c.tasks.TaskTableController - onSuccess: received 15 tasks
2026-09-27 12:06:32.359 [JavaFX Application Thread] DEBUG o.e.t.c.tasks.TaskTableController - onSuccess: first task: Настроить интеграцию с 1C
2026-09-27 12:06:32.359 [JavaFX Application Thread] DEBUG o.e.t.c.tasks.TaskTableController - Table has: 15 tasks
2026-09-27 12:06:32.572 [JavaFX Application Thread] DEBUG o.e.t.dto.projects.ProjectListCell - creating cell
2026-09-27 12:06:32.608 [JavaFX Application Thread] DEBUG o.e.t.dto.projects.ProjectListCell - loaded successfully
2026-09-27 12:06:33.080 [JavaFX Application Thread] DEBUG o.e.t.dto.projects.ProjectListCell - creating cell
2026-09-27 12:06:33.097 [JavaFX Application Thread] DEBUG o.e.t.dto.projects.ProjectListCell - loaded successfully
2026-09-27 12:06:33.113 [JavaFX Application Thread] DEBUG o.e.t.dto.projects.ProjectListCell - creating cell
2026-09-27 12:06:33.130 [JavaFX Application Thread] DEBUG o.e.t.dto.projects.ProjectListCell - loaded successfully
2026-09-27 12:06:33.142 [JavaFX Application Thread] DEBUG o.e.t.dto.projects.ProjectListCell - creating cell
2026-09-27 12:06:33.154 [JavaFX Application Thread] DEBUG o.e.t.dto.projects.ProjectListCell - loaded successfully
2026-09-27 12:06:33.169 [JavaFX Application Thread] DEBUG o.e.t.dto.projects.ProjectListCell - creating cell
2026-09-27 12:06:33.183 [JavaFX Application Thread] DEBUG o.e.t.dto.projects.ProjectListCell - loaded successfully
2026-09-27 12:06:33.195 [JavaFX Application Thread] DEBUG o.e.t.dto.projects.ProjectListCell - creating cell
2026-09-27 12:06:33.208 [JavaFX Application Thread] DEBUG o.e.t.dto.projects.ProjectListCell - loaded successfully
2026-09-27 12:06:33.211 [JavaFX Application Thread] DEBUG o.e.t.dto.projects.ProjectListCell - creating cell
2026-09-27 12:06:33.225 [JavaFX Application Thread] DEBUG o.e.t.dto.projects.ProjectListCell - loaded successfully
2026-09-27 12:06:33.229 [JavaFX Application Thread] DEBUG o.e.t.dto.projects.ProjectListCell - creating cell
2026-09-27 12:06:33.246 [JavaFX Application Thread] DEBUG o.e.t.dto.projects.ProjectListCell - loaded successfully
2026-09-27 12:06:33.248 [JavaFX Application Thread] DEBUG o.e.t.dto.projects.ProjectListCell - creating cell
2026-09-27 12:06:33.264 [JavaFX Application Thread] DEBUG o.e.t.dto.projects.ProjectListCell - loaded successfully
2026-09-27 12:06:33.267 [JavaFX Application Thread] DEBUG o.e.t.dto.projects.ProjectListCell - creating cell
2026-09-27 12:06:33.281 [JavaFX Application Thread] DEBUG o.e.t.dto.projects.ProjectListCell - loaded successfully
2026-09-27 12:06:33.284 [JavaFX Application Thread] DEBUG o.e.t.dto.projects.ProjectListCell - creating cell
2026-09-27 12:06:33.302 [JavaFX Application Thread] DEBUG o.e.t.dto.projects.ProjectListCell - loaded successfully
2026-09-27 12:06:33.305 [JavaFX Application Thread] DEBUG o.e.t.dto.projects.ProjectListCell - creating cell
2026-09-27 12:06:33.323 [JavaFX Application Thread] DEBUG o.e.t.dto.projects.ProjectListCell - loaded successfully
2026-09-27 12:06:33.327 [JavaFX Application Thread] DEBUG o.e.t.dto.projects.ProjectListCell - creating cell
2026-09-27 12:06:33.345 [JavaFX Application Thread] DEBUG o.e.t.dto.projects.ProjectListCell - loaded successfully
2026-09-27 12:06:33.349 [JavaFX Application Thread] DEBUG o.e.t.dto.projects.ProjectListCell - creating cell
2026-09-27 12:06:33.375 [JavaFX Application Thread] DEBUG o.e.t.dto.projects.ProjectListCell - loaded successfully
2026-09-27 12:06:39.298 [JavaFX Application Thread] DEBUG o.e.t.navigation.NavigationManager - Start async loading page: /org/example/taskschedulerdesktop/view/projects.fxml
2026-09-27 12:06:39.339 [Thread-12] DEBUG o.e.t.listeners.EventBus - SUBSCRIBE: ProjectChangedEvent -> 1805610445
2026-09-27 12:06:39.343 [Thread-13] DEBUG o.e.t.s.project.AsyncProjectService - createProjectLoader()
2026-09-27 12:06:39.345 [Thread-13] DEBUG o.e.t.s.project.AsyncProjectService - Project: org.example.taskschedulerdesktop.models.Project@4b7e98e6, number of tasks = 2
2026-09-27 12:06:39.345 [Thread-13] DEBUG o.e.t.s.project.ProjectCardService - createCard(org.example.taskschedulerdesktop.models.Project@4b7e98e6)
2026-09-27 12:06:39.345 [JavaFX Application Thread] DEBUG o.e.t.listeners.EventBus - FIRE: PageTitleChangedEvent (subscribers: 1)
2026-09-27 12:06:39.346 [JavaFX Application Thread] DEBUG o.e.t.navigation.NavigationManager - Page displayed successfully: /org/example/taskschedulerdesktop/view/projects.fxml
2026-09-27 12:06:39.371 [Thread-13] DEBUG o.e.t.c.p.ProjectCardController - ProjectCardController.initialize(), hashCode = 1013919683
2026-09-27 12:06:39.372 [Thread-13] DEBUG o.e.t.c.p.ProjectCardController - context = null
2026-09-27 12:06:39.373 [Thread-13] DEBUG o.e.t.c.p.ProjectCardController - ProjectCardController.setContext: org.example.taskschedulerdesktop.models.Project@4b7e98e6, hashCode = 1013919683
2026-09-27 12:06:39.373 [Thread-13] DEBUG o.e.t.c.p.ProjectCardController - class = org.example.taskschedulerdesktop.models.Project
2026-09-27 12:06:39.374 [Thread-13] DEBUG o.e.t.listeners.EventBus - SUBSCRIBE: TaskChangedEvent -> 618674593
2026-09-27 12:06:39.375 [Thread-13] DEBUG o.e.t.s.project.ProjectCardService - createCard(org.example.taskschedulerdesktop.models.Project@69e5e604)
2026-09-27 12:06:39.388 [Thread-13] DEBUG o.e.t.c.p.ProjectCardController - ProjectCardController.initialize(), hashCode = 1521701641
2026-09-27 12:06:39.389 [Thread-13] DEBUG o.e.t.c.p.ProjectCardController - context = null
2026-09-27 12:06:39.389 [Thread-13] DEBUG o.e.t.c.p.ProjectCardController - ProjectCardController.setContext: org.example.taskschedulerdesktop.models.Project@69e5e604, hashCode = 1521701641
2026-09-27 12:06:39.389 [Thread-13] DEBUG o.e.t.c.p.ProjectCardController - class = org.example.taskschedulerdesktop.models.Project
2026-09-27 12:06:39.389 [Thread-13] DEBUG o.e.t.listeners.EventBus - SUBSCRIBE: TaskChangedEvent -> 1370032595
2026-09-27 12:06:39.389 [Thread-13] DEBUG o.e.t.s.project.ProjectCardService - createCard(org.example.taskschedulerdesktop.models.Project@7a4fa983)
2026-09-27 12:06:39.404 [Thread-13] DEBUG o.e.t.c.p.ProjectCardController - ProjectCardController.initialize(), hashCode = 1818024112
2026-09-27 12:06:39.404 [Thread-13] DEBUG o.e.t.c.p.ProjectCardController - context = null
2026-09-27 12:06:39.404 [Thread-13] DEBUG o.e.t.c.p.ProjectCardController - ProjectCardController.setContext: org.example.taskschedulerdesktop.models.Project@7a4fa983, hashCode = 1818024112
2026-09-27 12:06:39.404 [Thread-13] DEBUG o.e.t.c.p.ProjectCardController - class = org.example.taskschedulerdesktop.models.Project
2026-09-27 12:06:39.404 [Thread-13] DEBUG o.e.t.listeners.EventBus - SUBSCRIBE: TaskChangedEvent -> 390012042
2026-09-27 12:06:39.404 [Thread-13] DEBUG o.e.t.s.project.ProjectCardService - createCard(org.example.taskschedulerdesktop.models.Project@38cbe2c3)
2026-09-27 12:06:39.415 [Thread-13] DEBUG o.e.t.c.p.ProjectCardController - ProjectCardController.initialize(), hashCode = 880096127
2026-09-27 12:06:39.415 [Thread-13] DEBUG o.e.t.c.p.ProjectCardController - context = null
2026-09-27 12:06:39.415 [Thread-13] DEBUG o.e.t.c.p.ProjectCardController - ProjectCardController.setContext: org.example.taskschedulerdesktop.models.Project@38cbe2c3, hashCode = 880096127
2026-09-27 12:06:39.415 [Thread-13] DEBUG o.e.t.c.p.ProjectCardController - class = org.example.taskschedulerdesktop.models.Project
2026-09-27 12:06:39.415 [Thread-13] DEBUG o.e.t.listeners.EventBus - SUBSCRIBE: TaskChangedEvent -> 1191773553
2026-09-27 12:06:42.530 [JavaFX Application Thread] DEBUG o.e.t.navigation.NavigationManager - Start async loading page: /org/example/taskschedulerdesktop/view/team.fxml
2026-09-27 12:06:42.662 [JavaFX Application Thread] DEBUG o.e.t.listeners.EventBus - FIRE: PageTitleChangedEvent (subscribers: 1)
2026-09-27 12:06:42.662 [JavaFX Application Thread] DEBUG o.e.t.navigation.NavigationManager - Page displayed successfully: /org/example/taskschedulerdesktop/view/team.fxml
2026-09-27 12:06:44.348 [JavaFX Application Thread] DEBUG o.e.t.navigation.NavigationManager - Start async loading page: /org/example/taskschedulerdesktop/view/projects.fxml
2026-09-27 12:06:44.353 [Thread-12] DEBUG o.e.t.listeners.EventBus - SUBSCRIBE: ProjectChangedEvent -> 929941454
2026-09-27 12:06:44.355 [Thread-14] DEBUG o.e.t.s.project.AsyncProjectService - createProjectLoader()
2026-09-27 12:06:44.356 [JavaFX Application Thread] DEBUG o.e.t.listeners.EventBus - FIRE: PageTitleChangedEvent (subscribers: 1)
2026-09-27 12:06:44.356 [Thread-14] DEBUG o.e.t.s.project.AsyncProjectService - Project: org.example.taskschedulerdesktop.models.Project@e269e9d, number of tasks = 2
2026-09-27 12:06:44.356 [JavaFX Application Thread] DEBUG o.e.t.navigation.NavigationManager - Page displayed successfully: /org/example/taskschedulerdesktop/view/projects.fxml
2026-09-27 12:06:44.356 [Thread-14] DEBUG o.e.t.s.project.ProjectCardService - createCard(org.example.taskschedulerdesktop.models.Project@e269e9d)
2026-09-27 12:06:44.365 [Thread-14] DEBUG o.e.t.c.p.ProjectCardController - ProjectCardController.initialize(), hashCode = 1305960320
2026-09-27 12:06:44.365 [Thread-14] DEBUG o.e.t.c.p.ProjectCardController - context = null
2026-09-27 12:06:44.365 [Thread-14] DEBUG o.e.t.c.p.ProjectCardController - ProjectCardController.setContext: org.example.taskschedulerdesktop.models.Project@e269e9d, hashCode = 1305960320
2026-09-27 12:06:44.365 [Thread-14] DEBUG o.e.t.c.p.ProjectCardController - class = org.example.taskschedulerdesktop.models.Project
2026-09-27 12:06:44.365 [Thread-14] DEBUG o.e.t.listeners.EventBus - SUBSCRIBE: TaskChangedEvent -> 858649725
2026-09-27 12:06:44.365 [Thread-14] DEBUG o.e.t.s.project.ProjectCardService - createCard(org.example.taskschedulerdesktop.models.Project@648d0814)
2026-09-27 12:06:44.382 [Thread-14] DEBUG o.e.t.c.p.ProjectCardController - ProjectCardController.initialize(), hashCode = 99314227
2026-09-27 12:06:44.382 [Thread-14] DEBUG o.e.t.c.p.ProjectCardController - context = null
2026-09-27 12:06:44.382 [Thread-14] DEBUG o.e.t.c.p.ProjectCardController - ProjectCardController.setContext: org.example.taskschedulerdesktop.models.Project@648d0814, hashCode = 99314227
2026-09-27 12:06:44.382 [Thread-14] DEBUG o.e.t.c.p.ProjectCardController - class = org.example.taskschedulerdesktop.models.Project
2026-09-27 12:06:44.382 [Thread-14] DEBUG o.e.t.listeners.EventBus - SUBSCRIBE: TaskChangedEvent -> 1796311998
2026-09-27 12:06:44.383 [Thread-14] DEBUG o.e.t.s.project.ProjectCardService - createCard(org.example.taskschedulerdesktop.models.Project@3e2b7958)
2026-09-27 12:06:44.393 [Thread-14] DEBUG o.e.t.c.p.ProjectCardController - ProjectCardController.initialize(), hashCode = 1307743114
2026-09-27 12:06:44.394 [Thread-14] DEBUG o.e.t.c.p.ProjectCardController - context = null
2026-09-27 12:06:44.394 [Thread-14] DEBUG o.e.t.c.p.ProjectCardController - ProjectCardController.setContext: org.example.taskschedulerdesktop.models.Project@3e2b7958, hashCode = 1307743114
2026-09-27 12:06:44.394 [Thread-14] DEBUG o.e.t.c.p.ProjectCardController - class = org.example.taskschedulerdesktop.models.Project
2026-09-27 12:06:44.394 [Thread-14] DEBUG o.e.t.listeners.EventBus - SUBSCRIBE: TaskChangedEvent -> 2117147424
2026-09-27 12:06:44.394 [Thread-14] DEBUG o.e.t.s.project.ProjectCardService - createCard(org.example.taskschedulerdesktop.models.Project@1a9138ce)
2026-09-27 12:06:44.402 [Thread-14] DEBUG o.e.t.c.p.ProjectCardController - ProjectCardController.initialize(), hashCode = 789639002
2026-09-27 12:06:44.402 [Thread-14] DEBUG o.e.t.c.p.ProjectCardController - context = null
2026-09-27 12:06:44.403 [Thread-14] DEBUG o.e.t.c.p.ProjectCardController - ProjectCardController.setContext: org.example.taskschedulerdesktop.models.Project@1a9138ce, hashCode = 789639002
2026-09-27 12:06:44.403 [Thread-14] DEBUG o.e.t.c.p.ProjectCardController - class = org.example.taskschedulerdesktop.models.Project
2026-09-27 12:06:44.403 [Thread-14] DEBUG o.e.t.listeners.EventBus - SUBSCRIBE: TaskChangedEvent -> 283129412
2026-09-27 12:06:47.390 [JavaFX Application Thread] DEBUG o.e.t.navigation.NavigationManager - Close Stage: Новый проект
2026-09-27 12:06:48.089 [JavaFX Application Thread] DEBUG o.e.t.c.p.ProjectCardController - Click on the card, context = org.example.taskschedulerdesktop.models.Project@e269e9d
2026-09-27 12:06:48.090 [JavaFX Application Thread] DEBUG o.e.t.navigation.NavigationManager - Start async loading page: /org/example/taskschedulerdesktop/view/project_details.fxml
2026-09-27 12:06:48.121 [Thread-6] DEBUG o.e.t.listeners.EventBus - SUBSCRIBE: TaskChangedEvent -> 871166810
2026-09-27 12:06:48.121 [Thread-6] DEBUG o.e.t.listeners.EventBus - SUBSCRIBE: ProjectChangedEvent -> 658205162
2026-09-27 12:06:48.122 [JavaFX Application Thread] DEBUG o.e.t.c.p.ProjectDetailsController - setContext: org.example.taskschedulerdesktop.models.Project@e269e9d
2026-09-27 12:06:48.122 [JavaFX Application Thread] DEBUG o.e.t.c.p.ProjectDetailsController - class = org.example.taskschedulerdesktop.models.Project
2026-09-27 12:06:48.122 [JavaFX Application Thread] DEBUG o.e.t.c.p.ProjectDetailsController - updateUI: name=Редизайн портала, tasks=2, completed=2, percent=100
2026-09-27 12:06:48.126 [Thread-9] DEBUG o.e.t.r.task.H2TaskRepository - findViewsByProjectIdAndStatus(1, COMPLETED)
2026-09-27 12:06:48.126 [Thread-7] DEBUG o.e.t.r.task.H2TaskRepository - findViewsByProjectIdAndStatus(1, UNDER_REVIEW)
2026-09-27 12:06:48.126 [Thread-10] DEBUG o.e.t.r.task.H2TaskRepository - findViewsByProjectIdAndStatus(1, NEW)
2026-09-27 12:06:48.126 [Thread-8] DEBUG o.e.t.r.task.H2TaskRepository - findViewsByProjectIdAndStatus(1, IN_PROGRESS)
2026-09-27 12:06:48.131 [Thread-8] DEBUG o.e.t.r.task.H2TaskRepository - countByProjectNameAndStatus(1, IN_PROGRESS)
2026-09-27 12:06:48.132 [Thread-7] DEBUG o.e.t.r.task.H2TaskRepository - countByProjectNameAndStatus(1, UNDER_REVIEW)
2026-09-27 12:06:48.133 [Thread-10] DEBUG o.e.t.r.task.H2TaskRepository - countByProjectNameAndStatus(1, NEW)
2026-09-27 12:06:48.133 [Thread-8] DEBUG o.e.t.r.task.H2TaskRepository - countByProjectNameAndStatus(1, COMPLETED)
2026-09-27 12:06:48.135 [Thread-7] DEBUG o.e.t.r.task.H2TaskRepository - countByProjectNameAndPriority(1, HIGH)
2026-09-27 12:06:48.136 [Thread-8] DEBUG o.e.t.r.task.H2TaskRepository - countByProjectNameAndPriority(1, MIDDLE)
2026-09-27 12:06:48.137 [Thread-10] DEBUG o.e.t.r.task.H2TaskRepository - countByProjectNameAndPriority(1, LOW)
2026-09-27 12:06:48.138 [JavaFX Application Thread] DEBUG o.e.t.listeners.EventBus - FIRE: PageTitleChangedEvent (subscribers: 1)
2026-09-27 12:06:48.139 [JavaFX Application Thread] DEBUG o.e.t.navigation.NavigationManager - Page displayed successfully: /org/example/taskschedulerdesktop/view/project_details.fxml
2026-09-27 12:06:48.212 [JavaFX Application Thread] DEBUG o.e.t.c.p.ProjectDetailsController - updateUI: name=Редизайн портала, tasks=2, completed=2, percent=100
2026-09-27 12:06:51.829 [Thread-11] DEBUG o.e.t.s.project.AsyncProjectService - Found 4 projects
2026-09-27 12:07:08.070 [JavaFX Application Thread] DEBUG o.e.t.c.tasks.CreateTaskController - createTaskButton.getScene() = javafx.scene.Scene@28d963fc
2026-09-27 12:07:08.071 [JavaFX Application Thread] DEBUG o.e.t.c.tasks.CreateTaskController - createTaskButton.getScene().getWindow() = javafx.stage.Stage@6d736c2c
2026-09-27 12:07:08.071 [Thread-7] DEBUG o.e.t.service.task.TaskServiceImpl - save(org.example.taskschedulerdesktop.models.Task@4ca408c5)
2026-09-27 12:07:08.071 [Thread-7] DEBUG o.e.t.r.task.H2TaskRepository - save(org.example.taskschedulerdesktop.models.Task@4ca408c5)
2026-09-27 12:07:08.078 [Thread-7] DEBUG o.e.t.r.task.H2TaskRepository - Task saved: id = 27
2026-09-27 12:07:08.078 [Thread-7] DEBUG o.e.t.service.task.TaskServiceImpl - TaskChangedEvent: projectId=1, taskName=12345
2026-09-27 12:07:08.078 [Thread-7] DEBUG o.e.t.listeners.EventBus - FIRE: TaskChangedEvent (subscribers: 11)
2026-09-27 12:07:08.078 [Thread-7] DEBUG o.e.t.s.project.ProjectServiceImpl - TaskChangedEvent received: projectId=1
2026-09-27 12:07:08.081 [Thread-7] DEBUG o.e.t.s.project.ProjectServiceImpl - Project found: Редизайн портала
2026-09-27 12:07:08.081 [Thread-7] DEBUG o.e.t.s.project.ProjectServiceImpl - update(org.example.taskschedulerdesktop.models.Project@3ce6b05b)
2026-09-27 12:07:08.082 [Thread-7] DEBUG o.e.t.r.task.H2TaskRepository - countByProjectName(1)
2026-09-27 12:07:08.083 [Thread-7] DEBUG o.e.t.r.task.H2TaskRepository - countTasksByProjectName: 3
2026-09-27 12:07:08.083 [Thread-7] DEBUG o.e.t.r.task.H2TaskRepository - countByProjectNameAndStatus(1, COMPLETED)
2026-09-27 12:07:08.084 [Thread-7] DEBUG o.e.t.s.project.ProjectServiceImpl - Project: Редизайн портала, numberOfTasks = 3, completedTasks = 2
2026-09-27 12:07:08.084 [Thread-7] DEBUG o.e.t.r.project.H2ProjectRepository - UPDATE project: id=1, numberOfTasks=3, completedTasks=2
2026-09-27 12:07:08.088 [Thread-7] DEBUG o.e.t.r.project.H2ProjectRepository - Project updated in DB: Редизайн портала
2026-09-27 12:07:08.089 [Thread-7] DEBUG o.e.t.s.project.ProjectServiceImpl - Project updated: Редизайн портала
2026-09-27 12:07:08.089 [Thread-7] DEBUG o.e.t.c.p.ProjectCardController - TaskChangedEvent received: projectId=1
2026-09-27 12:07:08.089 [Thread-7] DEBUG o.e.t.c.p.ProjectCardController - refreshCard(), context = org.example.taskschedulerdesktop.models.Project@4b7e98e6
2026-09-27 12:07:08.089 [Thread-8] DEBUG o.e.t.r.task.H2TaskRepository - findAllViews()
2026-09-27 12:07:08.089 [Thread-7] DEBUG o.e.t.c.p.ProjectCardController - context.getId() = 1
2026-09-27 12:07:08.090 [Thread-7] DEBUG o.e.t.c.p.ProjectCardController - TaskChangedEvent received: projectId=1
2026-09-27 12:07:08.090 [Thread-7] DEBUG o.e.t.c.p.ProjectCardController - The event is not suitable
2026-09-27 12:07:08.091 [Thread-7] DEBUG o.e.t.c.p.ProjectCardController - TaskChangedEvent received: projectId=1
2026-09-27 12:07:08.091 [Thread-7] DEBUG o.e.t.c.p.ProjectCardController - The event is not suitable
2026-09-27 12:07:08.091 [Thread-7] DEBUG o.e.t.c.p.ProjectCardController - TaskChangedEvent received: projectId=1
2026-09-27 12:07:08.091 [Thread-7] DEBUG o.e.t.c.p.ProjectCardController - The event is not suitable
2026-09-27 12:07:08.091 [Thread-7] DEBUG o.e.t.c.p.ProjectCardController - TaskChangedEvent received: projectId=1
2026-09-27 12:07:08.091 [Thread-7] DEBUG o.e.t.c.p.ProjectCardController - refreshCard(), context = org.example.taskschedulerdesktop.models.Project@e269e9d
2026-09-27 12:07:08.091 [Thread-7] DEBUG o.e.t.c.p.ProjectCardController - context.getId() = 1
2026-09-27 12:07:08.091 [Thread-7] DEBUG o.e.t.c.p.ProjectCardController - TaskChangedEvent received: projectId=1
2026-09-27 12:07:08.091 [Thread-7] DEBUG o.e.t.c.p.ProjectCardController - The event is not suitable
2026-09-27 12:07:08.091 [Thread-7] DEBUG o.e.t.c.p.ProjectCardController - TaskChangedEvent received: projectId=1
2026-09-27 12:07:08.091 [Thread-7] DEBUG o.e.t.c.p.ProjectCardController - The event is not suitable
2026-09-27 12:07:08.091 [Thread-7] DEBUG o.e.t.c.p.ProjectCardController - TaskChangedEvent received: projectId=1
2026-09-27 12:07:08.091 [Thread-7] DEBUG o.e.t.c.p.ProjectCardController - The event is not suitable
2026-09-27 12:07:08.091 [Thread-7] DEBUG o.e.t.c.p.ProjectDetailsController - ProjectDetailsController: TaskChangedEvent received: projectId=1
2026-09-27 12:07:08.092 [Thread-7] ERROR o.e.t.listeners.EventBus - Ошибка в обработчике события: TaskChangedEvent
2026-09-27 12:07:08.092 [Thread-7] DEBUG o.e.t.service.task.TaskServiceImpl - Event TaskChangedEvent sent: projectName = 1
2026-09-27 12:07:08.092 [Thread-8] DEBUG o.e.t.r.task.H2TaskRepository - Found 16 views
2026-09-27 12:07:08.093 [JavaFX Application Thread] DEBUG o.e.t.listeners.EventBus - FIRE: TaskChangedEvent (subscribers: 11)
2026-09-27 12:07:08.093 [JavaFX Application Thread] DEBUG o.e.t.s.project.ProjectServiceImpl - TaskChangedEvent received: projectId=1
2026-09-27 12:07:08.094 [JavaFX Application Thread] DEBUG o.e.t.s.project.ProjectServiceImpl - Project found: Редизайн портала
2026-09-27 12:07:08.094 [JavaFX Application Thread] DEBUG o.e.t.s.project.ProjectServiceImpl - update(org.example.taskschedulerdesktop.models.Project@256e7ad4)
2026-09-27 12:07:08.094 [JavaFX Application Thread] DEBUG o.e.t.r.task.H2TaskRepository - countByProjectName(1)
2026-09-27 12:07:08.095 [JavaFX Application Thread] DEBUG o.e.t.r.task.H2TaskRepository - countTasksByProjectName: 3
2026-09-27 12:07:08.095 [JavaFX Application Thread] DEBUG o.e.t.r.task.H2TaskRepository - countByProjectNameAndStatus(1, COMPLETED)
2026-09-27 12:07:08.095 [JavaFX Application Thread] DEBUG o.e.t.s.project.ProjectServiceImpl - Project: Редизайн портала, numberOfTasks = 3, completedTasks = 2
2026-09-27 12:07:08.096 [JavaFX Application Thread] DEBUG o.e.t.r.project.H2ProjectRepository - UPDATE project: id=1, numberOfTasks=3, completedTasks=2
2026-09-27 12:07:08.097 [JavaFX Application Thread] DEBUG o.e.t.r.project.H2ProjectRepository - Project updated in DB: Редизайн портала
2026-09-27 12:07:08.097 [JavaFX Application Thread] DEBUG o.e.t.s.project.ProjectServiceImpl - Project updated: Редизайн портала
2026-09-27 12:07:08.098 [JavaFX Application Thread] DEBUG o.e.t.c.p.ProjectCardController - TaskChangedEvent received: projectId=1
2026-09-27 12:07:08.098 [Thread-10] DEBUG o.e.t.r.task.H2TaskRepository - findAllViews()
2026-09-27 12:07:08.098 [JavaFX Application Thread] DEBUG o.e.t.c.p.ProjectCardController - refreshCard(), context = org.example.taskschedulerdesktop.models.Project@4b7e98e6
2026-09-27 12:07:08.098 [JavaFX Application Thread] DEBUG o.e.t.c.p.ProjectCardController - context.getId() = 1
2026-09-27 12:07:08.099 [JavaFX Application Thread] DEBUG o.e.t.c.p.ProjectCardController - TaskChangedEvent received: projectId=1
2026-09-27 12:07:08.099 [JavaFX Application Thread] DEBUG o.e.t.c.p.ProjectCardController - The event is not suitable
2026-09-27 12:07:08.099 [JavaFX Application Thread] DEBUG o.e.t.c.p.ProjectCardController - TaskChangedEvent received: projectId=1
2026-09-27 12:07:08.099 [JavaFX Application Thread] DEBUG o.e.t.c.p.ProjectCardController - The event is not suitable
2026-09-27 12:07:08.099 [JavaFX Application Thread] DEBUG o.e.t.c.p.ProjectCardController - TaskChangedEvent received: projectId=1
2026-09-27 12:07:08.099 [JavaFX Application Thread] DEBUG o.e.t.c.p.ProjectCardController - The event is not suitable
2026-09-27 12:07:08.099 [JavaFX Application Thread] DEBUG o.e.t.c.p.ProjectCardController - TaskChangedEvent received: projectId=1
2026-09-27 12:07:08.099 [JavaFX Application Thread] DEBUG o.e.t.c.p.ProjectCardController - refreshCard(), context = org.example.taskschedulerdesktop.models.Project@e269e9d
2026-09-27 12:07:08.099 [JavaFX Application Thread] DEBUG o.e.t.c.p.ProjectCardController - context.getId() = 1
2026-09-27 12:07:08.099 [JavaFX Application Thread] DEBUG o.e.t.c.p.ProjectCardController - TaskChangedEvent received: projectId=1
2026-09-27 12:07:08.099 [JavaFX Application Thread] DEBUG o.e.t.c.p.ProjectCardController - The event is not suitable
2026-09-27 12:07:08.099 [JavaFX Application Thread] DEBUG o.e.t.c.p.ProjectCardController - TaskChangedEvent received: projectId=1
2026-09-27 12:07:08.099 [JavaFX Application Thread] DEBUG o.e.t.c.p.ProjectCardController - The event is not suitable
2026-09-27 12:07:08.099 [JavaFX Application Thread] DEBUG o.e.t.c.p.ProjectCardController - TaskChangedEvent received: projectId=1
2026-09-27 12:07:08.099 [JavaFX Application Thread] DEBUG o.e.t.c.p.ProjectCardController - The event is not suitable
2026-09-27 12:07:08.099 [JavaFX Application Thread] DEBUG o.e.t.c.p.ProjectDetailsController - ProjectDetailsController: TaskChangedEvent received: projectId=1
2026-09-27 12:07:08.101 [Thread-9] DEBUG o.e.t.r.task.H2TaskRepository - findViewsByProjectIdAndStatus(1, NEW)
2026-09-27 12:07:08.101 [Thread-7] DEBUG o.e.t.r.task.H2TaskRepository - findViewsByProjectIdAndStatus(1, IN_PROGRESS)
2026-09-27 12:07:08.102 [Thread-8] DEBUG o.e.t.r.task.H2TaskRepository - findViewsByProjectIdAndStatus(1, UNDER_REVIEW)
2026-09-27 12:07:08.102 [Thread-10] DEBUG o.e.t.r.task.H2TaskRepository - Found 16 views
2026-09-27 12:07:08.102 [Thread-10] DEBUG o.e.t.r.task.H2TaskRepository - findViewsByProjectIdAndStatus(1, COMPLETED)
2026-09-27 12:07:08.102 [Thread-8] DEBUG o.e.t.r.task.H2TaskRepository - countByProjectNameAndStatus(1, UNDER_REVIEW)
2026-09-27 12:07:08.102 [Thread-7] DEBUG o.e.t.r.task.H2TaskRepository - countByProjectNameAndStatus(1, IN_PROGRESS)
2026-09-27 12:07:08.103 [JavaFX Application Thread] DEBUG o.e.t.navigation.NavigationManager - Close Stage: Новая задача
2026-09-27 12:07:08.103 [Thread-7] DEBUG o.e.t.r.task.H2TaskRepository - countByProjectNameAndStatus(1, COMPLETED)
2026-09-27 12:07:08.103 [Thread-8] DEBUG o.e.t.r.task.H2TaskRepository - countByProjectNameAndStatus(1, NEW)
2026-09-27 12:07:08.104 [Thread-8] DEBUG o.e.t.r.task.H2TaskRepository - countByProjectNameAndPriority(1, HIGH)
2026-09-27 12:07:08.104 [Thread-7] DEBUG o.e.t.r.task.H2TaskRepository - countByProjectNameAndPriority(1, MIDDLE)
2026-09-27 12:07:08.106 [Thread-8] DEBUG o.e.t.r.task.H2TaskRepository - countByProjectNameAndPriority(1, LOW)
2026-09-27 12:07:08.135 [JavaFX Application Thread] DEBUG o.e.t.navigation.NavigationManager - Toast is displayed: Задача сохранена
2026-09-27 12:07:08.138 [JavaFX Application Thread] DEBUG o.e.t.service.task.AsyncTaskService - onSucceeded returned: 16 tasks
2026-09-27 12:07:08.139 [JavaFX Application Thread] DEBUG o.e.t.c.tasks.TaskTableController - onSuccess: received 16 tasks
2026-09-27 12:07:08.139 [JavaFX Application Thread] DEBUG o.e.t.c.tasks.TaskTableController - onSuccess: first task: Настроить интеграцию с 1C
2026-09-27 12:07:08.140 [JavaFX Application Thread] DEBUG o.e.t.c.tasks.TaskTableController - Table has: 16 tasks
2026-09-27 12:07:08.142 [JavaFX Application Thread] DEBUG o.e.t.service.task.AsyncTaskService - onSucceeded returned: 16 tasks
2026-09-27 12:07:08.143 [JavaFX Application Thread] DEBUG o.e.t.c.tasks.TaskTableController - onSuccess: received 16 tasks
2026-09-27 12:07:08.143 [JavaFX Application Thread] DEBUG o.e.t.c.tasks.TaskTableController - onSuccess: first task: Настроить интеграцию с 1C
2026-09-27 12:07:08.144 [JavaFX Application Thread] DEBUG o.e.t.c.tasks.TaskTableController - Table has: 16 tasks
2026-09-27 12:07:08.180 [JavaFX Application Thread] DEBUG o.e.t.c.p.ProjectDetailsController - updateUI: name=Редизайн портала, tasks=3, completed=2, percent=66
2026-09-27 12:07:11.849 [JavaFX Application Thread] DEBUG o.e.t.navigation.NavigationManager - Start async loading page: /org/example/taskschedulerdesktop/view/projects.fxml
2026-09-27 12:07:11.854 [Thread-12] DEBUG o.e.t.listeners.EventBus - SUBSCRIBE: ProjectChangedEvent -> 696242731
2026-09-27 12:07:11.856 [Thread-14] DEBUG o.e.t.s.project.AsyncProjectService - createProjectLoader()
2026-09-27 12:07:11.856 [JavaFX Application Thread] DEBUG o.e.t.c.p.ProjectDetailsController - ProjectDetailsController: shutdown()
2026-09-27 12:07:11.858 [JavaFX Application Thread] DEBUG o.e.t.listeners.EventBus - FIRE: PageTitleChangedEvent (subscribers: 1)
2026-09-27 12:07:11.858 [Thread-14] DEBUG o.e.t.s.project.AsyncProjectService - Project: org.example.taskschedulerdesktop.models.Project@71c10b3a, number of tasks = 3
2026-09-27 12:07:11.858 [JavaFX Application Thread] DEBUG o.e.t.navigation.NavigationManager - Page displayed successfully: /org/example/taskschedulerdesktop/view/projects.fxml
2026-09-27 12:07:11.858 [Thread-14] DEBUG o.e.t.s.project.ProjectCardService - createCard(org.example.taskschedulerdesktop.models.Project@71c10b3a)
2026-09-27 12:07:11.868 [Thread-14] DEBUG o.e.t.c.p.ProjectCardController - ProjectCardController.initialize(), hashCode = 1000723877
2026-09-27 12:07:11.869 [Thread-14] DEBUG o.e.t.c.p.ProjectCardController - context = null
2026-09-27 12:07:11.869 [Thread-14] DEBUG o.e.t.c.p.ProjectCardController - ProjectCardController.setContext: org.example.taskschedulerdesktop.models.Project@71c10b3a, hashCode = 1000723877
2026-09-27 12:07:11.869 [Thread-14] DEBUG o.e.t.c.p.ProjectCardController - class = org.example.taskschedulerdesktop.models.Project
2026-09-27 12:07:11.869 [Thread-14] DEBUG o.e.t.listeners.EventBus - SUBSCRIBE: TaskChangedEvent -> 1930140096
2026-09-27 12:07:11.869 [Thread-14] DEBUG o.e.t.s.project.ProjectCardService - createCard(org.example.taskschedulerdesktop.models.Project@44304afd)
2026-09-27 12:07:11.879 [Thread-14] DEBUG o.e.t.c.p.ProjectCardController - ProjectCardController.initialize(), hashCode = 2099829817
2026-09-27 12:07:11.880 [Thread-14] DEBUG o.e.t.c.p.ProjectCardController - context = null
2026-09-27 12:07:11.880 [Thread-14] DEBUG o.e.t.c.p.ProjectCardController - ProjectCardController.setContext: org.example.taskschedulerdesktop.models.Project@44304afd, hashCode = 2099829817
2026-09-27 12:07:11.880 [Thread-14] DEBUG o.e.t.c.p.ProjectCardController - class = org.example.taskschedulerdesktop.models.Project
2026-09-27 12:07:11.880 [Thread-14] DEBUG o.e.t.listeners.EventBus - SUBSCRIBE: TaskChangedEvent -> 1625794775
2026-09-27 12:07:11.880 [Thread-14] DEBUG o.e.t.s.project.ProjectCardService - createCard(org.example.taskschedulerdesktop.models.Project@1435c76e)
2026-09-27 12:07:11.890 [Thread-14] DEBUG o.e.t.c.p.ProjectCardController - ProjectCardController.initialize(), hashCode = 561101153
2026-09-27 12:07:11.890 [Thread-14] DEBUG o.e.t.c.p.ProjectCardController - context = null
2026-09-27 12:07:11.890 [Thread-14] DEBUG o.e.t.c.p.ProjectCardController - ProjectCardController.setContext: org.example.taskschedulerdesktop.models.Project@1435c76e, hashCode = 561101153
2026-09-27 12:07:11.890 [Thread-14] DEBUG o.e.t.c.p.ProjectCardController - class = org.example.taskschedulerdesktop.models.Project
2026-09-27 12:07:11.891 [Thread-14] DEBUG o.e.t.listeners.EventBus - SUBSCRIBE: TaskChangedEvent -> 2123954350
2026-09-27 12:07:11.891 [Thread-14] DEBUG o.e.t.s.project.ProjectCardService - createCard(org.example.taskschedulerdesktop.models.Project@64497198)
2026-09-27 12:07:11.899 [Thread-14] DEBUG o.e.t.c.p.ProjectCardController - ProjectCardController.initialize(), hashCode = 1907588245
2026-09-27 12:07:11.899 [Thread-14] DEBUG o.e.t.c.p.ProjectCardController - context = null
2026-09-27 12:07:11.900 [Thread-14] DEBUG o.e.t.c.p.ProjectCardController - ProjectCardController.setContext: org.example.taskschedulerdesktop.models.Project@64497198, hashCode = 1907588245
2026-09-27 12:07:11.900 [Thread-14] DEBUG o.e.t.c.p.ProjectCardController - class = org.example.taskschedulerdesktop.models.Project
2026-09-27 12:07:11.900 [Thread-14] DEBUG o.e.t.listeners.EventBus - SUBSCRIBE: TaskChangedEvent -> 1590540351
2026-09-27 12:07:20.466 [JavaFX Application Thread] DEBUG o.e.t.navigation.NavigationManager - Start async loading page: /org/example/taskschedulerdesktop/view/dashboard.fxml
2026-09-27 12:07:20.487 [Thread-6] DEBUG o.e.t.listeners.EventBus - SUBSCRIBE: TaskChangedEvent -> 1261538073
2026-09-27 12:07:20.488 [Thread-6] DEBUG o.e.t.c.review.DashboardController - loadProjects()
2026-09-27 12:07:20.488 [Thread-7] DEBUG o.e.t.r.task.H2TaskRepository - findAllViews()
2026-09-27 12:07:20.489 [Thread-15] DEBUG o.e.t.s.project.AsyncProjectService - Found 4 projects
2026-09-27 12:07:20.489 [JavaFX Application Thread] DEBUG o.e.t.c.review.DashboardController - Found 1 tasks, task status: UNDER_REVIEW
2026-09-27 12:07:20.490 [JavaFX Application Thread] DEBUG o.e.t.c.review.DashboardController - Found 4 tasks, task status: COMPLETED
2026-09-27 12:07:20.490 [JavaFX Application Thread] DEBUG o.e.t.c.review.DashboardController - Found 1 tasks, task status: IN_PROGRESS
2026-09-27 12:07:20.491 [Thread-7] DEBUG o.e.t.r.task.H2TaskRepository - Found 16 views
2026-09-27 12:07:20.491 [JavaFX Application Thread] DEBUG o.e.t.c.review.DashboardController - observableList size: 4
2026-09-27 12:07:20.491 [JavaFX Application Thread] DEBUG o.e.t.c.review.DashboardController - projectListView size : 4
2026-09-27 12:07:20.491 [JavaFX Application Thread] DEBUG o.e.t.service.task.AsyncTaskService - onSucceeded returned: 16 tasks
2026-09-27 12:07:20.491 [JavaFX Application Thread] DEBUG o.e.t.c.review.DashboardController - Found 16 tasks
2026-09-27 12:07:20.494 [Thread-6] DEBUG o.e.t.listeners.EventBus - SUBSCRIBE: TaskChangedEvent -> 81421515
2026-09-27 12:07:20.494 [Thread-9] DEBUG o.e.t.r.task.H2TaskRepository - findAllViews()
2026-09-27 12:07:20.494 [Thread-6] DEBUG o.e.t.c.review.DashboardController - Task table loaded successfully
2026-09-27 12:07:20.496 [JavaFX Application Thread] DEBUG o.e.t.listeners.EventBus - FIRE: PageTitleChangedEvent (subscribers: 1)
2026-09-27 12:07:20.496 [JavaFX Application Thread] DEBUG o.e.t.navigation.NavigationManager - Page displayed successfully: /org/example/taskschedulerdesktop/view/dashboard.fxml
2026-09-27 12:07:20.496 [Thread-9] DEBUG o.e.t.r.task.H2TaskRepository - Found 16 views
2026-09-27 12:07:20.497 [JavaFX Application Thread] DEBUG o.e.t.service.task.AsyncTaskService - onSucceeded returned: 16 tasks
2026-09-27 12:07:20.497 [JavaFX Application Thread] DEBUG o.e.t.c.tasks.TaskTableController - onSuccess: received 16 tasks
2026-09-27 12:07:20.497 [JavaFX Application Thread] DEBUG o.e.t.c.tasks.TaskTableController - onSuccess: first task: Настроить интеграцию с 1C
2026-09-27 12:07:20.498 [JavaFX Application Thread] DEBUG o.e.t.c.tasks.TaskTableController - Table has: 16 tasks
2026-09-27 12:07:20.520 [JavaFX Application Thread] DEBUG o.e.t.dto.projects.ProjectListCell - creating cell
2026-09-27 12:07:20.527 [JavaFX Application Thread] DEBUG o.e.t.dto.projects.ProjectListCell - loaded successfully
2026-09-27 12:07:20.577 [JavaFX Application Thread] DEBUG o.e.t.dto.projects.ProjectListCell - creating cell
2026-09-27 12:07:20.584 [JavaFX Application Thread] DEBUG o.e.t.dto.projects.ProjectListCell - loaded successfully
2026-09-27 12:07:20.589 [JavaFX Application Thread] DEBUG o.e.t.dto.projects.ProjectListCell - creating cell
2026-09-27 12:07:20.595 [JavaFX Application Thread] DEBUG o.e.t.dto.projects.ProjectListCell - loaded successfully
2026-09-27 12:07:20.600 [JavaFX Application Thread] DEBUG o.e.t.dto.projects.ProjectListCell - creating cell
2026-09-27 12:07:20.607 [JavaFX Application Thread] DEBUG o.e.t.dto.projects.ProjectListCell - loaded successfully
2026-09-27 12:07:20.612 [JavaFX Application Thread] DEBUG o.e.t.dto.projects.ProjectListCell - creating cell
2026-09-27 12:07:20.618 [JavaFX Application Thread] DEBUG o.e.t.dto.projects.ProjectListCell - loaded successfully
2026-09-27 12:07:20.623 [JavaFX Application Thread] DEBUG o.e.t.dto.projects.ProjectListCell - creating cell
2026-09-27 12:07:20.630 [JavaFX Application Thread] DEBUG o.e.t.dto.projects.ProjectListCell - loaded successfully
2026-09-27 12:07:20.631 [JavaFX Application Thread] DEBUG o.e.t.dto.projects.ProjectListCell - creating cell
2026-09-27 12:07:20.636 [JavaFX Application Thread] DEBUG o.e.t.dto.projects.ProjectListCell - loaded successfully
2026-09-27 12:07:20.638 [JavaFX Application Thread] DEBUG o.e.t.dto.projects.ProjectListCell - creating cell
2026-09-27 12:07:20.645 [JavaFX Application Thread] DEBUG o.e.t.dto.projects.ProjectListCell - loaded successfully
2026-09-27 12:07:20.646 [JavaFX Application Thread] DEBUG o.e.t.dto.projects.ProjectListCell - creating cell
2026-09-27 12:07:20.652 [JavaFX Application Thread] DEBUG o.e.t.dto.projects.ProjectListCell - loaded successfully
2026-09-27 12:07:20.654 [JavaFX Application Thread] DEBUG o.e.t.dto.projects.ProjectListCell - creating cell
2026-09-27 12:07:20.660 [JavaFX Application Thread] DEBUG o.e.t.dto.projects.ProjectListCell - loaded successfully
2026-09-27 12:07:20.661 [JavaFX Application Thread] DEBUG o.e.t.dto.projects.ProjectListCell - creating cell
2026-09-27 12:07:20.667 [JavaFX Application Thread] DEBUG o.e.t.dto.projects.ProjectListCell - loaded successfully
2026-09-27 12:07:20.669 [JavaFX Application Thread] DEBUG o.e.t.dto.projects.ProjectListCell - creating cell
2026-09-27 12:07:20.676 [JavaFX Application Thread] DEBUG o.e.t.dto.projects.ProjectListCell - loaded successfully
2026-09-27 12:07:20.678 [JavaFX Application Thread] DEBUG o.e.t.dto.projects.ProjectListCell - creating cell
2026-09-27 12:07:20.684 [JavaFX Application Thread] DEBUG o.e.t.dto.projects.ProjectListCell - loaded successfully
2026-09-27 12:07:20.686 [JavaFX Application Thread] DEBUG o.e.t.dto.projects.ProjectListCell - creating cell
2026-09-27 12:07:20.700 [JavaFX Application Thread] DEBUG o.e.t.dto.projects.ProjectListCell - loaded successfully
2026-09-27 12:07:20.946 [JavaFX Application Thread] DEBUG o.e.t.navigation.NavigationManager - Start async loading page: /org/example/taskschedulerdesktop/view/dashboard.fxml
2026-09-27 12:07:20.958 [Thread-12] DEBUG o.e.t.listeners.EventBus - SUBSCRIBE: TaskChangedEvent -> 530671246
2026-09-27 12:07:20.958 [Thread-12] DEBUG o.e.t.c.review.DashboardController - loadProjects()
2026-09-27 12:07:20.958 [Thread-10] DEBUG o.e.t.r.task.H2TaskRepository - findAllViews()
2026-09-27 12:07:20.959 [Thread-11] DEBUG o.e.t.s.project.AsyncProjectService - Found 4 projects
2026-09-27 12:07:20.960 [JavaFX Application Thread] DEBUG o.e.t.c.review.DashboardController - Found 4 tasks, task status: COMPLETED
2026-09-27 12:07:20.960 [JavaFX Application Thread] DEBUG o.e.t.c.review.DashboardController - Found 1 tasks, task status: IN_PROGRESS
2026-09-27 12:07:20.960 [JavaFX Application Thread] DEBUG o.e.t.c.review.DashboardController - Found 1 tasks, task status: UNDER_REVIEW
2026-09-27 12:07:20.961 [JavaFX Application Thread] DEBUG o.e.t.c.review.DashboardController - observableList size: 4
2026-09-27 12:07:20.961 [JavaFX Application Thread] DEBUG o.e.t.c.review.DashboardController - projectListView size : 4
2026-09-27 12:07:20.962 [Thread-10] DEBUG o.e.t.r.task.H2TaskRepository - Found 16 views
2026-09-27 12:07:20.962 [JavaFX Application Thread] DEBUG o.e.t.service.task.AsyncTaskService - onSucceeded returned: 16 tasks
2026-09-27 12:07:20.962 [JavaFX Application Thread] DEBUG o.e.t.c.review.DashboardController - Found 16 tasks
2026-09-27 12:07:20.963 [Thread-12] DEBUG o.e.t.listeners.EventBus - SUBSCRIBE: TaskChangedEvent -> 1415022172
2026-09-27 12:07:20.963 [Thread-12] DEBUG o.e.t.c.review.DashboardController - Task table loaded successfully
2026-09-27 12:07:20.963 [Thread-9] DEBUG o.e.t.r.task.H2TaskRepository - findAllViews()
2026-09-27 12:07:20.966 [JavaFX Application Thread] DEBUG o.e.t.listeners.EventBus - FIRE: PageTitleChangedEvent (subscribers: 1)
2026-09-27 12:07:20.966 [Thread-9] DEBUG o.e.t.r.task.H2TaskRepository - Found 16 views
2026-09-27 12:07:20.966 [JavaFX Application Thread] DEBUG o.e.t.navigation.NavigationManager - Page displayed successfully: /org/example/taskschedulerdesktop/view/dashboard.fxml
2026-09-27 12:07:20.966 [JavaFX Application Thread] DEBUG o.e.t.service.task.AsyncTaskService - onSucceeded returned: 16 tasks
2026-09-27 12:07:20.967 [JavaFX Application Thread] DEBUG o.e.t.c.tasks.TaskTableController - onSuccess: received 16 tasks
2026-09-27 12:07:20.967 [JavaFX Application Thread] DEBUG o.e.t.c.tasks.TaskTableController - onSuccess: first task: Настроить интеграцию с 1C
2026-09-27 12:07:20.967 [JavaFX Application Thread] DEBUG o.e.t.c.tasks.TaskTableController - Table has: 16 tasks
2026-09-27 12:07:20.992 [JavaFX Application Thread] DEBUG o.e.t.dto.projects.ProjectListCell - creating cell
2026-09-27 12:07:20.998 [JavaFX Application Thread] DEBUG o.e.t.dto.projects.ProjectListCell - loaded successfully
2026-09-27 12:07:21.036 [JavaFX Application Thread] DEBUG o.e.t.dto.projects.ProjectListCell - creating cell
2026-09-27 12:07:21.041 [JavaFX Application Thread] DEBUG o.e.t.dto.projects.ProjectListCell - loaded successfully
2026-09-27 12:07:21.044 [JavaFX Application Thread] DEBUG o.e.t.dto.projects.ProjectListCell - creating cell
2026-09-27 12:07:21.049 [JavaFX Application Thread] DEBUG o.e.t.dto.projects.ProjectListCell - loaded successfully
2026-09-27 12:07:21.052 [JavaFX Application Thread] DEBUG o.e.t.dto.projects.ProjectListCell - creating cell
2026-09-27 12:07:21.057 [JavaFX Application Thread] DEBUG o.e.t.dto.projects.ProjectListCell - loaded successfully
2026-09-27 12:07:21.060 [JavaFX Application Thread] DEBUG o.e.t.dto.projects.ProjectListCell - creating cell
2026-09-27 12:07:21.065 [JavaFX Application Thread] DEBUG o.e.t.dto.projects.ProjectListCell - loaded successfully
2026-09-27 12:07:21.068 [JavaFX Application Thread] DEBUG o.e.t.dto.projects.ProjectListCell - creating cell
2026-09-27 12:07:21.073 [JavaFX Application Thread] DEBUG o.e.t.dto.projects.ProjectListCell - loaded successfully
2026-09-27 12:07:21.074 [JavaFX Application Thread] DEBUG o.e.t.dto.projects.ProjectListCell - creating cell
2026-09-27 12:07:21.079 [JavaFX Application Thread] DEBUG o.e.t.dto.projects.ProjectListCell - loaded successfully
2026-09-27 12:07:21.079 [JavaFX Application Thread] DEBUG o.e.t.dto.projects.ProjectListCell - creating cell
2026-09-27 12:07:21.084 [JavaFX Application Thread] DEBUG o.e.t.dto.projects.ProjectListCell - loaded successfully
2026-09-27 12:07:21.085 [JavaFX Application Thread] DEBUG o.e.t.dto.projects.ProjectListCell - creating cell
2026-09-27 12:07:21.090 [JavaFX Application Thread] DEBUG o.e.t.dto.projects.ProjectListCell - loaded successfully
2026-09-27 12:07:21.091 [JavaFX Application Thread] DEBUG o.e.t.dto.projects.ProjectListCell - creating cell
2026-09-27 12:07:21.096 [JavaFX Application Thread] DEBUG o.e.t.dto.projects.ProjectListCell - loaded successfully
2026-09-27 12:07:21.097 [JavaFX Application Thread] DEBUG o.e.t.dto.projects.ProjectListCell - creating cell
2026-09-27 12:07:21.101 [JavaFX Application Thread] DEBUG o.e.t.dto.projects.ProjectListCell - loaded successfully
2026-09-27 12:07:21.102 [JavaFX Application Thread] DEBUG o.e.t.dto.projects.ProjectListCell - creating cell
2026-09-27 12:07:21.107 [JavaFX Application Thread] DEBUG o.e.t.dto.projects.ProjectListCell - loaded successfully
2026-09-27 12:07:21.108 [JavaFX Application Thread] DEBUG o.e.t.dto.projects.ProjectListCell - creating cell
2026-09-27 12:07:21.112 [JavaFX Application Thread] DEBUG o.e.t.dto.projects.ProjectListCell - loaded successfully
2026-09-27 12:07:21.113 [JavaFX Application Thread] DEBUG o.e.t.dto.projects.ProjectListCell - creating cell
2026-09-27 12:07:21.117 [JavaFX Application Thread] DEBUG o.e.t.dto.projects.ProjectListCell - loaded successfully
2026-09-27 12:07:54.823 [JavaFX Application Thread] DEBUG o.e.t.navigation.NavigationManager - NavigationManager disposed
2026-09-27 12:07:55.046 [JavaFX Application Thread] INFO  o.e.t.database.DatabaseConnection - HikariCP connection pool closed
2026-09-27 12:07:55.048 [JavaFX Application Thread] INFO  o.e.t.database.DatabaseConnection - H2 TCP-sever closed
2026-09-27 12:46:21.651 [JavaFX-Launcher] INFO  o.e.t.TaskSchedulerApplication - Name: 'Inter 18pt Regular'
2026-09-27 12:46:21.654 [JavaFX-Launcher] INFO  o.e.t.TaskSchedulerApplication - Family: 'Inter 18pt'
2026-09-27 12:46:21.654 [JavaFX-Launcher] INFO  o.e.t.TaskSchedulerApplication - Style: 'Regular'
2026-09-27 12:46:21.654 [JavaFX-Launcher] DEBUG o.e.t.TaskSchedulerApplication - Font loaded: /org/example/taskschedulerdesktop/fonts/Inter_18pt-Regular.ttf → 'Inter 18pt'
2026-09-27 12:46:21.688 [JavaFX-Launcher] INFO  o.e.t.TaskSchedulerApplication - Name: 'Inter 18pt Medium'
2026-09-27 12:46:21.689 [JavaFX-Launcher] INFO  o.e.t.TaskSchedulerApplication - Family: 'Inter 18pt Medium'
2026-09-27 12:46:21.689 [JavaFX-Launcher] INFO  o.e.t.TaskSchedulerApplication - Style: 'Regular'
2026-09-27 12:46:21.689 [JavaFX-Launcher] DEBUG o.e.t.TaskSchedulerApplication - Font loaded: /org/example/taskschedulerdesktop/fonts/Inter_18pt-Medium.ttf → 'Inter 18pt Medium'
2026-09-27 12:46:21.724 [JavaFX-Launcher] INFO  o.e.t.TaskSchedulerApplication - Name: 'Inter 18pt SemiBold'
2026-09-27 12:46:21.725 [JavaFX-Launcher] INFO  o.e.t.TaskSchedulerApplication - Family: 'Inter 18pt SemiBold'
2026-09-27 12:46:21.725 [JavaFX-Launcher] INFO  o.e.t.TaskSchedulerApplication - Style: 'Regular'
2026-09-27 12:46:21.725 [JavaFX-Launcher] DEBUG o.e.t.TaskSchedulerApplication - Font loaded: /org/example/taskschedulerdesktop/fonts/Inter_18pt-SemiBold.ttf → 'Inter 18pt SemiBold'
2026-09-27 12:46:21.754 [JavaFX-Launcher] INFO  o.e.t.TaskSchedulerApplication - Name: 'Lora Regular'
2026-09-27 12:46:21.755 [JavaFX-Launcher] INFO  o.e.t.TaskSchedulerApplication - Family: 'Lora'
2026-09-27 12:46:21.755 [JavaFX-Launcher] INFO  o.e.t.TaskSchedulerApplication - Style: 'Regular'
2026-09-27 12:46:21.755 [JavaFX-Launcher] DEBUG o.e.t.TaskSchedulerApplication - Font loaded: /org/example/taskschedulerdesktop/fonts/Lora-Regular.ttf → 'Lora'
2026-09-27 12:46:21.788 [JavaFX-Launcher] INFO  o.e.t.TaskSchedulerApplication - Name: 'JetBrains Mono Regular'
2026-09-27 12:46:21.788 [JavaFX-Launcher] INFO  o.e.t.TaskSchedulerApplication - Family: 'JetBrains Mono'
2026-09-27 12:46:21.788 [JavaFX-Launcher] INFO  o.e.t.TaskSchedulerApplication - Style: 'Regular'
2026-09-27 12:46:21.788 [JavaFX-Launcher] DEBUG o.e.t.TaskSchedulerApplication - Font loaded: /org/example/taskschedulerdesktop/fonts/JetBrainsMono-Regular.ttf → 'JetBrains Mono'
2026-09-27 12:46:22.435 [JavaFX Application Thread] DEBUG o.e.t.database.DatabaseConnection - H2 TCP-server started on the port:9092 successful
2026-09-27 12:46:22.467 [JavaFX Application Thread] DEBUG o.e.t.r.task.H2TaskRepository - createTableIfNotExists()
2026-09-27 12:46:22.487 [JavaFX Application Thread] DEBUG o.e.t.r.task.H2TaskRepository - createIndexes()
2026-09-27 12:46:22.739 [JavaFX Application Thread] DEBUG o.e.t.s.project.ProjectServiceImpl - ProjectServiceImpl created
2026-09-27 12:46:22.777 [JavaFX Application Thread] DEBUG o.e.t.listeners.EventBus - SUBSCRIBE: TaskChangedEvent -> 574511562
2026-09-27 12:46:22.779 [JavaFX Application Thread] DEBUG o.e.t.s.project.ProjectServiceImpl - Subscribe on TaskChangedEvent completed
2026-09-27 12:46:23.375 [JavaFX Application Thread] DEBUG o.e.t.listeners.EventBus - SUBSCRIBE: PageTitleChangedEvent -> 397416076
2026-09-27 12:46:23.413 [JavaFX Application Thread] DEBUG o.e.t.navigation.NavigationManager - Start async loading page: /org/example/taskschedulerdesktop/view/dashboard.fxml
2026-09-27 12:46:23.588 [JavaFX Application Thread] DEBUG o.e.t.TaskSchedulerApplication - CSS: /org/example/taskschedulerdesktop/styles/style.css
2026-09-27 12:46:23.589 [JavaFX Application Thread] DEBUG o.e.t.TaskSchedulerApplication - CSS: /org/example/taskschedulerdesktop/styles/base.css
2026-09-27 12:46:23.591 [JavaFX Application Thread] DEBUG o.e.t.TaskSchedulerApplication - CSS: /org/example/taskschedulerdesktop/styles/row_task_table.css
2026-09-27 12:46:23.592 [JavaFX Application Thread] DEBUG o.e.t.TaskSchedulerApplication - CSS: /org/example/taskschedulerdesktop/styles/task_table_view.css
2026-09-27 12:46:23.629 [Thread-6] DEBUG o.e.t.listeners.EventBus - SUBSCRIBE: TaskChangedEvent -> 925533743
2026-09-27 12:46:23.632 [Thread-7] DEBUG o.e.t.r.task.H2TaskRepository - findAllViews()
2026-09-27 12:46:23.653 [Thread-6] DEBUG o.e.t.c.review.DashboardController - loadProjects()
2026-09-27 12:46:23.680 [Thread-11] DEBUG o.e.t.s.project.AsyncProjectService - Found 4 projects
2026-09-27 12:46:23.682 [Thread-7] DEBUG o.e.t.r.task.H2TaskRepository - Found 16 views
2026-09-27 12:46:23.820 [Thread-6] DEBUG o.e.t.listeners.EventBus - SUBSCRIBE: TaskChangedEvent -> 1617735993
2026-09-27 12:46:23.821 [Thread-8] DEBUG o.e.t.r.task.H2TaskRepository - findAllViews()
2026-09-27 12:46:23.821 [Thread-6] DEBUG o.e.t.c.review.DashboardController - Task table loaded successfully
2026-09-27 12:46:23.826 [Thread-8] DEBUG o.e.t.r.task.H2TaskRepository - Found 16 views
2026-09-27 12:46:25.077 [JavaFX Application Thread] DEBUG o.e.t.c.review.DashboardController - Found 1 tasks, task status: IN_PROGRESS
2026-09-27 12:46:25.079 [JavaFX Application Thread] DEBUG o.e.t.c.review.DashboardController - Found 4 tasks, task status: COMPLETED
2026-09-27 12:46:25.081 [JavaFX Application Thread] DEBUG o.e.t.c.review.DashboardController - Found 1 tasks, task status: UNDER_REVIEW
2026-09-27 12:46:25.082 [JavaFX Application Thread] DEBUG o.e.t.c.review.DashboardController - observableList size: 4
2026-09-27 12:46:25.083 [JavaFX Application Thread] DEBUG o.e.t.c.review.DashboardController - projectListView size : 4
2026-09-27 12:46:25.085 [JavaFX Application Thread] DEBUG o.e.t.service.task.AsyncTaskService - onSucceeded returned: 16 tasks
2026-09-27 12:46:25.085 [JavaFX Application Thread] DEBUG o.e.t.c.review.DashboardController - Found 16 tasks
2026-09-27 12:46:25.134 [JavaFX Application Thread] DEBUG o.e.t.listeners.EventBus - FIRE: PageTitleChangedEvent (subscribers: 1)
2026-09-27 12:46:25.135 [JavaFX Application Thread] DEBUG o.e.t.navigation.NavigationManager - Page displayed successfully: /org/example/taskschedulerdesktop/view/dashboard.fxml
2026-09-27 12:46:25.135 [JavaFX Application Thread] DEBUG o.e.t.service.task.AsyncTaskService - onSucceeded returned: 16 tasks
2026-09-27 12:46:25.136 [JavaFX Application Thread] DEBUG o.e.t.c.tasks.TaskTableController - onSuccess: received 16 tasks
2026-09-27 12:46:25.136 [JavaFX Application Thread] DEBUG o.e.t.c.tasks.TaskTableController - onSuccess: first task: Настроить интеграцию с 1C
2026-09-27 12:46:25.137 [JavaFX Application Thread] DEBUG o.e.t.c.tasks.TaskTableController - Table has: 16 tasks
2026-09-27 12:46:25.369 [JavaFX Application Thread] DEBUG o.e.t.dto.projects.ProjectListCell - creating cell
2026-09-27 12:46:25.408 [JavaFX Application Thread] DEBUG o.e.t.dto.projects.ProjectListCell - loaded successfully
2026-09-27 12:46:25.789 [JavaFX Application Thread] DEBUG o.e.t.dto.projects.ProjectListCell - creating cell
2026-09-27 12:46:25.801 [JavaFX Application Thread] DEBUG o.e.t.dto.projects.ProjectListCell - loaded successfully
2026-09-27 12:46:25.813 [JavaFX Application Thread] DEBUG o.e.t.dto.projects.ProjectListCell - creating cell
2026-09-27 12:46:25.825 [JavaFX Application Thread] DEBUG o.e.t.dto.projects.ProjectListCell - loaded successfully
2026-09-27 12:46:25.835 [JavaFX Application Thread] DEBUG o.e.t.dto.projects.ProjectListCell - creating cell
2026-09-27 12:46:25.845 [JavaFX Application Thread] DEBUG o.e.t.dto.projects.ProjectListCell - loaded successfully
2026-09-27 12:46:25.855 [JavaFX Application Thread] DEBUG o.e.t.dto.projects.ProjectListCell - creating cell
2026-09-27 12:46:25.868 [JavaFX Application Thread] DEBUG o.e.t.dto.projects.ProjectListCell - loaded successfully
2026-09-27 12:46:25.878 [JavaFX Application Thread] DEBUG o.e.t.dto.projects.ProjectListCell - creating cell
2026-09-27 12:46:25.889 [JavaFX Application Thread] DEBUG o.e.t.dto.projects.ProjectListCell - loaded successfully
2026-09-27 12:46:25.892 [JavaFX Application Thread] DEBUG o.e.t.dto.projects.ProjectListCell - creating cell
2026-09-27 12:46:25.903 [JavaFX Application Thread] DEBUG o.e.t.dto.projects.ProjectListCell - loaded successfully
2026-09-27 12:46:25.906 [JavaFX Application Thread] DEBUG o.e.t.dto.projects.ProjectListCell - creating cell
2026-09-27 12:46:25.916 [JavaFX Application Thread] DEBUG o.e.t.dto.projects.ProjectListCell - loaded successfully
2026-09-27 12:46:25.918 [JavaFX Application Thread] DEBUG o.e.t.dto.projects.ProjectListCell - creating cell
2026-09-27 12:46:25.930 [JavaFX Application Thread] DEBUG o.e.t.dto.projects.ProjectListCell - loaded successfully
2026-09-27 12:46:25.932 [JavaFX Application Thread] DEBUG o.e.t.dto.projects.ProjectListCell - creating cell
2026-09-27 12:46:25.943 [JavaFX Application Thread] DEBUG o.e.t.dto.projects.ProjectListCell - loaded successfully
2026-09-27 12:46:25.945 [JavaFX Application Thread] DEBUG o.e.t.dto.projects.ProjectListCell - creating cell
2026-09-27 12:46:25.955 [JavaFX Application Thread] DEBUG o.e.t.dto.projects.ProjectListCell - loaded successfully
2026-09-27 12:46:25.958 [JavaFX Application Thread] DEBUG o.e.t.dto.projects.ProjectListCell - creating cell
2026-09-27 12:46:25.969 [JavaFX Application Thread] DEBUG o.e.t.dto.projects.ProjectListCell - loaded successfully
2026-09-27 12:46:25.971 [JavaFX Application Thread] DEBUG o.e.t.dto.projects.ProjectListCell - creating cell
2026-09-27 12:46:25.981 [JavaFX Application Thread] DEBUG o.e.t.dto.projects.ProjectListCell - loaded successfully
2026-09-27 12:46:25.983 [JavaFX Application Thread] DEBUG o.e.t.dto.projects.ProjectListCell - creating cell
2026-09-27 12:46:25.995 [JavaFX Application Thread] DEBUG o.e.t.dto.projects.ProjectListCell - loaded successfully
2026-09-27 13:24:26.986 [JavaFX-Launcher] INFO  o.e.t.TaskSchedulerApplication - Name: 'Inter 18pt Regular'
2026-09-27 13:24:26.988 [JavaFX-Launcher] INFO  o.e.t.TaskSchedulerApplication - Family: 'Inter 18pt'
2026-09-27 13:24:26.989 [JavaFX-Launcher] INFO  o.e.t.TaskSchedulerApplication - Style: 'Regular'
2026-09-27 13:24:26.989 [JavaFX-Launcher] DEBUG o.e.t.TaskSchedulerApplication - Font loaded: /org/example/taskschedulerdesktop/fonts/Inter_18pt-Regular.ttf → 'Inter 18pt'
2026-09-27 13:24:27.008 [JavaFX-Launcher] INFO  o.e.t.TaskSchedulerApplication - Name: 'Inter 18pt Medium'
2026-09-27 13:24:27.008 [JavaFX-Launcher] INFO  o.e.t.TaskSchedulerApplication - Family: 'Inter 18pt Medium'
2026-09-27 13:24:27.009 [JavaFX-Launcher] INFO  o.e.t.TaskSchedulerApplication - Style: 'Regular'
2026-09-27 13:24:27.009 [JavaFX-Launcher] DEBUG o.e.t.TaskSchedulerApplication - Font loaded: /org/example/taskschedulerdesktop/fonts/Inter_18pt-Medium.ttf → 'Inter 18pt Medium'
2026-09-27 13:24:27.031 [JavaFX-Launcher] INFO  o.e.t.TaskSchedulerApplication - Name: 'Inter 18pt SemiBold'
2026-09-27 13:24:27.031 [JavaFX-Launcher] INFO  o.e.t.TaskSchedulerApplication - Family: 'Inter 18pt SemiBold'
2026-09-27 13:24:27.031 [JavaFX-Launcher] INFO  o.e.t.TaskSchedulerApplication - Style: 'Regular'
2026-09-27 13:24:27.031 [JavaFX-Launcher] DEBUG o.e.t.TaskSchedulerApplication - Font loaded: /org/example/taskschedulerdesktop/fonts/Inter_18pt-SemiBold.ttf → 'Inter 18pt SemiBold'
2026-09-27 13:24:27.051 [JavaFX-Launcher] INFO  o.e.t.TaskSchedulerApplication - Name: 'Lora Regular'
2026-09-27 13:24:27.052 [JavaFX-Launcher] INFO  o.e.t.TaskSchedulerApplication - Family: 'Lora'
2026-09-27 13:24:27.052 [JavaFX-Launcher] INFO  o.e.t.TaskSchedulerApplication - Style: 'Regular'
2026-09-27 13:24:27.052 [JavaFX-Launcher] DEBUG o.e.t.TaskSchedulerApplication - Font loaded: /org/example/taskschedulerdesktop/fonts/Lora-Regular.ttf → 'Lora'
2026-09-27 13:24:27.075 [JavaFX-Launcher] INFO  o.e.t.TaskSchedulerApplication - Name: 'JetBrains Mono Regular'
2026-09-27 13:24:27.076 [JavaFX-Launcher] INFO  o.e.t.TaskSchedulerApplication - Family: 'JetBrains Mono'
2026-09-27 13:24:27.076 [JavaFX-Launcher] INFO  o.e.t.TaskSchedulerApplication - Style: 'Regular'
2026-09-27 13:24:27.076 [JavaFX-Launcher] DEBUG o.e.t.TaskSchedulerApplication - Font loaded: /org/example/taskschedulerdesktop/fonts/JetBrainsMono-Regular.ttf → 'JetBrains Mono'
2026-09-27 13:24:27.638 [JavaFX Application Thread] DEBUG o.e.t.database.DatabaseConnection - H2 TCP-server started on the port:9092 successful
2026-09-27 13:24:27.669 [JavaFX Application Thread] DEBUG o.e.t.r.task.H2TaskRepository - createTableIfNotExists()
2026-09-27 13:24:27.689 [JavaFX Application Thread] DEBUG o.e.t.r.task.H2TaskRepository - createIndexes()
2026-09-27 13:24:27.790 [JavaFX Application Thread] DEBUG o.e.t.s.project.ProjectServiceImpl - ProjectServiceImpl created
2026-09-27 13:24:27.793 [JavaFX Application Thread] DEBUG o.e.t.listeners.EventBus - SUBSCRIBE: TaskChangedEvent -> 1487721249
2026-09-27 13:24:27.794 [JavaFX Application Thread] DEBUG o.e.t.s.project.ProjectServiceImpl - Subscribe on TaskChangedEvent completed
2026-09-27 13:24:28.179 [JavaFX Application Thread] DEBUG o.e.t.listeners.EventBus - SUBSCRIBE: PageTitleChangedEvent -> 764124341
2026-09-27 13:24:28.209 [JavaFX Application Thread] DEBUG o.e.t.navigation.NavigationManager - Start async loading page: /org/example/taskschedulerdesktop/view/dashboard.fxml
2026-09-27 13:24:28.395 [JavaFX Application Thread] DEBUG o.e.t.TaskSchedulerApplication - CSS: /org/example/taskschedulerdesktop/styles/style.css
2026-09-27 13:24:28.396 [JavaFX Application Thread] DEBUG o.e.t.TaskSchedulerApplication - CSS: /org/example/taskschedulerdesktop/styles/base.css
2026-09-27 13:24:28.397 [JavaFX Application Thread] DEBUG o.e.t.TaskSchedulerApplication - CSS: /org/example/taskschedulerdesktop/styles/row_task_table.css
2026-09-27 13:24:28.397 [JavaFX Application Thread] DEBUG o.e.t.TaskSchedulerApplication - CSS: /org/example/taskschedulerdesktop/styles/task_table_view.css
2026-09-27 13:24:28.434 [Thread-6] DEBUG o.e.t.listeners.EventBus - SUBSCRIBE: TaskChangedEvent -> 2011408555
2026-09-27 13:24:28.438 [Thread-7] DEBUG o.e.t.r.task.H2TaskRepository - findAllViews()
2026-09-27 13:24:28.442 [Thread-6] DEBUG o.e.t.c.review.DashboardController - loadProjects()
2026-09-27 13:24:28.445 [Thread-6] DEBUG o.e.t.c.review.DashboardController - load deadlines
2026-09-27 13:24:28.452 [Thread-11] DEBUG o.e.t.s.project.AsyncProjectService - Found 4 projects
2026-09-27 13:24:28.454 [Thread-9] DEBUG o.e.t.r.task.H2TaskRepository - findUpcomingDeadlines(maxDaysUntilDeadline: 7)
2026-09-27 13:24:28.464 [Thread-7] DEBUG o.e.t.r.task.H2TaskRepository - Found 16 views
2026-09-27 13:24:28.470 [Thread-9] ERROR o.e.t.r.task.H2TaskRepository - Error finding upcoming deadlines: project maxDaysUntilDeadline = 7
org.h2.jdbc.JdbcSQLSyntaxErrorException: Синтаксическая ошибка в выражении SQL "    SELECT t.id, t.name, t.project_id, p.name AS project_name, t.executor,\000a     t.type, t.status, t.priority, t.deadline, t.description, t.synced FROM tasks t\000a      WHERE [*]WHERE deadline IS NOT NULL\000a       AND deadline < DATEADD('DAY', ?, CURRENT_DATE) ORDER BY deadline ASC;\000a"; ожидалось "INTERSECTS (, NOT, EXISTS, UNIQUE, INTERSECTS"
Syntax error in SQL statement "    SELECT t.id, t.name, t.project_id, p.name AS project_name, t.executor,\000a     t.type, t.status, t.priority, t.deadline, t.description, t.synced FROM tasks t\000a      WHERE [*]WHERE deadline IS NOT NULL\000a       AND deadline < DATEADD('DAY', ?, CURRENT_DATE) ORDER BY deadline ASC;\000a"; expected "INTERSECTS (, NOT, EXISTS, UNIQUE, INTERSECTS"; SQL statement:
    SELECT t.id, t.name, t.project_id, p.name AS project_name, t.executor,
     t.type, t.status, t.priority, t.deadline, t.description, t.synced FROM tasks t
      WHERE WHERE deadline IS NOT NULL
       AND deadline < DATEADD('DAY', ?, CURRENT_DATE) ORDER BY deadline ASC;
 [42001-224]
	at com.h2database@2.2.224/org.h2.message.DbException.getJdbcSQLException(DbException.java:514)
	at com.h2database@2.2.224/org.h2.message.DbException.getJdbcSQLException(DbException.java:489)
	at com.h2database@2.2.224/org.h2.message.DbException.getSyntaxError(DbException.java:261)
	at com.h2database@2.2.224/org.h2.command.ParserBase.getSyntaxError(ParserBase.java:750)
	at com.h2database@2.2.224/org.h2.command.Parser.readTermWithoutIdentifier(Parser.java:5134)
	at com.h2database@2.2.224/org.h2.command.Parser.readTerm(Parser.java:4834)
	at com.h2database@2.2.224/org.h2.command.Parser.readFactor(Parser.java:3337)
	at com.h2database@2.2.224/org.h2.command.Parser.readSum(Parser.java:3324)
	at com.h2database@2.2.224/org.h2.command.Parser.readConcat(Parser.java:3289)
	at com.h2database@2.2.224/org.h2.command.Parser.readCondition(Parser.java:3079)
	at com.h2database@2.2.224/org.h2.command.Parser.readExpressionWithGlobalConditions(Parser.java:2989)
	at com.h2database@2.2.224/org.h2.command.Parser.parseSelect(Parser.java:2827)
	at com.h2database@2.2.224/org.h2.command.Parser.parseQueryPrimary(Parser.java:2708)
	at com.h2database@2.2.224/org.h2.command.Parser.parseQueryTerm(Parser.java:2564)
	at com.h2database@2.2.224/org.h2.command.Parser.parseQueryExpressionBody(Parser.java:2543)
	at com.h2database@2.2.224/org.h2.command.Parser.parseQueryExpressionBodyAndEndOfQuery(Parser.java:2536)
	at com.h2database@2.2.224/org.h2.command.Parser.parseQueryExpression(Parser.java:2529)
	at com.h2database@2.2.224/org.h2.command.Parser.parseQuery(Parser.java:2498)
	at com.h2database@2.2.224/org.h2.command.Parser.parsePrepared(Parser.java:627)
	at com.h2database@2.2.224/org.h2.command.Parser.parse(Parser.java:592)
	at com.h2database@2.2.224/org.h2.command.Parser.parse(Parser.java:569)
	at com.h2database@2.2.224/org.h2.command.Parser.prepareCommand(Parser.java:483)
	at com.h2database@2.2.224/org.h2.engine.SessionLocal.prepareLocal(SessionLocal.java:639)
	at com.h2database@2.2.224/org.h2.engine.SessionLocal.prepareCommand(SessionLocal.java:559)
	at com.h2database@2.2.224/org.h2.jdbc.JdbcConnection.prepareCommand(JdbcConnection.java:1166)
	at com.h2database@2.2.224/org.h2.jdbc.JdbcPreparedStatement.<init>(JdbcPreparedStatement.java:93)
	at com.h2database@2.2.224/org.h2.jdbc.JdbcConnection.prepareStatement(JdbcConnection.java:316)
	at com.zaxxer.hikari@5.1.0/com.zaxxer.hikari.pool.ProxyConnection.prepareStatement(ProxyConnection.java:328)
	at com.zaxxer.hikari@5.1.0/com.zaxxer.hikari.pool.HikariProxyConnection.prepareStatement(HikariProxyConnection.java)
	at org.example.taskschedulerdesktop/org.example.taskschedulerdesktop.repository.task.H2TaskRepository.findUpcomingDeadlines(H2TaskRepository.java:352)
	at org.example.taskschedulerdesktop/org.example.taskschedulerdesktop.service.task.TaskServiceImpl.findUpcomingDeadlines(TaskServiceImpl.java:104)
	at org.example.taskschedulerdesktop/org.example.taskschedulerdesktop.service.task.AsyncTaskService$10.call(AsyncTaskService.java:209)
	at org.example.taskschedulerdesktop/org.example.taskschedulerdesktop.service.task.AsyncTaskService$10.call(AsyncTaskService.java:206)
	at javafx.graphics@21/javafx.concurrent.Task$TaskCallable.call(Task.java:1399)
	at java.base/java.util.concurrent.FutureTask.run(FutureTask.java:317)
	at java.base/java.util.concurrent.Executors$RunnableAdapter.call(Executors.java:572)
	at java.base/java.util.concurrent.FutureTask.run(FutureTask.java:317)
	at java.base/java.util.concurrent.ThreadPoolExecutor.runWorker(ThreadPoolExecutor.java:1144)
	at java.base/java.util.concurrent.ThreadPoolExecutor$Worker.run(ThreadPoolExecutor.java:642)
	at java.base/java.lang.Thread.run(Thread.java:1583)
2026-09-27 13:24:28.524 [Thread-6] DEBUG o.e.t.listeners.EventBus - SUBSCRIBE: TaskChangedEvent -> 1827330383
2026-09-27 13:24:28.524 [Thread-10] DEBUG o.e.t.r.task.H2TaskRepository - findAllViews()
2026-09-27 13:24:28.525 [Thread-6] DEBUG o.e.t.c.review.DashboardController - Task table loaded successfully
2026-09-27 13:24:28.528 [Thread-10] DEBUG o.e.t.r.task.H2TaskRepository - Found 16 views
2026-09-27 13:24:28.972 [JavaFX Application Thread] DEBUG o.e.t.c.review.DashboardController - observableList size: 4
2026-09-27 13:24:28.973 [JavaFX Application Thread] DEBUG o.e.t.c.review.DashboardController - projectListView size : 4
2026-09-27 13:24:28.975 [JavaFX Application Thread] DEBUG o.e.t.c.review.DashboardController - Found 1 tasks, task status: UNDER_REVIEW
2026-09-27 13:24:28.976 [JavaFX Application Thread] DEBUG o.e.t.c.review.DashboardController - Found 4 tasks, task status: COMPLETED
2026-09-27 13:24:28.978 [JavaFX Application Thread] DEBUG o.e.t.c.review.DashboardController - Found 1 tasks, task status: IN_PROGRESS
2026-09-27 13:24:28.980 [JavaFX Application Thread] DEBUG o.e.t.service.task.AsyncTaskService - onSucceeded returned: 16 tasks
2026-09-27 13:24:28.980 [JavaFX Application Thread] DEBUG o.e.t.c.review.DashboardController - Found 16 tasks
2026-09-27 13:24:28.986 [JavaFX Application Thread] DEBUG o.e.t.listeners.EventBus - FIRE: PageTitleChangedEvent (subscribers: 1)
2026-09-27 13:24:28.986 [JavaFX Application Thread] DEBUG o.e.t.navigation.NavigationManager - Page displayed successfully: /org/example/taskschedulerdesktop/view/dashboard.fxml
2026-09-27 13:24:28.987 [JavaFX Application Thread] DEBUG o.e.t.service.task.AsyncTaskService - onSucceeded returned: 16 tasks
2026-09-27 13:24:28.987 [JavaFX Application Thread] DEBUG o.e.t.c.tasks.TaskTableController - onSuccess: received 16 tasks
2026-09-27 13:24:28.987 [JavaFX Application Thread] DEBUG o.e.t.c.tasks.TaskTableController - onSuccess: first task: Настроить интеграцию с 1C
2026-09-27 13:24:28.987 [JavaFX Application Thread] DEBUG o.e.t.c.tasks.TaskTableController - Table has: 16 tasks
2026-09-27 13:24:29.131 [JavaFX Application Thread] DEBUG o.e.t.dto.projects.ProjectListCell - creating cell
2026-09-27 13:24:29.154 [JavaFX Application Thread] DEBUG o.e.t.dto.projects.ProjectListCell - loaded successfully
2026-09-27 13:24:29.492 [JavaFX Application Thread] DEBUG o.e.t.dto.projects.ProjectListCell - creating cell
2026-09-27 13:24:29.502 [JavaFX Application Thread] DEBUG o.e.t.dto.projects.ProjectListCell - loaded successfully
2026-09-27 13:24:29.512 [JavaFX Application Thread] DEBUG o.e.t.dto.projects.ProjectListCell - creating cell
2026-09-27 13:24:29.524 [JavaFX Application Thread] DEBUG o.e.t.dto.projects.ProjectListCell - loaded successfully
2026-09-27 13:24:29.535 [JavaFX Application Thread] DEBUG o.e.t.dto.projects.ProjectListCell - creating cell
2026-09-27 13:24:29.547 [JavaFX Application Thread] DEBUG o.e.t.dto.projects.ProjectListCell - loaded successfully
2026-09-27 13:24:29.557 [JavaFX Application Thread] DEBUG o.e.t.dto.projects.ProjectListCell - creating cell
2026-09-27 13:24:29.567 [JavaFX Application Thread] DEBUG o.e.t.dto.projects.ProjectListCell - loaded successfully
2026-09-27 13:24:29.574 [JavaFX Application Thread] DEBUG o.e.t.dto.projects.ProjectListCell - creating cell
2026-09-27 13:24:29.584 [JavaFX Application Thread] DEBUG o.e.t.dto.projects.ProjectListCell - loaded successfully
2026-09-27 13:24:29.586 [JavaFX Application Thread] DEBUG o.e.t.dto.projects.ProjectListCell - creating cell
2026-09-27 13:24:29.597 [JavaFX Application Thread] DEBUG o.e.t.dto.projects.ProjectListCell - loaded successfully
2026-09-27 13:24:29.599 [JavaFX Application Thread] DEBUG o.e.t.dto.projects.ProjectListCell - creating cell
2026-09-27 13:24:29.607 [JavaFX Application Thread] DEBUG o.e.t.dto.projects.ProjectListCell - loaded successfully
2026-09-27 13:24:29.610 [JavaFX Application Thread] DEBUG o.e.t.dto.projects.ProjectListCell - creating cell
2026-09-27 13:24:29.623 [JavaFX Application Thread] DEBUG o.e.t.dto.projects.ProjectListCell - loaded successfully
2026-09-27 13:24:29.625 [JavaFX Application Thread] DEBUG o.e.t.dto.projects.ProjectListCell - creating cell
2026-09-27 13:24:29.639 [JavaFX Application Thread] DEBUG o.e.t.dto.projects.ProjectListCell - loaded successfully
2026-09-27 13:24:29.641 [JavaFX Application Thread] DEBUG o.e.t.dto.projects.ProjectListCell - creating cell
2026-09-27 13:24:29.653 [JavaFX Application Thread] DEBUG o.e.t.dto.projects.ProjectListCell - loaded successfully
2026-09-27 13:24:29.655 [JavaFX Application Thread] DEBUG o.e.t.dto.projects.ProjectListCell - creating cell
2026-09-27 13:24:29.666 [JavaFX Application Thread] DEBUG o.e.t.dto.projects.ProjectListCell - loaded successfully
2026-09-27 13:24:29.668 [JavaFX Application Thread] DEBUG o.e.t.dto.projects.ProjectListCell - creating cell
2026-09-27 13:24:29.679 [JavaFX Application Thread] DEBUG o.e.t.dto.projects.ProjectListCell - loaded successfully
2026-09-27 13:24:29.680 [JavaFX Application Thread] DEBUG o.e.t.dto.projects.ProjectListCell - creating cell
2026-09-27 13:24:29.692 [JavaFX Application Thread] DEBUG o.e.t.dto.projects.ProjectListCell - loaded successfully
2026-09-27 13:24:35.149 [Thread-12] DEBUG o.e.t.s.project.AsyncProjectService - Found 4 projects
2026-09-27 13:24:49.917 [JavaFX Application Thread] DEBUG o.e.t.c.tasks.CreateTaskController - createTaskButton.getScene() = javafx.scene.Scene@5dc894f5
2026-09-27 13:24:49.917 [Thread-8] DEBUG o.e.t.service.task.TaskServiceImpl - save(org.example.taskschedulerdesktop.models.Task@257b544b)
2026-09-27 13:24:49.917 [JavaFX Application Thread] DEBUG o.e.t.c.tasks.CreateTaskController - createTaskButton.getScene().getWindow() = javafx.stage.Stage@1b83a57
2026-09-27 13:24:49.917 [Thread-8] DEBUG o.e.t.r.task.H2TaskRepository - save(org.example.taskschedulerdesktop.models.Task@257b544b)
2026-09-27 13:24:49.928 [Thread-8] DEBUG o.e.t.r.task.H2TaskRepository - Task saved: id = 28
2026-09-27 13:24:49.929 [Thread-8] DEBUG o.e.t.service.task.TaskServiceImpl - TaskChangedEvent: projectId=2, taskName=1234
2026-09-27 13:24:49.929 [Thread-8] DEBUG o.e.t.listeners.EventBus - FIRE: TaskChangedEvent (subscribers: 3)
2026-09-27 13:24:49.929 [Thread-8] DEBUG o.e.t.s.project.ProjectServiceImpl - TaskChangedEvent received: projectId=2
2026-09-27 13:24:49.932 [Thread-8] DEBUG o.e.t.s.project.ProjectServiceImpl - Project found: Миграция CRM
2026-09-27 13:24:49.932 [Thread-8] DEBUG o.e.t.s.project.ProjectServiceImpl - update(org.example.taskschedulerdesktop.models.Project@55cad499)
2026-09-27 13:24:49.932 [Thread-8] DEBUG o.e.t.r.task.H2TaskRepository - countByProjectName(2)
2026-09-27 13:24:49.934 [Thread-8] DEBUG o.e.t.r.task.H2TaskRepository - countTasksByProjectName: 6
2026-09-27 13:24:49.934 [Thread-8] DEBUG o.e.t.r.task.H2TaskRepository - countByProjectNameAndStatus(2, COMPLETED)
2026-09-27 13:24:49.937 [Thread-8] DEBUG o.e.t.s.project.ProjectServiceImpl - Project: Миграция CRM, numberOfTasks = 6, completedTasks = 1
2026-09-27 13:24:49.937 [Thread-8] DEBUG o.e.t.r.project.H2ProjectRepository - UPDATE project: id=2, numberOfTasks=6, completedTasks=1
2026-09-27 13:24:49.941 [Thread-8] DEBUG o.e.t.r.project.H2ProjectRepository - Project updated in DB: Миграция CRM
2026-09-27 13:24:49.942 [Thread-8] DEBUG o.e.t.s.project.ProjectServiceImpl - Project updated: Миграция CRM
2026-09-27 13:24:49.943 [Thread-7] DEBUG o.e.t.r.task.H2TaskRepository - findAllViews()
2026-09-27 13:24:49.943 [Thread-8] DEBUG o.e.t.service.task.TaskServiceImpl - Event TaskChangedEvent sent: projectName = 2
2026-09-27 13:24:49.945 [Thread-9] DEBUG o.e.t.r.task.H2TaskRepository - findAllViews()
2026-09-27 13:24:49.946 [JavaFX Application Thread] DEBUG o.e.t.c.review.DashboardController - Found 1 tasks, task status: UNDER_REVIEW
2026-09-27 13:24:49.947 [Thread-7] DEBUG o.e.t.r.task.H2TaskRepository - Found 17 views
2026-09-27 13:24:49.947 [JavaFX Application Thread] DEBUG o.e.t.c.review.DashboardController - Found 1 tasks, task status: IN_PROGRESS
2026-09-27 13:24:49.948 [JavaFX Application Thread] DEBUG o.e.t.listeners.EventBus - FIRE: TaskChangedEvent (subscribers: 3)
2026-09-27 13:24:49.948 [JavaFX Application Thread] DEBUG o.e.t.s.project.ProjectServiceImpl - TaskChangedEvent received: projectId=2
2026-09-27 13:24:49.950 [Thread-9] DEBUG o.e.t.r.task.H2TaskRepository - Found 17 views
2026-09-27 13:24:49.950 [JavaFX Application Thread] DEBUG o.e.t.s.project.ProjectServiceImpl - Project found: Миграция CRM
2026-09-27 13:24:49.950 [JavaFX Application Thread] DEBUG o.e.t.s.project.ProjectServiceImpl - update(org.example.taskschedulerdesktop.models.Project@114c11d0)
2026-09-27 13:24:49.950 [JavaFX Application Thread] DEBUG o.e.t.r.task.H2TaskRepository - countByProjectName(2)
2026-09-27 13:24:49.952 [JavaFX Application Thread] DEBUG o.e.t.r.task.H2TaskRepository - countTasksByProjectName: 6
2026-09-27 13:24:49.952 [JavaFX Application Thread] DEBUG o.e.t.r.task.H2TaskRepository - countByProjectNameAndStatus(2, COMPLETED)
2026-09-27 13:24:49.954 [JavaFX Application Thread] DEBUG o.e.t.s.project.ProjectServiceImpl - Project: Миграция CRM, numberOfTasks = 6, completedTasks = 1
2026-09-27 13:24:49.955 [JavaFX Application Thread] DEBUG o.e.t.r.project.H2ProjectRepository - UPDATE project: id=2, numberOfTasks=6, completedTasks=1
2026-09-27 13:24:49.957 [JavaFX Application Thread] DEBUG o.e.t.r.project.H2ProjectRepository - Project updated in DB: Миграция CRM
2026-09-27 13:24:49.957 [JavaFX Application Thread] DEBUG o.e.t.s.project.ProjectServiceImpl - Project updated: Миграция CRM
2026-09-27 13:24:49.958 [Thread-8] DEBUG o.e.t.r.task.H2TaskRepository - findAllViews()
2026-09-27 13:24:49.958 [JavaFX Application Thread] DEBUG o.e.t.navigation.NavigationManager - Close Stage: Новая задача
2026-09-27 13:24:49.959 [Thread-10] DEBUG o.e.t.r.task.H2TaskRepository - findAllViews()
2026-09-27 13:24:49.963 [Thread-8] DEBUG o.e.t.r.task.H2TaskRepository - Found 17 views
2026-09-27 13:24:49.963 [Thread-10] DEBUG o.e.t.r.task.H2TaskRepository - Found 17 views
2026-09-27 13:24:49.999 [JavaFX Application Thread] DEBUG o.e.t.navigation.NavigationManager - Toast is displayed: Задача сохранена
2026-09-27 13:24:50.000 [JavaFX Application Thread] DEBUG o.e.t.c.review.DashboardController - Found 4 tasks, task status: COMPLETED
2026-09-27 13:24:50.000 [JavaFX Application Thread] DEBUG o.e.t.service.task.AsyncTaskService - onSucceeded returned: 17 tasks
2026-09-27 13:24:50.001 [JavaFX Application Thread] DEBUG o.e.t.c.review.DashboardController - Found 17 tasks
2026-09-27 13:24:50.001 [JavaFX Application Thread] DEBUG o.e.t.service.task.AsyncTaskService - onSucceeded returned: 17 tasks
2026-09-27 13:24:50.002 [JavaFX Application Thread] DEBUG o.e.t.c.tasks.TaskTableController - onSuccess: received 17 tasks
2026-09-27 13:24:50.002 [JavaFX Application Thread] DEBUG o.e.t.c.tasks.TaskTableController - onSuccess: first task: Настроить интеграцию с 1C
2026-09-27 13:24:50.003 [JavaFX Application Thread] DEBUG o.e.t.c.tasks.TaskTableController - Table has: 17 tasks
2026-09-27 13:24:50.135 [JavaFX Application Thread] DEBUG o.e.t.c.review.DashboardController - Found 1 tasks, task status: IN_PROGRESS
2026-09-27 13:24:50.136 [JavaFX Application Thread] DEBUG o.e.t.c.review.DashboardController - Found 4 tasks, task status: COMPLETED
2026-09-27 13:24:50.139 [JavaFX Application Thread] DEBUG o.e.t.c.review.DashboardController - Found 1 tasks, task status: UNDER_REVIEW
2026-09-27 13:24:50.141 [JavaFX Application Thread] DEBUG o.e.t.service.task.AsyncTaskService - onSucceeded returned: 17 tasks
2026-09-27 13:24:50.141 [JavaFX Application Thread] DEBUG o.e.t.c.review.DashboardController - Found 17 tasks
2026-09-27 13:24:50.143 [JavaFX Application Thread] DEBUG o.e.t.service.task.AsyncTaskService - onSucceeded returned: 17 tasks
2026-09-27 13:24:50.143 [JavaFX Application Thread] DEBUG o.e.t.c.tasks.TaskTableController - onSuccess: received 17 tasks
2026-09-27 13:24:50.144 [JavaFX Application Thread] DEBUG o.e.t.c.tasks.TaskTableController - onSuccess: first task: Настроить интеграцию с 1C
2026-09-27 13:24:50.145 [JavaFX Application Thread] DEBUG o.e.t.c.tasks.TaskTableController - Table has: 17 tasks
2026-09-27 13:25:35.365 [JavaFX-Launcher] INFO  o.e.t.TaskSchedulerApplication - Name: 'Inter 18pt Regular'
2026-09-27 13:25:35.367 [JavaFX-Launcher] INFO  o.e.t.TaskSchedulerApplication - Family: 'Inter 18pt'
2026-09-27 13:25:35.368 [JavaFX-Launcher] INFO  o.e.t.TaskSchedulerApplication - Style: 'Regular'
2026-09-27 13:25:35.368 [JavaFX-Launcher] DEBUG o.e.t.TaskSchedulerApplication - Font loaded: /org/example/taskschedulerdesktop/fonts/Inter_18pt-Regular.ttf → 'Inter 18pt'
2026-09-27 13:25:35.387 [JavaFX-Launcher] INFO  o.e.t.TaskSchedulerApplication - Name: 'Inter 18pt Medium'
2026-09-27 13:25:35.387 [JavaFX-Launcher] INFO  o.e.t.TaskSchedulerApplication - Family: 'Inter 18pt Medium'
2026-09-27 13:25:35.387 [JavaFX-Launcher] INFO  o.e.t.TaskSchedulerApplication - Style: 'Regular'
2026-09-27 13:25:35.387 [JavaFX-Launcher] DEBUG o.e.t.TaskSchedulerApplication - Font loaded: /org/example/taskschedulerdesktop/fonts/Inter_18pt-Medium.ttf → 'Inter 18pt Medium'
2026-09-27 13:25:35.409 [JavaFX-Launcher] INFO  o.e.t.TaskSchedulerApplication - Name: 'Inter 18pt SemiBold'
2026-09-27 13:25:35.410 [JavaFX-Launcher] INFO  o.e.t.TaskSchedulerApplication - Family: 'Inter 18pt SemiBold'
2026-09-27 13:25:35.410 [JavaFX-Launcher] INFO  o.e.t.TaskSchedulerApplication - Style: 'Regular'
2026-09-27 13:25:35.410 [JavaFX-Launcher] DEBUG o.e.t.TaskSchedulerApplication - Font loaded: /org/example/taskschedulerdesktop/fonts/Inter_18pt-SemiBold.ttf → 'Inter 18pt SemiBold'
2026-09-27 13:25:35.429 [JavaFX-Launcher] INFO  o.e.t.TaskSchedulerApplication - Name: 'Lora Regular'
2026-09-27 13:25:35.430 [JavaFX-Launcher] INFO  o.e.t.TaskSchedulerApplication - Family: 'Lora'
2026-09-27 13:25:35.430 [JavaFX-Launcher] INFO  o.e.t.TaskSchedulerApplication - Style: 'Regular'
2026-09-27 13:25:35.430 [JavaFX-Launcher] DEBUG o.e.t.TaskSchedulerApplication - Font loaded: /org/example/taskschedulerdesktop/fonts/Lora-Regular.ttf → 'Lora'
2026-09-27 13:25:35.449 [JavaFX-Launcher] INFO  o.e.t.TaskSchedulerApplication - Name: 'JetBrains Mono Regular'
2026-09-27 13:25:35.450 [JavaFX-Launcher] INFO  o.e.t.TaskSchedulerApplication - Family: 'JetBrains Mono'
2026-09-27 13:25:35.450 [JavaFX-Launcher] INFO  o.e.t.TaskSchedulerApplication - Style: 'Regular'
2026-09-27 13:25:35.450 [JavaFX-Launcher] DEBUG o.e.t.TaskSchedulerApplication - Font loaded: /org/example/taskschedulerdesktop/fonts/JetBrainsMono-Regular.ttf → 'JetBrains Mono'
2026-09-27 13:25:35.985 [JavaFX Application Thread] DEBUG o.e.t.database.DatabaseConnection - H2 TCP-server started on the port:9092 successful
2026-09-27 13:25:35.987 [JavaFX Application Thread] DEBUG o.e.t.r.task.H2TaskRepository - createTableIfNotExists()
2026-09-27 13:25:36.010 [JavaFX Application Thread] DEBUG o.e.t.r.task.H2TaskRepository - createIndexes()
2026-09-27 13:25:36.032 [JavaFX Application Thread] DEBUG o.e.t.s.project.ProjectServiceImpl - ProjectServiceImpl created
2026-09-27 13:25:36.036 [JavaFX Application Thread] DEBUG o.e.t.listeners.EventBus - SUBSCRIBE: TaskChangedEvent -> 1487721249
2026-09-27 13:25:36.038 [JavaFX Application Thread] DEBUG o.e.t.s.project.ProjectServiceImpl - Subscribe on TaskChangedEvent completed
2026-09-27 13:25:36.461 [JavaFX Application Thread] DEBUG o.e.t.listeners.EventBus - SUBSCRIBE: PageTitleChangedEvent -> 764124341
2026-09-27 13:25:36.492 [JavaFX Application Thread] DEBUG o.e.t.navigation.NavigationManager - Start async loading page: /org/example/taskschedulerdesktop/view/dashboard.fxml
2026-09-27 13:25:36.662 [Thread-6] DEBUG o.e.t.listeners.EventBus - SUBSCRIBE: TaskChangedEvent -> 2011408555
2026-09-27 13:25:36.666 [Thread-7] DEBUG o.e.t.r.task.H2TaskRepository - findAllViews()
2026-09-27 13:25:36.674 [Thread-6] DEBUG o.e.t.c.review.DashboardController - loadProjects()
2026-09-27 13:25:36.678 [Thread-6] DEBUG o.e.t.c.review.DashboardController - load deadlines
2026-09-27 13:25:36.681 [JavaFX Application Thread] DEBUG o.e.t.TaskSchedulerApplication - CSS: /org/example/taskschedulerdesktop/styles/style.css
2026-09-27 13:25:36.682 [JavaFX Application Thread] DEBUG o.e.t.TaskSchedulerApplication - CSS: /org/example/taskschedulerdesktop/styles/base.css
2026-09-27 13:25:36.683 [JavaFX Application Thread] DEBUG o.e.t.TaskSchedulerApplication - CSS: /org/example/taskschedulerdesktop/styles/row_task_table.css
2026-09-27 13:25:36.684 [JavaFX Application Thread] DEBUG o.e.t.TaskSchedulerApplication - CSS: /org/example/taskschedulerdesktop/styles/task_table_view.css
2026-09-27 13:25:36.685 [Thread-11] DEBUG o.e.t.s.project.AsyncProjectService - Found 4 projects
2026-09-27 13:25:36.687 [Thread-9] DEBUG o.e.t.r.task.H2TaskRepository - findUpcomingDeadlines(maxDaysUntilDeadline: 7)
2026-09-27 13:25:36.692 [Thread-7] DEBUG o.e.t.r.task.H2TaskRepository - Found 17 views
2026-09-27 13:25:36.696 [Thread-9] ERROR o.e.t.r.task.H2TaskRepository - Error finding upcoming deadlines: project maxDaysUntilDeadline = 7
org.h2.jdbc.JdbcSQLSyntaxErrorException: Синтаксическая ошибка в выражении SQL "    SELECT t.id, t.name, t.project_id, p.name AS project_name, t.executor,\000a     t.type, t.status, t.priority, t.deadline, t.description, t.synced FROM tasks t\000a      WHERE [*]WHERE deadline IS NOT NULL\000a       AND deadline < DATEADD('DAY', ?, CURRENT_DATE) ORDER BY deadline ASC;\000a"; ожидалось "INTERSECTS (, NOT, EXISTS, UNIQUE, INTERSECTS"
Syntax error in SQL statement "    SELECT t.id, t.name, t.project_id, p.name AS project_name, t.executor,\000a     t.type, t.status, t.priority, t.deadline, t.description, t.synced FROM tasks t\000a      WHERE [*]WHERE deadline IS NOT NULL\000a       AND deadline < DATEADD('DAY', ?, CURRENT_DATE) ORDER BY deadline ASC;\000a"; expected "INTERSECTS (, NOT, EXISTS, UNIQUE, INTERSECTS"; SQL statement:
    SELECT t.id, t.name, t.project_id, p.name AS project_name, t.executor,
     t.type, t.status, t.priority, t.deadline, t.description, t.synced FROM tasks t
      WHERE WHERE deadline IS NOT NULL
       AND deadline < DATEADD('DAY', ?, CURRENT_DATE) ORDER BY deadline ASC;
 [42001-224]
	at com.h2database@2.2.224/org.h2.message.DbException.getJdbcSQLException(DbException.java:514)
	at com.h2database@2.2.224/org.h2.message.DbException.getJdbcSQLException(DbException.java:489)
	at com.h2database@2.2.224/org.h2.message.DbException.getSyntaxError(DbException.java:261)
	at com.h2database@2.2.224/org.h2.command.ParserBase.getSyntaxError(ParserBase.java:750)
	at com.h2database@2.2.224/org.h2.command.Parser.readTermWithoutIdentifier(Parser.java:5134)
	at com.h2database@2.2.224/org.h2.command.Parser.readTerm(Parser.java:4834)
	at com.h2database@2.2.224/org.h2.command.Parser.readFactor(Parser.java:3337)
	at com.h2database@2.2.224/org.h2.command.Parser.readSum(Parser.java:3324)
	at com.h2database@2.2.224/org.h2.command.Parser.readConcat(Parser.java:3289)
	at com.h2database@2.2.224/org.h2.command.Parser.readCondition(Parser.java:3079)
	at com.h2database@2.2.224/org.h2.command.Parser.readExpressionWithGlobalConditions(Parser.java:2989)
	at com.h2database@2.2.224/org.h2.command.Parser.parseSelect(Parser.java:2827)
	at com.h2database@2.2.224/org.h2.command.Parser.parseQueryPrimary(Parser.java:2708)
	at com.h2database@2.2.224/org.h2.command.Parser.parseQueryTerm(Parser.java:2564)
	at com.h2database@2.2.224/org.h2.command.Parser.parseQueryExpressionBody(Parser.java:2543)
	at com.h2database@2.2.224/org.h2.command.Parser.parseQueryExpressionBodyAndEndOfQuery(Parser.java:2536)
	at com.h2database@2.2.224/org.h2.command.Parser.parseQueryExpression(Parser.java:2529)
	at com.h2database@2.2.224/org.h2.command.Parser.parseQuery(Parser.java:2498)
	at com.h2database@2.2.224/org.h2.command.Parser.parsePrepared(Parser.java:627)
	at com.h2database@2.2.224/org.h2.command.Parser.parse(Parser.java:592)
	at com.h2database@2.2.224/org.h2.command.Parser.parse(Parser.java:569)
	at com.h2database@2.2.224/org.h2.command.Parser.prepareCommand(Parser.java:483)
	at com.h2database@2.2.224/org.h2.engine.SessionLocal.prepareLocal(SessionLocal.java:639)
	at com.h2database@2.2.224/org.h2.engine.SessionLocal.prepareCommand(SessionLocal.java:559)
	at com.h2database@2.2.224/org.h2.jdbc.JdbcConnection.prepareCommand(JdbcConnection.java:1166)
	at com.h2database@2.2.224/org.h2.jdbc.JdbcPreparedStatement.<init>(JdbcPreparedStatement.java:93)
	at com.h2database@2.2.224/org.h2.jdbc.JdbcConnection.prepareStatement(JdbcConnection.java:316)
	at com.zaxxer.hikari@5.1.0/com.zaxxer.hikari.pool.ProxyConnection.prepareStatement(ProxyConnection.java:328)
	at com.zaxxer.hikari@5.1.0/com.zaxxer.hikari.pool.HikariProxyConnection.prepareStatement(HikariProxyConnection.java)
	at org.example.taskschedulerdesktop/org.example.taskschedulerdesktop.repository.task.H2TaskRepository.findUpcomingDeadlines(H2TaskRepository.java:352)
	at org.example.taskschedulerdesktop/org.example.taskschedulerdesktop.service.task.TaskServiceImpl.findUpcomingDeadlines(TaskServiceImpl.java:104)
	at org.example.taskschedulerdesktop/org.example.taskschedulerdesktop.service.task.AsyncTaskService$10.call(AsyncTaskService.java:209)
	at org.example.taskschedulerdesktop/org.example.taskschedulerdesktop.service.task.AsyncTaskService$10.call(AsyncTaskService.java:206)
	at javafx.graphics@21/javafx.concurrent.Task$TaskCallable.call(Task.java:1399)
	at java.base/java.util.concurrent.FutureTask.run(FutureTask.java:317)
	at java.base/java.util.concurrent.Executors$RunnableAdapter.call(Executors.java:572)
	at java.base/java.util.concurrent.FutureTask.run(FutureTask.java:317)
	at java.base/java.util.concurrent.ThreadPoolExecutor.runWorker(ThreadPoolExecutor.java:1144)
	at java.base/java.util.concurrent.ThreadPoolExecutor$Worker.run(ThreadPoolExecutor.java:642)
	at java.base/java.lang.Thread.run(Thread.java:1583)
2026-09-27 13:25:36.765 [Thread-10] DEBUG o.e.t.r.task.H2TaskRepository - findAllViews()
2026-09-27 13:25:36.765 [Thread-6] DEBUG o.e.t.listeners.EventBus - SUBSCRIBE: TaskChangedEvent -> 1827330383
2026-09-27 13:25:36.766 [Thread-6] DEBUG o.e.t.c.review.DashboardController - Task table loaded successfully
2026-09-27 13:25:36.770 [Thread-10] DEBUG o.e.t.r.task.H2TaskRepository - Found 17 views
2026-09-27 13:25:37.275 [JavaFX Application Thread] DEBUG o.e.t.c.review.DashboardController - Found 1 tasks, task status: UNDER_REVIEW
2026-09-27 13:25:37.279 [JavaFX Application Thread] DEBUG o.e.t.c.review.DashboardController - Found 4 tasks, task status: COMPLETED
2026-09-27 13:25:37.280 [JavaFX Application Thread] DEBUG o.e.t.c.review.DashboardController - Found 1 tasks, task status: IN_PROGRESS
2026-09-27 13:25:37.282 [JavaFX Application Thread] DEBUG o.e.t.service.task.AsyncTaskService - onSucceeded returned: 17 tasks
2026-09-27 13:25:37.284 [JavaFX Application Thread] DEBUG o.e.t.c.review.DashboardController - Found 17 tasks
2026-09-27 13:25:37.285 [JavaFX Application Thread] DEBUG o.e.t.c.review.DashboardController - observableList size: 0
2026-09-27 13:25:37.285 [JavaFX Application Thread] DEBUG o.e.t.c.review.DashboardController - deadlinesListView size : 4
2026-09-27 13:25:37.291 [JavaFX Application Thread] DEBUG o.e.t.listeners.EventBus - FIRE: PageTitleChangedEvent (subscribers: 1)
2026-09-27 13:25:37.292 [JavaFX Application Thread] DEBUG o.e.t.navigation.NavigationManager - Page displayed successfully: /org/example/taskschedulerdesktop/view/dashboard.fxml
2026-09-27 13:25:37.292 [JavaFX Application Thread] DEBUG o.e.t.service.task.AsyncTaskService - onSucceeded returned: 17 tasks
2026-09-27 13:25:37.293 [JavaFX Application Thread] DEBUG o.e.t.c.tasks.TaskTableController - onSuccess: received 17 tasks
2026-09-27 13:25:37.293 [JavaFX Application Thread] DEBUG o.e.t.c.tasks.TaskTableController - onSuccess: first task: Настроить интеграцию с 1C
2026-09-27 13:25:37.293 [JavaFX Application Thread] DEBUG o.e.t.c.tasks.TaskTableController - Table has: 17 tasks
2026-09-27 13:25:37.482 [JavaFX Application Thread] DEBUG o.e.t.dto.projects.ProjectListCell - creating cell
2026-09-27 13:25:37.509 [JavaFX Application Thread] DEBUG o.e.t.dto.projects.ProjectListCell - loaded successfully
2026-09-27 13:25:37.858 [JavaFX Application Thread] DEBUG o.e.t.dto.projects.ProjectListCell - creating cell
2026-09-27 13:25:37.873 [JavaFX Application Thread] DEBUG o.e.t.dto.projects.ProjectListCell - loaded successfully
2026-09-27 13:25:37.882 [JavaFX Application Thread] DEBUG o.e.t.dto.projects.ProjectListCell - creating cell
2026-09-27 13:25:37.894 [JavaFX Application Thread] DEBUG o.e.t.dto.projects.ProjectListCell - loaded successfully
2026-09-27 13:25:37.907 [JavaFX Application Thread] DEBUG o.e.t.dto.projects.ProjectListCell - creating cell
2026-09-27 13:25:37.918 [JavaFX Application Thread] DEBUG o.e.t.dto.projects.ProjectListCell - loaded successfully
2026-09-27 13:25:37.929 [JavaFX Application Thread] DEBUG o.e.t.dto.projects.ProjectListCell - creating cell
2026-09-27 13:25:37.943 [JavaFX Application Thread] DEBUG o.e.t.dto.projects.ProjectListCell - loaded successfully
2026-09-27 13:25:37.951 [JavaFX Application Thread] DEBUG o.e.t.dto.projects.ProjectListCell - creating cell
2026-09-27 13:25:37.962 [JavaFX Application Thread] DEBUG o.e.t.dto.projects.ProjectListCell - loaded successfully
2026-09-27 13:25:37.964 [JavaFX Application Thread] DEBUG o.e.t.dto.projects.ProjectListCell - creating cell
2026-09-27 13:25:37.974 [JavaFX Application Thread] DEBUG o.e.t.dto.projects.ProjectListCell - loaded successfully
2026-09-27 13:25:37.975 [JavaFX Application Thread] DEBUG o.e.t.dto.projects.ProjectListCell - creating cell
2026-09-27 13:25:37.986 [JavaFX Application Thread] DEBUG o.e.t.dto.projects.ProjectListCell - loaded successfully
2026-09-27 13:25:37.988 [JavaFX Application Thread] DEBUG o.e.t.dto.projects.ProjectListCell - creating cell
2026-09-27 13:25:38.001 [JavaFX Application Thread] DEBUG o.e.t.dto.projects.ProjectListCell - loaded successfully
2026-09-27 13:25:38.003 [JavaFX Application Thread] DEBUG o.e.t.dto.projects.ProjectListCell - creating cell
2026-09-27 13:25:38.014 [JavaFX Application Thread] DEBUG o.e.t.dto.projects.ProjectListCell - loaded successfully
2026-09-27 13:25:38.016 [JavaFX Application Thread] DEBUG o.e.t.dto.projects.ProjectListCell - creating cell
2026-09-27 13:25:38.028 [JavaFX Application Thread] DEBUG o.e.t.dto.projects.ProjectListCell - loaded successfully
2026-09-27 13:25:38.031 [JavaFX Application Thread] DEBUG o.e.t.dto.projects.ProjectListCell - creating cell
2026-09-27 13:25:38.043 [JavaFX Application Thread] DEBUG o.e.t.dto.projects.ProjectListCell - loaded successfully
2026-09-27 13:25:38.045 [JavaFX Application Thread] DEBUG o.e.t.dto.projects.ProjectListCell - creating cell
2026-09-27 13:25:38.056 [JavaFX Application Thread] DEBUG o.e.t.dto.projects.ProjectListCell - loaded successfully
2026-09-27 13:25:38.058 [JavaFX Application Thread] DEBUG o.e.t.dto.projects.ProjectListCell - creating cell
2026-09-27 13:25:38.079 [JavaFX Application Thread] DEBUG o.e.t.dto.projects.ProjectListCell - loaded successfully
2026-09-27 13:26:29.581 [JavaFX-Launcher] INFO  o.e.t.TaskSchedulerApplication - Name: 'Inter 18pt Regular'
2026-09-27 13:26:29.584 [JavaFX-Launcher] INFO  o.e.t.TaskSchedulerApplication - Family: 'Inter 18pt'
2026-09-27 13:26:29.584 [JavaFX-Launcher] INFO  o.e.t.TaskSchedulerApplication - Style: 'Regular'
2026-09-27 13:26:29.585 [JavaFX-Launcher] DEBUG o.e.t.TaskSchedulerApplication - Font loaded: /org/example/taskschedulerdesktop/fonts/Inter_18pt-Regular.ttf → 'Inter 18pt'
2026-09-27 13:26:29.607 [JavaFX-Launcher] INFO  o.e.t.TaskSchedulerApplication - Name: 'Inter 18pt Medium'
2026-09-27 13:26:29.607 [JavaFX-Launcher] INFO  o.e.t.TaskSchedulerApplication - Family: 'Inter 18pt Medium'
2026-09-27 13:26:29.607 [JavaFX-Launcher] INFO  o.e.t.TaskSchedulerApplication - Style: 'Regular'
2026-09-27 13:26:29.608 [JavaFX-Launcher] DEBUG o.e.t.TaskSchedulerApplication - Font loaded: /org/example/taskschedulerdesktop/fonts/Inter_18pt-Medium.ttf → 'Inter 18pt Medium'
2026-09-27 13:26:29.628 [JavaFX-Launcher] INFO  o.e.t.TaskSchedulerApplication - Name: 'Inter 18pt SemiBold'
2026-09-27 13:26:29.628 [JavaFX-Launcher] INFO  o.e.t.TaskSchedulerApplication - Family: 'Inter 18pt SemiBold'
2026-09-27 13:26:29.628 [JavaFX-Launcher] INFO  o.e.t.TaskSchedulerApplication - Style: 'Regular'
2026-09-27 13:26:29.628 [JavaFX-Launcher] DEBUG o.e.t.TaskSchedulerApplication - Font loaded: /org/example/taskschedulerdesktop/fonts/Inter_18pt-SemiBold.ttf → 'Inter 18pt SemiBold'
2026-09-27 13:26:29.644 [JavaFX-Launcher] INFO  o.e.t.TaskSchedulerApplication - Name: 'Lora Regular'
2026-09-27 13:26:29.645 [JavaFX-Launcher] INFO  o.e.t.TaskSchedulerApplication - Family: 'Lora'
2026-09-27 13:26:29.645 [JavaFX-Launcher] INFO  o.e.t.TaskSchedulerApplication - Style: 'Regular'
2026-09-27 13:26:29.645 [JavaFX-Launcher] DEBUG o.e.t.TaskSchedulerApplication - Font loaded: /org/example/taskschedulerdesktop/fonts/Lora-Regular.ttf → 'Lora'
2026-09-27 13:26:29.664 [JavaFX-Launcher] INFO  o.e.t.TaskSchedulerApplication - Name: 'JetBrains Mono Regular'
2026-09-27 13:26:29.664 [JavaFX-Launcher] INFO  o.e.t.TaskSchedulerApplication - Family: 'JetBrains Mono'
2026-09-27 13:26:29.665 [JavaFX-Launcher] INFO  o.e.t.TaskSchedulerApplication - Style: 'Regular'
2026-09-27 13:26:29.665 [JavaFX-Launcher] DEBUG o.e.t.TaskSchedulerApplication - Font loaded: /org/example/taskschedulerdesktop/fonts/JetBrainsMono-Regular.ttf → 'JetBrains Mono'
2026-09-27 13:26:30.187 [JavaFX Application Thread] DEBUG o.e.t.database.DatabaseConnection - H2 TCP-server started on the port:9092 successful
2026-09-27 13:26:30.190 [JavaFX Application Thread] DEBUG o.e.t.r.task.H2TaskRepository - createTableIfNotExists()
2026-09-27 13:26:30.209 [JavaFX Application Thread] DEBUG o.e.t.r.task.H2TaskRepository - createIndexes()
2026-09-27 13:26:30.224 [JavaFX Application Thread] DEBUG o.e.t.s.project.ProjectServiceImpl - ProjectServiceImpl created
2026-09-27 13:26:30.227 [JavaFX Application Thread] DEBUG o.e.t.listeners.EventBus - SUBSCRIBE: TaskChangedEvent -> 1487721249
2026-09-27 13:26:30.227 [JavaFX Application Thread] DEBUG o.e.t.s.project.ProjectServiceImpl - Subscribe on TaskChangedEvent completed
2026-09-27 13:26:30.598 [JavaFX Application Thread] DEBUG o.e.t.listeners.EventBus - SUBSCRIBE: PageTitleChangedEvent -> 764124341
2026-09-27 13:26:30.625 [JavaFX Application Thread] DEBUG o.e.t.navigation.NavigationManager - Start async loading page: /org/example/taskschedulerdesktop/view/dashboard.fxml
2026-09-27 13:26:30.777 [Thread-6] DEBUG o.e.t.listeners.EventBus - SUBSCRIBE: TaskChangedEvent -> 124997502
2026-09-27 13:26:30.779 [Thread-7] DEBUG o.e.t.r.task.H2TaskRepository - findAllViews()
2026-09-27 13:26:30.784 [Thread-6] DEBUG o.e.t.c.review.DashboardController - loadProjects()
2026-09-27 13:26:30.787 [Thread-6] DEBUG o.e.t.c.review.DashboardController - load deadlines
2026-09-27 13:26:30.792 [JavaFX Application Thread] DEBUG o.e.t.TaskSchedulerApplication - CSS: /org/example/taskschedulerdesktop/styles/style.css
2026-09-27 13:26:30.794 [JavaFX Application Thread] DEBUG o.e.t.TaskSchedulerApplication - CSS: /org/example/taskschedulerdesktop/styles/base.css
2026-09-27 13:26:30.794 [Thread-11] DEBUG o.e.t.s.project.AsyncProjectService - Found 4 projects
2026-09-27 13:26:30.796 [Thread-8] DEBUG o.e.t.r.task.H2TaskRepository - findUpcomingDeadlines(maxDaysUntilDeadline: 7)
2026-09-27 13:26:30.796 [JavaFX Application Thread] DEBUG o.e.t.TaskSchedulerApplication - CSS: /org/example/taskschedulerdesktop/styles/row_task_table.css
2026-09-27 13:26:30.797 [JavaFX Application Thread] DEBUG o.e.t.TaskSchedulerApplication - CSS: /org/example/taskschedulerdesktop/styles/task_table_view.css
2026-09-27 13:26:30.802 [Thread-7] DEBUG o.e.t.r.task.H2TaskRepository - Found 17 views
2026-09-27 13:26:30.807 [Thread-8] ERROR o.e.t.r.task.H2TaskRepository - Error finding upcoming deadlines: project maxDaysUntilDeadline = 7
org.h2.jdbc.JdbcSQLSyntaxErrorException: Синтаксическая ошибка в выражении SQL "    SELECT t.id, t.name, t.project_id, p.name AS project_name, t.executor,\000a     t.type, t.status, t.priority, t.deadline, t.description, t.synced FROM tasks t\000a      WHERE [*]WHERE deadline IS NOT NULL\000a       AND deadline < DATEADD('DAY', ?, CURRENT_DATE) ORDER BY deadline ASC;\000a"; ожидалось "INTERSECTS (, NOT, EXISTS, UNIQUE, INTERSECTS"
Syntax error in SQL statement "    SELECT t.id, t.name, t.project_id, p.name AS project_name, t.executor,\000a     t.type, t.status, t.priority, t.deadline, t.description, t.synced FROM tasks t\000a      WHERE [*]WHERE deadline IS NOT NULL\000a       AND deadline < DATEADD('DAY', ?, CURRENT_DATE) ORDER BY deadline ASC;\000a"; expected "INTERSECTS (, NOT, EXISTS, UNIQUE, INTERSECTS"; SQL statement:
    SELECT t.id, t.name, t.project_id, p.name AS project_name, t.executor,
     t.type, t.status, t.priority, t.deadline, t.description, t.synced FROM tasks t
      WHERE WHERE deadline IS NOT NULL
       AND deadline < DATEADD('DAY', ?, CURRENT_DATE) ORDER BY deadline ASC;
 [42001-224]
	at com.h2database@2.2.224/org.h2.message.DbException.getJdbcSQLException(DbException.java:514)
	at com.h2database@2.2.224/org.h2.message.DbException.getJdbcSQLException(DbException.java:489)
	at com.h2database@2.2.224/org.h2.message.DbException.getSyntaxError(DbException.java:261)
	at com.h2database@2.2.224/org.h2.command.ParserBase.getSyntaxError(ParserBase.java:750)
	at com.h2database@2.2.224/org.h2.command.Parser.readTermWithoutIdentifier(Parser.java:5134)
	at com.h2database@2.2.224/org.h2.command.Parser.readTerm(Parser.java:4834)
	at com.h2database@2.2.224/org.h2.command.Parser.readFactor(Parser.java:3337)
	at com.h2database@2.2.224/org.h2.command.Parser.readSum(Parser.java:3324)
	at com.h2database@2.2.224/org.h2.command.Parser.readConcat(Parser.java:3289)
	at com.h2database@2.2.224/org.h2.command.Parser.readCondition(Parser.java:3079)
	at com.h2database@2.2.224/org.h2.command.Parser.readExpressionWithGlobalConditions(Parser.java:2989)
	at com.h2database@2.2.224/org.h2.command.Parser.parseSelect(Parser.java:2827)
	at com.h2database@2.2.224/org.h2.command.Parser.parseQueryPrimary(Parser.java:2708)
	at com.h2database@2.2.224/org.h2.command.Parser.parseQueryTerm(Parser.java:2564)
	at com.h2database@2.2.224/org.h2.command.Parser.parseQueryExpressionBody(Parser.java:2543)
	at com.h2database@2.2.224/org.h2.command.Parser.parseQueryExpressionBodyAndEndOfQuery(Parser.java:2536)
	at com.h2database@2.2.224/org.h2.command.Parser.parseQueryExpression(Parser.java:2529)
	at com.h2database@2.2.224/org.h2.command.Parser.parseQuery(Parser.java:2498)
	at com.h2database@2.2.224/org.h2.command.Parser.parsePrepared(Parser.java:627)
	at com.h2database@2.2.224/org.h2.command.Parser.parse(Parser.java:592)
	at com.h2database@2.2.224/org.h2.command.Parser.parse(Parser.java:569)
	at com.h2database@2.2.224/org.h2.command.Parser.prepareCommand(Parser.java:483)
	at com.h2database@2.2.224/org.h2.engine.SessionLocal.prepareLocal(SessionLocal.java:639)
	at com.h2database@2.2.224/org.h2.engine.SessionLocal.prepareCommand(SessionLocal.java:559)
	at com.h2database@2.2.224/org.h2.jdbc.JdbcConnection.prepareCommand(JdbcConnection.java:1166)
	at com.h2database@2.2.224/org.h2.jdbc.JdbcPreparedStatement.<init>(JdbcPreparedStatement.java:93)
	at com.h2database@2.2.224/org.h2.jdbc.JdbcConnection.prepareStatement(JdbcConnection.java:316)
	at com.zaxxer.hikari@5.1.0/com.zaxxer.hikari.pool.ProxyConnection.prepareStatement(ProxyConnection.java:328)
	at com.zaxxer.hikari@5.1.0/com.zaxxer.hikari.pool.HikariProxyConnection.prepareStatement(HikariProxyConnection.java)
	at org.example.taskschedulerdesktop/org.example.taskschedulerdesktop.repository.task.H2TaskRepository.findUpcomingDeadlines(H2TaskRepository.java:352)
	at org.example.taskschedulerdesktop/org.example.taskschedulerdesktop.service.task.TaskServiceImpl.findUpcomingDeadlines(TaskServiceImpl.java:104)
	at org.example.taskschedulerdesktop/org.example.taskschedulerdesktop.service.task.AsyncTaskService$10.call(AsyncTaskService.java:209)
	at org.example.taskschedulerdesktop/org.example.taskschedulerdesktop.service.task.AsyncTaskService$10.call(AsyncTaskService.java:206)
	at javafx.graphics@21/javafx.concurrent.Task$TaskCallable.call(Task.java:1399)
	at java.base/java.util.concurrent.FutureTask.run(FutureTask.java:317)
	at java.base/java.util.concurrent.Executors$RunnableAdapter.call(Executors.java:572)
	at java.base/java.util.concurrent.FutureTask.run(FutureTask.java:317)
	at java.base/java.util.concurrent.ThreadPoolExecutor.runWorker(ThreadPoolExecutor.java:1144)
	at java.base/java.util.concurrent.ThreadPoolExecutor$Worker.run(ThreadPoolExecutor.java:642)
	at java.base/java.lang.Thread.run(Thread.java:1583)
2026-09-27 13:26:30.872 [Thread-6] DEBUG o.e.t.listeners.EventBus - SUBSCRIBE: TaskChangedEvent -> 1335200723
2026-09-27 13:26:30.873 [Thread-10] DEBUG o.e.t.r.task.H2TaskRepository - findAllViews()
2026-09-27 13:26:30.874 [Thread-6] DEBUG o.e.t.c.review.DashboardController - Task table loaded successfully
2026-09-27 13:26:30.878 [Thread-10] DEBUG o.e.t.r.task.H2TaskRepository - Found 17 views
2026-09-27 13:26:31.391 [JavaFX Application Thread] DEBUG o.e.t.c.review.DashboardController - Found 1 tasks, task status: IN_PROGRESS
2026-09-27 13:26:31.396 [JavaFX Application Thread] DEBUG o.e.t.c.review.DashboardController - Found 4 tasks, task status: COMPLETED
2026-09-27 13:26:31.399 [JavaFX Application Thread] DEBUG o.e.t.c.review.DashboardController - Found 1 tasks, task status: UNDER_REVIEW
2026-09-27 13:26:31.403 [JavaFX Application Thread] DEBUG o.e.t.service.task.AsyncTaskService - onSucceeded returned: 17 tasks
2026-09-27 13:26:31.403 [JavaFX Application Thread] DEBUG o.e.t.c.review.DashboardController - Found 17 tasks
2026-09-27 13:26:31.403 [JavaFX Application Thread] DEBUG o.e.t.c.review.DashboardController - observableList size: 0
2026-09-27 13:26:31.404 [JavaFX Application Thread] DEBUG o.e.t.c.review.DashboardController - deadlinesListView size : 0
2026-09-27 13:26:31.410 [JavaFX Application Thread] DEBUG o.e.t.listeners.EventBus - FIRE: PageTitleChangedEvent (subscribers: 1)
2026-09-27 13:26:31.411 [JavaFX Application Thread] DEBUG o.e.t.navigation.NavigationManager - Page displayed successfully: /org/example/taskschedulerdesktop/view/dashboard.fxml
2026-09-27 13:26:31.411 [JavaFX Application Thread] DEBUG o.e.t.service.task.AsyncTaskService - onSucceeded returned: 17 tasks
2026-09-27 13:26:31.412 [JavaFX Application Thread] DEBUG o.e.t.c.tasks.TaskTableController - onSuccess: received 17 tasks
2026-09-27 13:26:31.412 [JavaFX Application Thread] DEBUG o.e.t.c.tasks.TaskTableController - onSuccess: first task: Настроить интеграцию с 1C
2026-09-27 13:26:31.412 [JavaFX Application Thread] DEBUG o.e.t.c.tasks.TaskTableController - Table has: 17 tasks
2026-09-27 13:26:31.581 [JavaFX Application Thread] DEBUG o.e.t.dto.projects.ProjectListCell - creating cell
2026-09-27 13:26:31.613 [JavaFX Application Thread] DEBUG o.e.t.dto.projects.ProjectListCell - loaded successfully
2026-09-27 13:26:31.966 [JavaFX Application Thread] DEBUG o.e.t.dto.projects.ProjectListCell - creating cell
2026-09-27 13:26:31.979 [JavaFX Application Thread] DEBUG o.e.t.dto.projects.ProjectListCell - loaded successfully
2026-09-27 13:26:31.990 [JavaFX Application Thread] DEBUG o.e.t.dto.projects.ProjectListCell - creating cell
2026-09-27 13:26:32.003 [JavaFX Application Thread] DEBUG o.e.t.dto.projects.ProjectListCell - loaded successfully
2026-09-27 13:26:32.015 [JavaFX Application Thread] DEBUG o.e.t.dto.projects.ProjectListCell - creating cell
2026-09-27 13:26:32.026 [JavaFX Application Thread] DEBUG o.e.t.dto.projects.ProjectListCell - loaded successfully
2026-09-27 13:26:32.040 [JavaFX Application Thread] DEBUG o.e.t.dto.projects.ProjectListCell - creating cell
2026-09-27 13:26:32.051 [JavaFX Application Thread] DEBUG o.e.t.dto.projects.ProjectListCell - loaded successfully
2026-09-27 13:26:32.061 [JavaFX Application Thread] DEBUG o.e.t.dto.projects.ProjectListCell - creating cell
2026-09-27 13:26:32.074 [JavaFX Application Thread] DEBUG o.e.t.dto.projects.ProjectListCell - loaded successfully
2026-09-27 13:26:32.076 [JavaFX Application Thread] DEBUG o.e.t.dto.projects.ProjectListCell - creating cell
2026-09-27 13:26:32.088 [JavaFX Application Thread] DEBUG o.e.t.dto.projects.ProjectListCell - loaded successfully
2026-09-27 13:26:32.090 [JavaFX Application Thread] DEBUG o.e.t.dto.projects.ProjectListCell - creating cell
2026-09-27 13:26:32.101 [JavaFX Application Thread] DEBUG o.e.t.dto.projects.ProjectListCell - loaded successfully
2026-09-27 13:26:32.103 [JavaFX Application Thread] DEBUG o.e.t.dto.projects.ProjectListCell - creating cell
2026-09-27 13:26:32.115 [JavaFX Application Thread] DEBUG o.e.t.dto.projects.ProjectListCell - loaded successfully
2026-09-27 13:26:32.118 [JavaFX Application Thread] DEBUG o.e.t.dto.projects.ProjectListCell - creating cell
2026-09-27 13:26:32.131 [JavaFX Application Thread] DEBUG o.e.t.dto.projects.ProjectListCell - loaded successfully
2026-09-27 13:26:32.133 [JavaFX Application Thread] DEBUG o.e.t.dto.projects.ProjectListCell - creating cell
2026-09-27 13:26:32.145 [JavaFX Application Thread] DEBUG o.e.t.dto.projects.ProjectListCell - loaded successfully
2026-09-27 13:26:32.148 [JavaFX Application Thread] DEBUG o.e.t.dto.projects.ProjectListCell - creating cell
2026-09-27 13:26:32.158 [JavaFX Application Thread] DEBUG o.e.t.dto.projects.ProjectListCell - loaded successfully
2026-09-27 13:26:32.160 [JavaFX Application Thread] DEBUG o.e.t.dto.projects.ProjectListCell - creating cell
2026-09-27 13:26:32.172 [JavaFX Application Thread] DEBUG o.e.t.dto.projects.ProjectListCell - loaded successfully
2026-09-27 13:26:32.174 [JavaFX Application Thread] DEBUG o.e.t.dto.projects.ProjectListCell - creating cell
2026-09-27 13:26:32.187 [JavaFX Application Thread] DEBUG o.e.t.dto.projects.ProjectListCell - loaded successfully
2026-09-27 13:28:13.831 [JavaFX-Launcher] INFO  o.e.t.TaskSchedulerApplication - Name: 'Inter 18pt Regular'
2026-09-27 13:28:13.834 [JavaFX-Launcher] INFO  o.e.t.TaskSchedulerApplication - Family: 'Inter 18pt'
2026-09-27 13:28:13.834 [JavaFX-Launcher] INFO  o.e.t.TaskSchedulerApplication - Style: 'Regular'
2026-09-27 13:28:13.834 [JavaFX-Launcher] DEBUG o.e.t.TaskSchedulerApplication - Font loaded: /org/example/taskschedulerdesktop/fonts/Inter_18pt-Regular.ttf → 'Inter 18pt'
2026-09-27 13:28:13.852 [JavaFX-Launcher] INFO  o.e.t.TaskSchedulerApplication - Name: 'Inter 18pt Medium'
2026-09-27 13:28:13.852 [JavaFX-Launcher] INFO  o.e.t.TaskSchedulerApplication - Family: 'Inter 18pt Medium'
2026-09-27 13:28:13.852 [JavaFX-Launcher] INFO  o.e.t.TaskSchedulerApplication - Style: 'Regular'
2026-09-27 13:28:13.852 [JavaFX-Launcher] DEBUG o.e.t.TaskSchedulerApplication - Font loaded: /org/example/taskschedulerdesktop/fonts/Inter_18pt-Medium.ttf → 'Inter 18pt Medium'
2026-09-27 13:28:13.873 [JavaFX-Launcher] INFO  o.e.t.TaskSchedulerApplication - Name: 'Inter 18pt SemiBold'
2026-09-27 13:28:13.873 [JavaFX-Launcher] INFO  o.e.t.TaskSchedulerApplication - Family: 'Inter 18pt SemiBold'
2026-09-27 13:28:13.873 [JavaFX-Launcher] INFO  o.e.t.TaskSchedulerApplication - Style: 'Regular'
2026-09-27 13:28:13.873 [JavaFX-Launcher] DEBUG o.e.t.TaskSchedulerApplication - Font loaded: /org/example/taskschedulerdesktop/fonts/Inter_18pt-SemiBold.ttf → 'Inter 18pt SemiBold'
2026-09-27 13:28:13.889 [JavaFX-Launcher] INFO  o.e.t.TaskSchedulerApplication - Name: 'Lora Regular'
2026-09-27 13:28:13.889 [JavaFX-Launcher] INFO  o.e.t.TaskSchedulerApplication - Family: 'Lora'
2026-09-27 13:28:13.890 [JavaFX-Launcher] INFO  o.e.t.TaskSchedulerApplication - Style: 'Regular'
2026-09-27 13:28:13.890 [JavaFX-Launcher] DEBUG o.e.t.TaskSchedulerApplication - Font loaded: /org/example/taskschedulerdesktop/fonts/Lora-Regular.ttf → 'Lora'
2026-09-27 13:28:13.910 [JavaFX-Launcher] INFO  o.e.t.TaskSchedulerApplication - Name: 'JetBrains Mono Regular'
2026-09-27 13:28:13.910 [JavaFX-Launcher] INFO  o.e.t.TaskSchedulerApplication - Family: 'JetBrains Mono'
2026-09-27 13:28:13.910 [JavaFX-Launcher] INFO  o.e.t.TaskSchedulerApplication - Style: 'Regular'
2026-09-27 13:28:13.910 [JavaFX-Launcher] DEBUG o.e.t.TaskSchedulerApplication - Font loaded: /org/example/taskschedulerdesktop/fonts/JetBrainsMono-Regular.ttf → 'JetBrains Mono'
2026-09-27 13:28:14.428 [JavaFX Application Thread] DEBUG o.e.t.database.DatabaseConnection - H2 TCP-server started on the port:9092 successful
2026-09-27 13:28:14.431 [JavaFX Application Thread] DEBUG o.e.t.r.task.H2TaskRepository - createTableIfNotExists()
2026-09-27 13:28:14.449 [JavaFX Application Thread] DEBUG o.e.t.r.task.H2TaskRepository - createIndexes()
2026-09-27 13:28:14.467 [JavaFX Application Thread] DEBUG o.e.t.s.project.ProjectServiceImpl - ProjectServiceImpl created
2026-09-27 13:28:14.470 [JavaFX Application Thread] DEBUG o.e.t.listeners.EventBus - SUBSCRIBE: TaskChangedEvent -> 1487721249
2026-09-27 13:28:14.471 [JavaFX Application Thread] DEBUG o.e.t.s.project.ProjectServiceImpl - Subscribe on TaskChangedEvent completed
2026-09-27 13:28:14.825 [JavaFX Application Thread] DEBUG o.e.t.listeners.EventBus - SUBSCRIBE: PageTitleChangedEvent -> 764124341
2026-09-27 13:28:14.852 [JavaFX Application Thread] DEBUG o.e.t.navigation.NavigationManager - Start async loading page: /org/example/taskschedulerdesktop/view/dashboard.fxml
2026-09-27 13:28:15.007 [JavaFX Application Thread] DEBUG o.e.t.TaskSchedulerApplication - CSS: /org/example/taskschedulerdesktop/styles/style.css
2026-09-27 13:28:15.008 [JavaFX Application Thread] DEBUG o.e.t.TaskSchedulerApplication - CSS: /org/example/taskschedulerdesktop/styles/base.css
2026-09-27 13:28:15.009 [JavaFX Application Thread] DEBUG o.e.t.TaskSchedulerApplication - CSS: /org/example/taskschedulerdesktop/styles/row_task_table.css
2026-09-27 13:28:15.010 [JavaFX Application Thread] DEBUG o.e.t.TaskSchedulerApplication - CSS: /org/example/taskschedulerdesktop/styles/task_table_view.css
2026-09-27 13:28:15.014 [Thread-6] DEBUG o.e.t.listeners.EventBus - SUBSCRIBE: TaskChangedEvent -> 398947690
2026-09-27 13:28:15.017 [Thread-7] DEBUG o.e.t.r.task.H2TaskRepository - findAllViews()
2026-09-27 13:28:15.022 [Thread-6] DEBUG o.e.t.c.review.DashboardController - loadProjects()
2026-09-27 13:28:15.026 [Thread-6] DEBUG o.e.t.c.review.DashboardController - load deadlines
2026-09-27 13:28:15.032 [Thread-11] DEBUG o.e.t.s.project.AsyncProjectService - Found 4 projects
2026-09-27 13:28:15.035 [Thread-10] DEBUG o.e.t.r.task.H2TaskRepository - findUpcomingDeadlines(maxDaysUntilDeadline: 7)
2026-09-27 13:28:15.039 [Thread-7] DEBUG o.e.t.r.task.H2TaskRepository - Found 17 views
2026-09-27 13:28:15.045 [Thread-10] ERROR o.e.t.r.task.H2TaskRepository - Error finding upcoming deadlines: project maxDaysUntilDeadline = 7
org.h2.jdbc.JdbcSQLSyntaxErrorException: Синтаксическая ошибка в выражении SQL "    SELECT t.id, t.name, t.project_id, p.name AS project_name, t.executor,\000a     t.type, t.status, t.priority, t.deadline, t.description, t.synced FROM tasks t\000a      WHERE [*]WHERE deadline IS NOT NULL\000a       AND deadline < DATEADD('DAY', ?, CURRENT_DATE) ORDER BY deadline ASC;\000a"; ожидалось "INTERSECTS (, NOT, EXISTS, UNIQUE, INTERSECTS"
Syntax error in SQL statement "    SELECT t.id, t.name, t.project_id, p.name AS project_name, t.executor,\000a     t.type, t.status, t.priority, t.deadline, t.description, t.synced FROM tasks t\000a      WHERE [*]WHERE deadline IS NOT NULL\000a       AND deadline < DATEADD('DAY', ?, CURRENT_DATE) ORDER BY deadline ASC;\000a"; expected "INTERSECTS (, NOT, EXISTS, UNIQUE, INTERSECTS"; SQL statement:
    SELECT t.id, t.name, t.project_id, p.name AS project_name, t.executor,
     t.type, t.status, t.priority, t.deadline, t.description, t.synced FROM tasks t
      WHERE WHERE deadline IS NOT NULL
       AND deadline < DATEADD('DAY', ?, CURRENT_DATE) ORDER BY deadline ASC;
 [42001-224]
	at com.h2database@2.2.224/org.h2.message.DbException.getJdbcSQLException(DbException.java:514)
	at com.h2database@2.2.224/org.h2.message.DbException.getJdbcSQLException(DbException.java:489)
	at com.h2database@2.2.224/org.h2.message.DbException.getSyntaxError(DbException.java:261)
	at com.h2database@2.2.224/org.h2.command.ParserBase.getSyntaxError(ParserBase.java:750)
	at com.h2database@2.2.224/org.h2.command.Parser.readTermWithoutIdentifier(Parser.java:5134)
	at com.h2database@2.2.224/org.h2.command.Parser.readTerm(Parser.java:4834)
	at com.h2database@2.2.224/org.h2.command.Parser.readFactor(Parser.java:3337)
	at com.h2database@2.2.224/org.h2.command.Parser.readSum(Parser.java:3324)
	at com.h2database@2.2.224/org.h2.command.Parser.readConcat(Parser.java:3289)
	at com.h2database@2.2.224/org.h2.command.Parser.readCondition(Parser.java:3079)
	at com.h2database@2.2.224/org.h2.command.Parser.readExpressionWithGlobalConditions(Parser.java:2989)
	at com.h2database@2.2.224/org.h2.command.Parser.parseSelect(Parser.java:2827)
	at com.h2database@2.2.224/org.h2.command.Parser.parseQueryPrimary(Parser.java:2708)
	at com.h2database@2.2.224/org.h2.command.Parser.parseQueryTerm(Parser.java:2564)
	at com.h2database@2.2.224/org.h2.command.Parser.parseQueryExpressionBody(Parser.java:2543)
	at com.h2database@2.2.224/org.h2.command.Parser.parseQueryExpressionBodyAndEndOfQuery(Parser.java:2536)
	at com.h2database@2.2.224/org.h2.command.Parser.parseQueryExpression(Parser.java:2529)
	at com.h2database@2.2.224/org.h2.command.Parser.parseQuery(Parser.java:2498)
	at com.h2database@2.2.224/org.h2.command.Parser.parsePrepared(Parser.java:627)
	at com.h2database@2.2.224/org.h2.command.Parser.parse(Parser.java:592)
	at com.h2database@2.2.224/org.h2.command.Parser.parse(Parser.java:569)
	at com.h2database@2.2.224/org.h2.command.Parser.prepareCommand(Parser.java:483)
	at com.h2database@2.2.224/org.h2.engine.SessionLocal.prepareLocal(SessionLocal.java:639)
	at com.h2database@2.2.224/org.h2.engine.SessionLocal.prepareCommand(SessionLocal.java:559)
	at com.h2database@2.2.224/org.h2.jdbc.JdbcConnection.prepareCommand(JdbcConnection.java:1166)
	at com.h2database@2.2.224/org.h2.jdbc.JdbcPreparedStatement.<init>(JdbcPreparedStatement.java:93)
	at com.h2database@2.2.224/org.h2.jdbc.JdbcConnection.prepareStatement(JdbcConnection.java:316)
	at com.zaxxer.hikari@5.1.0/com.zaxxer.hikari.pool.ProxyConnection.prepareStatement(ProxyConnection.java:328)
	at com.zaxxer.hikari@5.1.0/com.zaxxer.hikari.pool.HikariProxyConnection.prepareStatement(HikariProxyConnection.java)
	at org.example.taskschedulerdesktop/org.example.taskschedulerdesktop.repository.task.H2TaskRepository.findUpcomingDeadlines(H2TaskRepository.java:352)
	at org.example.taskschedulerdesktop/org.example.taskschedulerdesktop.service.task.TaskServiceImpl.findUpcomingDeadlines(TaskServiceImpl.java:104)
	at org.example.taskschedulerdesktop/org.example.taskschedulerdesktop.service.task.AsyncTaskService$10.call(AsyncTaskService.java:209)
	at org.example.taskschedulerdesktop/org.example.taskschedulerdesktop.service.task.AsyncTaskService$10.call(AsyncTaskService.java:206)
	at javafx.graphics@21/javafx.concurrent.Task$TaskCallable.call(Task.java:1399)
	at java.base/java.util.concurrent.FutureTask.run(FutureTask.java:317)
	at java.base/java.util.concurrent.Executors$RunnableAdapter.call(Executors.java:572)
	at java.base/java.util.concurrent.FutureTask.run(FutureTask.java:317)
	at java.base/java.util.concurrent.ThreadPoolExecutor.runWorker(ThreadPoolExecutor.java:1144)
	at java.base/java.util.concurrent.ThreadPoolExecutor$Worker.run(ThreadPoolExecutor.java:642)
	at java.base/java.lang.Thread.run(Thread.java:1583)
2026-09-27 13:28:15.103 [Thread-8] DEBUG o.e.t.r.task.H2TaskRepository - findAllViews()
2026-09-27 13:28:15.103 [Thread-6] DEBUG o.e.t.listeners.EventBus - SUBSCRIBE: TaskChangedEvent -> 1747347102
2026-09-27 13:28:15.104 [Thread-6] DEBUG o.e.t.c.review.DashboardController - Task table loaded successfully
2026-09-27 13:28:15.108 [Thread-8] DEBUG o.e.t.r.task.H2TaskRepository - Found 17 views
2026-09-27 13:28:15.587 [JavaFX Application Thread] DEBUG o.e.t.c.review.DashboardController - Found 4 tasks, task status: COMPLETED
2026-09-27 13:28:15.590 [JavaFX Application Thread] DEBUG o.e.t.c.review.DashboardController - Found 1 tasks, task status: IN_PROGRESS
2026-09-27 13:28:15.591 [JavaFX Application Thread] DEBUG o.e.t.c.review.DashboardController - Found 1 tasks, task status: UNDER_REVIEW
2026-09-27 13:28:15.593 [JavaFX Application Thread] DEBUG o.e.t.service.task.AsyncTaskService - onSucceeded returned: 17 tasks
2026-09-27 13:28:15.593 [JavaFX Application Thread] DEBUG o.e.t.c.review.DashboardController - Found 17 tasks
2026-09-27 13:28:15.594 [JavaFX Application Thread] DEBUG o.e.t.c.review.DashboardController - observableList size: 0
2026-09-27 13:28:15.595 [JavaFX Application Thread] DEBUG o.e.t.c.review.DashboardController - deadlinesListView size : 0
2026-09-27 13:28:15.602 [JavaFX Application Thread] DEBUG o.e.t.listeners.EventBus - FIRE: PageTitleChangedEvent (subscribers: 1)
2026-09-27 13:28:15.603 [JavaFX Application Thread] DEBUG o.e.t.navigation.NavigationManager - Page displayed successfully: /org/example/taskschedulerdesktop/view/dashboard.fxml
2026-09-27 13:28:15.603 [JavaFX Application Thread] DEBUG o.e.t.service.task.AsyncTaskService - onSucceeded returned: 17 tasks
2026-09-27 13:28:15.604 [JavaFX Application Thread] DEBUG o.e.t.c.tasks.TaskTableController - onSuccess: received 17 tasks
2026-09-27 13:28:15.604 [JavaFX Application Thread] DEBUG o.e.t.c.tasks.TaskTableController - onSuccess: first task: Настроить интеграцию с 1C
2026-09-27 13:28:15.604 [JavaFX Application Thread] DEBUG o.e.t.c.tasks.TaskTableController - Table has: 17 tasks
2026-09-27 13:28:15.769 [JavaFX Application Thread] DEBUG o.e.t.dto.projects.ProjectListCell - creating project list cell
2026-09-27 13:28:15.799 [JavaFX Application Thread] DEBUG o.e.t.dto.projects.ProjectListCell - project list cell loaded successfully
2026-09-27 13:28:16.133 [JavaFX Application Thread] DEBUG o.e.t.dto.projects.ProjectListCell - creating project list cell
2026-09-27 13:28:16.145 [JavaFX Application Thread] DEBUG o.e.t.dto.projects.ProjectListCell - project list cell loaded successfully
2026-09-27 13:28:16.158 [JavaFX Application Thread] DEBUG o.e.t.dto.projects.ProjectListCell - creating project list cell
2026-09-27 13:28:16.171 [JavaFX Application Thread] DEBUG o.e.t.dto.projects.ProjectListCell - project list cell loaded successfully
2026-09-27 13:28:16.185 [JavaFX Application Thread] DEBUG o.e.t.dto.projects.ProjectListCell - creating project list cell
2026-09-27 13:28:16.198 [JavaFX Application Thread] DEBUG o.e.t.dto.projects.ProjectListCell - project list cell loaded successfully
2026-09-27 13:28:16.210 [JavaFX Application Thread] DEBUG o.e.t.dto.projects.ProjectListCell - creating project list cell
2026-09-27 13:28:16.222 [JavaFX Application Thread] DEBUG o.e.t.dto.projects.ProjectListCell - project list cell loaded successfully
2026-09-27 13:28:16.232 [JavaFX Application Thread] DEBUG o.e.t.dto.projects.ProjectListCell - creating project list cell
2026-09-27 13:28:16.243 [JavaFX Application Thread] DEBUG o.e.t.dto.projects.ProjectListCell - project list cell loaded successfully
2026-09-27 13:28:16.251 [JavaFX Application Thread] DEBUG o.e.t.dto.projects.ProjectListCell - creating project list cell
2026-09-27 13:28:16.263 [JavaFX Application Thread] DEBUG o.e.t.dto.projects.ProjectListCell - project list cell loaded successfully
2026-09-27 13:28:16.266 [JavaFX Application Thread] DEBUG o.e.t.dto.projects.ProjectListCell - creating project list cell
2026-09-27 13:28:16.277 [JavaFX Application Thread] DEBUG o.e.t.dto.projects.ProjectListCell - project list cell loaded successfully
2026-09-27 13:28:16.279 [JavaFX Application Thread] DEBUG o.e.t.dto.projects.ProjectListCell - creating project list cell
2026-09-27 13:28:16.291 [JavaFX Application Thread] DEBUG o.e.t.dto.projects.ProjectListCell - project list cell loaded successfully
2026-09-27 13:28:16.292 [JavaFX Application Thread] DEBUG o.e.t.dto.projects.ProjectListCell - creating project list cell
2026-09-27 13:28:16.304 [JavaFX Application Thread] DEBUG o.e.t.dto.projects.ProjectListCell - project list cell loaded successfully
2026-09-27 13:28:16.306 [JavaFX Application Thread] DEBUG o.e.t.dto.projects.ProjectListCell - creating project list cell
2026-09-27 13:28:16.319 [JavaFX Application Thread] DEBUG o.e.t.dto.projects.ProjectListCell - project list cell loaded successfully
2026-09-27 13:28:16.321 [JavaFX Application Thread] DEBUG o.e.t.dto.projects.ProjectListCell - creating project list cell
2026-09-27 13:28:16.333 [JavaFX Application Thread] DEBUG o.e.t.dto.projects.ProjectListCell - project list cell loaded successfully
2026-09-27 13:28:16.335 [JavaFX Application Thread] DEBUG o.e.t.dto.projects.ProjectListCell - creating project list cell
2026-09-27 13:28:16.348 [JavaFX Application Thread] DEBUG o.e.t.dto.projects.ProjectListCell - project list cell loaded successfully
2026-09-27 13:28:16.352 [JavaFX Application Thread] DEBUG o.e.t.dto.projects.ProjectListCell - creating project list cell
2026-09-27 13:28:16.364 [JavaFX Application Thread] DEBUG o.e.t.dto.projects.ProjectListCell - project list cell loaded successfully
2026-09-27 13:30:23.307 [JavaFX-Launcher] INFO  o.e.t.TaskSchedulerApplication - Name: 'Inter 18pt Regular'
2026-09-27 13:30:23.309 [JavaFX-Launcher] INFO  o.e.t.TaskSchedulerApplication - Family: 'Inter 18pt'
2026-09-27 13:30:23.310 [JavaFX-Launcher] INFO  o.e.t.TaskSchedulerApplication - Style: 'Regular'
2026-09-27 13:30:23.310 [JavaFX-Launcher] DEBUG o.e.t.TaskSchedulerApplication - Font loaded: /org/example/taskschedulerdesktop/fonts/Inter_18pt-Regular.ttf → 'Inter 18pt'
2026-09-27 13:30:23.333 [JavaFX-Launcher] INFO  o.e.t.TaskSchedulerApplication - Name: 'Inter 18pt Medium'
2026-09-27 13:30:23.334 [JavaFX-Launcher] INFO  o.e.t.TaskSchedulerApplication - Family: 'Inter 18pt Medium'
2026-09-27 13:30:23.334 [JavaFX-Launcher] INFO  o.e.t.TaskSchedulerApplication - Style: 'Regular'
2026-09-27 13:30:23.334 [JavaFX-Launcher] DEBUG o.e.t.TaskSchedulerApplication - Font loaded: /org/example/taskschedulerdesktop/fonts/Inter_18pt-Medium.ttf → 'Inter 18pt Medium'
2026-09-27 13:30:23.356 [JavaFX-Launcher] INFO  o.e.t.TaskSchedulerApplication - Name: 'Inter 18pt SemiBold'
2026-09-27 13:30:23.356 [JavaFX-Launcher] INFO  o.e.t.TaskSchedulerApplication - Family: 'Inter 18pt SemiBold'
2026-09-27 13:30:23.356 [JavaFX-Launcher] INFO  o.e.t.TaskSchedulerApplication - Style: 'Regular'
2026-09-27 13:30:23.356 [JavaFX-Launcher] DEBUG o.e.t.TaskSchedulerApplication - Font loaded: /org/example/taskschedulerdesktop/fonts/Inter_18pt-SemiBold.ttf → 'Inter 18pt SemiBold'
2026-09-27 13:30:23.374 [JavaFX-Launcher] INFO  o.e.t.TaskSchedulerApplication - Name: 'Lora Regular'
2026-09-27 13:30:23.375 [JavaFX-Launcher] INFO  o.e.t.TaskSchedulerApplication - Family: 'Lora'
2026-09-27 13:30:23.375 [JavaFX-Launcher] INFO  o.e.t.TaskSchedulerApplication - Style: 'Regular'
2026-09-27 13:30:23.375 [JavaFX-Launcher] DEBUG o.e.t.TaskSchedulerApplication - Font loaded: /org/example/taskschedulerdesktop/fonts/Lora-Regular.ttf → 'Lora'
2026-09-27 13:30:23.398 [JavaFX-Launcher] INFO  o.e.t.TaskSchedulerApplication - Name: 'JetBrains Mono Regular'
2026-09-27 13:30:23.398 [JavaFX-Launcher] INFO  o.e.t.TaskSchedulerApplication - Family: 'JetBrains Mono'
2026-09-27 13:30:23.398 [JavaFX-Launcher] INFO  o.e.t.TaskSchedulerApplication - Style: 'Regular'
2026-09-27 13:30:23.398 [JavaFX-Launcher] DEBUG o.e.t.TaskSchedulerApplication - Font loaded: /org/example/taskschedulerdesktop/fonts/JetBrainsMono-Regular.ttf → 'JetBrains Mono'
2026-09-27 13:30:23.945 [JavaFX Application Thread] DEBUG o.e.t.database.DatabaseConnection - H2 TCP-server started on the port:9092 successful
2026-09-27 13:30:23.970 [JavaFX Application Thread] DEBUG o.e.t.r.task.H2TaskRepository - createTableIfNotExists()
2026-09-27 13:30:23.989 [JavaFX Application Thread] DEBUG o.e.t.r.task.H2TaskRepository - createIndexes()
2026-09-27 13:30:24.008 [JavaFX Application Thread] DEBUG o.e.t.s.project.ProjectServiceImpl - ProjectServiceImpl created
2026-09-27 13:30:24.011 [JavaFX Application Thread] DEBUG o.e.t.listeners.EventBus - SUBSCRIBE: TaskChangedEvent -> 1487721249
2026-09-27 13:30:24.012 [JavaFX Application Thread] DEBUG o.e.t.s.project.ProjectServiceImpl - Subscribe on TaskChangedEvent completed
2026-09-27 13:30:24.377 [JavaFX Application Thread] DEBUG o.e.t.listeners.EventBus - SUBSCRIBE: PageTitleChangedEvent -> 764124341
2026-09-27 13:30:24.407 [JavaFX Application Thread] DEBUG o.e.t.navigation.NavigationManager - Start async loading page: /org/example/taskschedulerdesktop/view/dashboard.fxml
2026-09-27 13:30:24.552 [Thread-6] DEBUG o.e.t.listeners.EventBus - SUBSCRIBE: TaskChangedEvent -> 1934004147
2026-09-27 13:30:24.555 [Thread-7] DEBUG o.e.t.r.task.H2TaskRepository - findAllViews()
2026-09-27 13:30:24.562 [Thread-6] DEBUG o.e.t.c.review.DashboardController - loadProjects()
2026-09-27 13:30:24.565 [Thread-6] DEBUG o.e.t.c.review.DashboardController - load deadlines
2026-09-27 13:30:24.569 [Thread-11] DEBUG o.e.t.s.project.AsyncProjectService - Found 4 projects
2026-09-27 13:30:24.572 [Thread-9] DEBUG o.e.t.r.task.H2TaskRepository - findUpcomingDeadlines(maxDaysUntilDeadline: 7)
2026-09-27 13:30:24.577 [Thread-7] DEBUG o.e.t.r.task.H2TaskRepository - Found 17 views
2026-09-27 13:30:24.584 [Thread-9] ERROR o.e.t.r.task.H2TaskRepository - Error finding upcoming deadlines: project maxDaysUntilDeadline = 7
org.h2.jdbc.JdbcSQLSyntaxErrorException: Столбец "P.NAME" не найден
Column "P.NAME" not found; SQL statement:
    SELECT t.id, t.name, t.project_id, p.name AS project_name, t.executor,
     t.type, t.status, t.priority, t.deadline, t.description, t.synced FROM tasks t
      WHERE deadline IS NOT NULL
       AND deadline < DATEADD('DAY', ?, CURRENT_DATE) ORDER BY deadline ASC;
 [42122-224]
	at com.h2database@2.2.224/org.h2.message.DbException.getJdbcSQLException(DbException.java:514)
	at com.h2database@2.2.224/org.h2.message.DbException.getJdbcSQLException(DbException.java:489)
	at com.h2database@2.2.224/org.h2.message.DbException.get(DbException.java:223)
	at com.h2database@2.2.224/org.h2.message.DbException.get(DbException.java:199)
	at com.h2database@2.2.224/org.h2.expression.ExpressionColumn.getColumnException(ExpressionColumn.java:244)
	at com.h2database@2.2.224/org.h2.expression.ExpressionColumn.optimizeOther(ExpressionColumn.java:226)
	at com.h2database@2.2.224/org.h2.expression.ExpressionColumn.optimize(ExpressionColumn.java:213)
	at com.h2database@2.2.224/org.h2.expression.Alias.optimize(Alias.java:52)
	at com.h2database@2.2.224/org.h2.command.query.Select.prepareExpressions(Select.java:1170)
	at com.h2database@2.2.224/org.h2.command.query.Query.prepare(Query.java:218)
	at com.h2database@2.2.224/org.h2.command.Parser.prepareCommand(Parser.java:489)
	at com.h2database@2.2.224/org.h2.engine.SessionLocal.prepareLocal(SessionLocal.java:639)
	at com.h2database@2.2.224/org.h2.engine.SessionLocal.prepareCommand(SessionLocal.java:559)
	at com.h2database@2.2.224/org.h2.jdbc.JdbcConnection.prepareCommand(JdbcConnection.java:1166)
	at com.h2database@2.2.224/org.h2.jdbc.JdbcPreparedStatement.<init>(JdbcPreparedStatement.java:93)
	at com.h2database@2.2.224/org.h2.jdbc.JdbcConnection.prepareStatement(JdbcConnection.java:316)
	at com.zaxxer.hikari@5.1.0/com.zaxxer.hikari.pool.ProxyConnection.prepareStatement(ProxyConnection.java:328)
	at com.zaxxer.hikari@5.1.0/com.zaxxer.hikari.pool.HikariProxyConnection.prepareStatement(HikariProxyConnection.java)
	at org.example.taskschedulerdesktop/org.example.taskschedulerdesktop.repository.task.H2TaskRepository.findUpcomingDeadlines(H2TaskRepository.java:352)
	at org.example.taskschedulerdesktop/org.example.taskschedulerdesktop.service.task.TaskServiceImpl.findUpcomingDeadlines(TaskServiceImpl.java:104)
	at org.example.taskschedulerdesktop/org.example.taskschedulerdesktop.service.task.AsyncTaskService$10.call(AsyncTaskService.java:209)
	at org.example.taskschedulerdesktop/org.example.taskschedulerdesktop.service.task.AsyncTaskService$10.call(AsyncTaskService.java:206)
	at javafx.graphics@21/javafx.concurrent.Task$TaskCallable.call(Task.java:1399)
	at java.base/java.util.concurrent.FutureTask.run(FutureTask.java:317)
	at java.base/java.util.concurrent.Executors$RunnableAdapter.call(Executors.java:572)
	at java.base/java.util.concurrent.FutureTask.run(FutureTask.java:317)
	at java.base/java.util.concurrent.ThreadPoolExecutor.runWorker(ThreadPoolExecutor.java:1144)
	at java.base/java.util.concurrent.ThreadPoolExecutor$Worker.run(ThreadPoolExecutor.java:642)
	at java.base/java.lang.Thread.run(Thread.java:1583)
2026-09-27 13:30:24.607 [JavaFX Application Thread] DEBUG o.e.t.TaskSchedulerApplication - CSS: /org/example/taskschedulerdesktop/styles/style.css
2026-09-27 13:30:24.609 [JavaFX Application Thread] DEBUG o.e.t.TaskSchedulerApplication - CSS: /org/example/taskschedulerdesktop/styles/base.css
2026-09-27 13:30:24.611 [JavaFX Application Thread] DEBUG o.e.t.TaskSchedulerApplication - CSS: /org/example/taskschedulerdesktop/styles/row_task_table.css
2026-09-27 13:30:24.612 [JavaFX Application Thread] DEBUG o.e.t.TaskSchedulerApplication - CSS: /org/example/taskschedulerdesktop/styles/task_table_view.css
2026-09-27 13:30:24.655 [Thread-6] DEBUG o.e.t.listeners.EventBus - SUBSCRIBE: TaskChangedEvent -> 1430291149
2026-09-27 13:30:24.655 [Thread-8] DEBUG o.e.t.r.task.H2TaskRepository - findAllViews()
2026-09-27 13:30:24.656 [Thread-6] DEBUG o.e.t.c.review.DashboardController - Task table loaded successfully
2026-09-27 13:30:24.659 [Thread-8] DEBUG o.e.t.r.task.H2TaskRepository - Found 17 views
2026-09-27 13:30:25.182 [JavaFX Application Thread] DEBUG o.e.t.c.review.DashboardController - Found 1 tasks, task status: UNDER_REVIEW
2026-09-27 13:30:25.183 [JavaFX Application Thread] DEBUG o.e.t.c.review.DashboardController - Found 1 tasks, task status: IN_PROGRESS
2026-09-27 13:30:25.185 [JavaFX Application Thread] DEBUG o.e.t.c.review.DashboardController - Found 4 tasks, task status: COMPLETED
2026-09-27 13:30:25.187 [JavaFX Application Thread] DEBUG o.e.t.service.task.AsyncTaskService - onSucceeded returned: 17 tasks
2026-09-27 13:30:25.187 [JavaFX Application Thread] DEBUG o.e.t.c.review.DashboardController - Found 17 tasks
2026-09-27 13:30:25.188 [JavaFX Application Thread] DEBUG o.e.t.c.review.DashboardController - observableList size: 0
2026-09-27 13:30:25.189 [JavaFX Application Thread] DEBUG o.e.t.c.review.DashboardController - deadlinesListView size : 0
2026-09-27 13:30:25.212 [JavaFX Application Thread] DEBUG o.e.t.listeners.EventBus - FIRE: PageTitleChangedEvent (subscribers: 1)
2026-09-27 13:30:25.212 [JavaFX Application Thread] DEBUG o.e.t.navigation.NavigationManager - Page displayed successfully: /org/example/taskschedulerdesktop/view/dashboard.fxml
2026-09-27 13:30:25.214 [JavaFX Application Thread] DEBUG o.e.t.service.task.AsyncTaskService - onSucceeded returned: 17 tasks
2026-09-27 13:30:25.214 [JavaFX Application Thread] DEBUG o.e.t.c.tasks.TaskTableController - onSuccess: received 17 tasks
2026-09-27 13:30:25.216 [JavaFX Application Thread] DEBUG o.e.t.c.tasks.TaskTableController - onSuccess: first task: Настроить интеграцию с 1C
2026-09-27 13:30:25.216 [JavaFX Application Thread] DEBUG o.e.t.c.tasks.TaskTableController - Table has: 17 tasks
2026-09-27 13:30:25.373 [JavaFX Application Thread] DEBUG o.e.t.dto.projects.ProjectListCell - creating project list cell
2026-09-27 13:30:25.399 [JavaFX Application Thread] DEBUG o.e.t.dto.projects.ProjectListCell - project list cell loaded successfully
2026-09-27 13:30:25.783 [JavaFX Application Thread] DEBUG o.e.t.dto.projects.ProjectListCell - creating project list cell
2026-09-27 13:30:25.797 [JavaFX Application Thread] DEBUG o.e.t.dto.projects.ProjectListCell - project list cell loaded successfully
2026-09-27 13:30:25.808 [JavaFX Application Thread] DEBUG o.e.t.dto.projects.ProjectListCell - creating project list cell
2026-09-27 13:30:25.819 [JavaFX Application Thread] DEBUG o.e.t.dto.projects.ProjectListCell - project list cell loaded successfully
2026-09-27 13:30:25.830 [JavaFX Application Thread] DEBUG o.e.t.dto.projects.ProjectListCell - creating project list cell
2026-09-27 13:30:25.841 [JavaFX Application Thread] DEBUG o.e.t.dto.projects.ProjectListCell - project list cell loaded successfully
2026-09-27 13:30:25.851 [JavaFX Application Thread] DEBUG o.e.t.dto.projects.ProjectListCell - creating project list cell
2026-09-27 13:30:25.863 [JavaFX Application Thread] DEBUG o.e.t.dto.projects.ProjectListCell - project list cell loaded successfully
2026-09-27 13:30:25.872 [JavaFX Application Thread] DEBUG o.e.t.dto.projects.ProjectListCell - creating project list cell
2026-09-27 13:30:25.884 [JavaFX Application Thread] DEBUG o.e.t.dto.projects.ProjectListCell - project list cell loaded successfully
2026-09-27 13:30:25.886 [JavaFX Application Thread] DEBUG o.e.t.dto.projects.ProjectListCell - creating project list cell
2026-09-27 13:30:25.898 [JavaFX Application Thread] DEBUG o.e.t.dto.projects.ProjectListCell - project list cell loaded successfully
2026-09-27 13:30:25.900 [JavaFX Application Thread] DEBUG o.e.t.dto.projects.ProjectListCell - creating project list cell
2026-09-27 13:30:25.911 [JavaFX Application Thread] DEBUG o.e.t.dto.projects.ProjectListCell - project list cell loaded successfully
2026-09-27 13:30:25.912 [JavaFX Application Thread] DEBUG o.e.t.dto.projects.ProjectListCell - creating project list cell
2026-09-27 13:30:25.923 [JavaFX Application Thread] DEBUG o.e.t.dto.projects.ProjectListCell - project list cell loaded successfully
2026-09-27 13:30:25.925 [JavaFX Application Thread] DEBUG o.e.t.dto.projects.ProjectListCell - creating project list cell
2026-09-27 13:30:25.934 [JavaFX Application Thread] DEBUG o.e.t.dto.projects.ProjectListCell - project list cell loaded successfully
2026-09-27 13:30:25.937 [JavaFX Application Thread] DEBUG o.e.t.dto.projects.ProjectListCell - creating project list cell
2026-09-27 13:30:25.949 [JavaFX Application Thread] DEBUG o.e.t.dto.projects.ProjectListCell - project list cell loaded successfully
2026-09-27 13:30:25.952 [JavaFX Application Thread] DEBUG o.e.t.dto.projects.ProjectListCell - creating project list cell
2026-09-27 13:30:25.963 [JavaFX Application Thread] DEBUG o.e.t.dto.projects.ProjectListCell - project list cell loaded successfully
2026-09-27 13:30:25.965 [JavaFX Application Thread] DEBUG o.e.t.dto.projects.ProjectListCell - creating project list cell
2026-09-27 13:30:25.978 [JavaFX Application Thread] DEBUG o.e.t.dto.projects.ProjectListCell - project list cell loaded successfully
2026-09-27 13:30:25.980 [JavaFX Application Thread] DEBUG o.e.t.dto.projects.ProjectListCell - creating project list cell
2026-09-27 13:30:25.993 [JavaFX Application Thread] DEBUG o.e.t.dto.projects.ProjectListCell - project list cell loaded successfully
2026-09-27 13:30:54.331 [JavaFX-Launcher] INFO  o.e.t.TaskSchedulerApplication - Name: 'Inter 18pt Regular'
2026-09-27 13:30:54.334 [JavaFX-Launcher] INFO  o.e.t.TaskSchedulerApplication - Family: 'Inter 18pt'
2026-09-27 13:30:54.335 [JavaFX-Launcher] INFO  o.e.t.TaskSchedulerApplication - Style: 'Regular'
2026-09-27 13:30:54.335 [JavaFX-Launcher] DEBUG o.e.t.TaskSchedulerApplication - Font loaded: /org/example/taskschedulerdesktop/fonts/Inter_18pt-Regular.ttf → 'Inter 18pt'
2026-09-27 13:30:54.353 [JavaFX-Launcher] INFO  o.e.t.TaskSchedulerApplication - Name: 'Inter 18pt Medium'
2026-09-27 13:30:54.353 [JavaFX-Launcher] INFO  o.e.t.TaskSchedulerApplication - Family: 'Inter 18pt Medium'
2026-09-27 13:30:54.353 [JavaFX-Launcher] INFO  o.e.t.TaskSchedulerApplication - Style: 'Regular'
2026-09-27 13:30:54.354 [JavaFX-Launcher] DEBUG o.e.t.TaskSchedulerApplication - Font loaded: /org/example/taskschedulerdesktop/fonts/Inter_18pt-Medium.ttf → 'Inter 18pt Medium'
2026-09-27 13:30:54.377 [JavaFX-Launcher] INFO  o.e.t.TaskSchedulerApplication - Name: 'Inter 18pt SemiBold'
2026-09-27 13:30:54.377 [JavaFX-Launcher] INFO  o.e.t.TaskSchedulerApplication - Family: 'Inter 18pt SemiBold'
2026-09-27 13:30:54.377 [JavaFX-Launcher] INFO  o.e.t.TaskSchedulerApplication - Style: 'Regular'
2026-09-27 13:30:54.377 [JavaFX-Launcher] DEBUG o.e.t.TaskSchedulerApplication - Font loaded: /org/example/taskschedulerdesktop/fonts/Inter_18pt-SemiBold.ttf → 'Inter 18pt SemiBold'
2026-09-27 13:30:54.394 [JavaFX-Launcher] INFO  o.e.t.TaskSchedulerApplication - Name: 'Lora Regular'
2026-09-27 13:30:54.394 [JavaFX-Launcher] INFO  o.e.t.TaskSchedulerApplication - Family: 'Lora'
2026-09-27 13:30:54.394 [JavaFX-Launcher] INFO  o.e.t.TaskSchedulerApplication - Style: 'Regular'
2026-09-27 13:30:54.395 [JavaFX-Launcher] DEBUG o.e.t.TaskSchedulerApplication - Font loaded: /org/example/taskschedulerdesktop/fonts/Lora-Regular.ttf → 'Lora'
2026-09-27 13:30:54.412 [JavaFX-Launcher] INFO  o.e.t.TaskSchedulerApplication - Name: 'JetBrains Mono Regular'
2026-09-27 13:30:54.412 [JavaFX-Launcher] INFO  o.e.t.TaskSchedulerApplication - Family: 'JetBrains Mono'
2026-09-27 13:30:54.413 [JavaFX-Launcher] INFO  o.e.t.TaskSchedulerApplication - Style: 'Regular'
2026-09-27 13:30:54.413 [JavaFX-Launcher] DEBUG o.e.t.TaskSchedulerApplication - Font loaded: /org/example/taskschedulerdesktop/fonts/JetBrainsMono-Regular.ttf → 'JetBrains Mono'
2026-09-27 13:30:54.963 [JavaFX Application Thread] DEBUG o.e.t.database.DatabaseConnection - H2 TCP-server started on the port:9092 successful
2026-09-27 13:30:54.998 [JavaFX Application Thread] DEBUG o.e.t.r.task.H2TaskRepository - createTableIfNotExists()
2026-09-27 13:30:55.015 [JavaFX Application Thread] DEBUG o.e.t.r.task.H2TaskRepository - createIndexes()
2026-09-27 13:30:55.035 [JavaFX Application Thread] DEBUG o.e.t.s.project.ProjectServiceImpl - ProjectServiceImpl created
2026-09-27 13:30:55.038 [JavaFX Application Thread] DEBUG o.e.t.listeners.EventBus - SUBSCRIBE: TaskChangedEvent -> 1487721249
2026-09-27 13:30:55.039 [JavaFX Application Thread] DEBUG o.e.t.s.project.ProjectServiceImpl - Subscribe on TaskChangedEvent completed
2026-09-27 13:30:55.423 [JavaFX Application Thread] DEBUG o.e.t.listeners.EventBus - SUBSCRIBE: PageTitleChangedEvent -> 764124341
2026-09-27 13:30:55.452 [JavaFX Application Thread] DEBUG o.e.t.navigation.NavigationManager - Start async loading page: /org/example/taskschedulerdesktop/view/dashboard.fxml
2026-09-27 13:30:55.598 [Thread-6] DEBUG o.e.t.listeners.EventBus - SUBSCRIBE: TaskChangedEvent -> 1456148737
2026-09-27 13:30:55.602 [Thread-7] DEBUG o.e.t.r.task.H2TaskRepository - findAllViews()
2026-09-27 13:30:55.609 [Thread-6] DEBUG o.e.t.c.review.DashboardController - loadProjects()
2026-09-27 13:30:55.615 [Thread-6] DEBUG o.e.t.c.review.DashboardController - load deadlines
2026-09-27 13:30:55.619 [Thread-11] DEBUG o.e.t.s.project.AsyncProjectService - Found 4 projects
2026-09-27 13:30:55.625 [Thread-9] DEBUG o.e.t.r.task.H2TaskRepository - findUpcomingDeadlines(maxDaysUntilDeadline: 7)
2026-09-27 13:30:55.629 [Thread-7] DEBUG o.e.t.r.task.H2TaskRepository - Found 17 views
2026-09-27 13:30:55.634 [Thread-9] ERROR o.e.t.r.task.H2TaskRepository - Error finding upcoming deadlines: project maxDaysUntilDeadline = 7
org.h2.jdbc.JdbcSQLSyntaxErrorException: Синтаксическая ошибка в выражении SQL "    SELECT t.id, t.name, t.project_id, [*]AS project_name, t.executor,\000a     t.type, t.status, t.priority, t.deadline, t.description, t.synced FROM tasks t\000a      WHERE deadline IS NOT NULL\000a       AND deadline < DATEADD('DAY', ?, CURRENT_DATE) ORDER BY deadline ASC;\000a"; ожидалось "*, INTERSECTS (, NOT, EXISTS, UNIQUE, INTERSECTS"
Syntax error in SQL statement "    SELECT t.id, t.name, t.project_id, [*]AS project_name, t.executor,\000a     t.type, t.status, t.priority, t.deadline, t.description, t.synced FROM tasks t\000a      WHERE deadline IS NOT NULL\000a       AND deadline < DATEADD('DAY', ?, CURRENT_DATE) ORDER BY deadline ASC;\000a"; expected "*, INTERSECTS (, NOT, EXISTS, UNIQUE, INTERSECTS"; SQL statement:
    SELECT t.id, t.name, t.project_id, AS project_name, t.executor,
     t.type, t.status, t.priority, t.deadline, t.description, t.synced FROM tasks t
      WHERE deadline IS NOT NULL
       AND deadline < DATEADD('DAY', ?, CURRENT_DATE) ORDER BY deadline ASC;
 [42001-224]
	at com.h2database@2.2.224/org.h2.message.DbException.getJdbcSQLException(DbException.java:514)
	at com.h2database@2.2.224/org.h2.message.DbException.getJdbcSQLException(DbException.java:489)
	at com.h2database@2.2.224/org.h2.message.DbException.getSyntaxError(DbException.java:261)
	at com.h2database@2.2.224/org.h2.command.ParserBase.getSyntaxError(ParserBase.java:750)
	at com.h2database@2.2.224/org.h2.command.Parser.readTermWithoutIdentifier(Parser.java:5134)
	at com.h2database@2.2.224/org.h2.command.Parser.readTerm(Parser.java:4834)
	at com.h2database@2.2.224/org.h2.command.Parser.readFactor(Parser.java:3337)
	at com.h2database@2.2.224/org.h2.command.Parser.readSum(Parser.java:3324)
	at com.h2database@2.2.224/org.h2.command.Parser.readConcat(Parser.java:3289)
	at com.h2database@2.2.224/org.h2.command.Parser.readCondition(Parser.java:3079)
	at com.h2database@2.2.224/org.h2.command.Parser.readExpression(Parser.java:2999)
	at com.h2database@2.2.224/org.h2.command.Parser.parseSelectExpressions(Parser.java:2799)
	at com.h2database@2.2.224/org.h2.command.Parser.parseSelect(Parser.java:2817)
	at com.h2database@2.2.224/org.h2.command.Parser.parseQueryPrimary(Parser.java:2708)
	at com.h2database@2.2.224/org.h2.command.Parser.parseQueryTerm(Parser.java:2564)
	at com.h2database@2.2.224/org.h2.command.Parser.parseQueryExpressionBody(Parser.java:2543)
	at com.h2database@2.2.224/org.h2.command.Parser.parseQueryExpressionBodyAndEndOfQuery(Parser.java:2536)
	at com.h2database@2.2.224/org.h2.command.Parser.parseQueryExpression(Parser.java:2529)
	at com.h2database@2.2.224/org.h2.command.Parser.parseQuery(Parser.java:2498)
	at com.h2database@2.2.224/org.h2.command.Parser.parsePrepared(Parser.java:627)
	at com.h2database@2.2.224/org.h2.command.Parser.parse(Parser.java:592)
	at com.h2database@2.2.224/org.h2.command.Parser.parse(Parser.java:569)
	at com.h2database@2.2.224/org.h2.command.Parser.prepareCommand(Parser.java:483)
	at com.h2database@2.2.224/org.h2.engine.SessionLocal.prepareLocal(SessionLocal.java:639)
	at com.h2database@2.2.224/org.h2.engine.SessionLocal.prepareCommand(SessionLocal.java:559)
	at com.h2database@2.2.224/org.h2.jdbc.JdbcConnection.prepareCommand(JdbcConnection.java:1166)
	at com.h2database@2.2.224/org.h2.jdbc.JdbcPreparedStatement.<init>(JdbcPreparedStatement.java:93)
	at com.h2database@2.2.224/org.h2.jdbc.JdbcConnection.prepareStatement(JdbcConnection.java:316)
	at com.zaxxer.hikari@5.1.0/com.zaxxer.hikari.pool.ProxyConnection.prepareStatement(ProxyConnection.java:328)
	at com.zaxxer.hikari@5.1.0/com.zaxxer.hikari.pool.HikariProxyConnection.prepareStatement(HikariProxyConnection.java)
	at org.example.taskschedulerdesktop/org.example.taskschedulerdesktop.repository.task.H2TaskRepository.findUpcomingDeadlines(H2TaskRepository.java:352)
	at org.example.taskschedulerdesktop/org.example.taskschedulerdesktop.service.task.TaskServiceImpl.findUpcomingDeadlines(TaskServiceImpl.java:104)
	at org.example.taskschedulerdesktop/org.example.taskschedulerdesktop.service.task.AsyncTaskService$10.call(AsyncTaskService.java:209)
	at org.example.taskschedulerdesktop/org.example.taskschedulerdesktop.service.task.AsyncTaskService$10.call(AsyncTaskService.java:206)
	at javafx.graphics@21/javafx.concurrent.Task$TaskCallable.call(Task.java:1399)
	at java.base/java.util.concurrent.FutureTask.run(FutureTask.java:317)
	at java.base/java.util.concurrent.Executors$RunnableAdapter.call(Executors.java:572)
	at java.base/java.util.concurrent.FutureTask.run(FutureTask.java:317)
	at java.base/java.util.concurrent.ThreadPoolExecutor.runWorker(ThreadPoolExecutor.java:1144)
	at java.base/java.util.concurrent.ThreadPoolExecutor$Worker.run(ThreadPoolExecutor.java:642)
	at java.base/java.lang.Thread.run(Thread.java:1583)
2026-09-27 13:30:55.653 [JavaFX Application Thread] DEBUG o.e.t.TaskSchedulerApplication - CSS: /org/example/taskschedulerdesktop/styles/style.css
2026-09-27 13:30:55.655 [JavaFX Application Thread] DEBUG o.e.t.TaskSchedulerApplication - CSS: /org/example/taskschedulerdesktop/styles/base.css
2026-09-27 13:30:55.657 [JavaFX Application Thread] DEBUG o.e.t.TaskSchedulerApplication - CSS: /org/example/taskschedulerdesktop/styles/row_task_table.css
2026-09-27 13:30:55.658 [JavaFX Application Thread] DEBUG o.e.t.TaskSchedulerApplication - CSS: /org/example/taskschedulerdesktop/styles/task_table_view.css
2026-09-27 13:30:55.706 [Thread-6] DEBUG o.e.t.listeners.EventBus - SUBSCRIBE: TaskChangedEvent -> 447304713
2026-09-27 13:30:55.707 [Thread-10] DEBUG o.e.t.r.task.H2TaskRepository - findAllViews()
2026-09-27 13:30:55.707 [Thread-6] DEBUG o.e.t.c.review.DashboardController - Task table loaded successfully
2026-09-27 13:30:55.712 [Thread-10] DEBUG o.e.t.r.task.H2TaskRepository - Found 17 views
2026-09-27 13:30:56.242 [JavaFX Application Thread] DEBUG o.e.t.c.review.DashboardController - Found 1 tasks, task status: UNDER_REVIEW
2026-09-27 13:30:56.243 [JavaFX Application Thread] DEBUG o.e.t.c.review.DashboardController - Found 4 tasks, task status: COMPLETED
2026-09-27 13:30:56.246 [JavaFX Application Thread] DEBUG o.e.t.c.review.DashboardController - Found 1 tasks, task status: IN_PROGRESS
2026-09-27 13:30:56.247 [JavaFX Application Thread] DEBUG o.e.t.service.task.AsyncTaskService - onSucceeded returned: 17 tasks
2026-09-27 13:30:56.249 [JavaFX Application Thread] DEBUG o.e.t.c.review.DashboardController - Found 17 tasks
2026-09-27 13:30:56.268 [JavaFX Application Thread] DEBUG o.e.t.c.review.DashboardController - observableList size: 0
2026-09-27 13:30:56.268 [JavaFX Application Thread] DEBUG o.e.t.c.review.DashboardController - deadlinesListView size : 0
2026-09-27 13:30:56.274 [JavaFX Application Thread] DEBUG o.e.t.listeners.EventBus - FIRE: PageTitleChangedEvent (subscribers: 1)
2026-09-27 13:30:56.275 [JavaFX Application Thread] DEBUG o.e.t.navigation.NavigationManager - Page displayed successfully: /org/example/taskschedulerdesktop/view/dashboard.fxml
2026-09-27 13:30:56.275 [JavaFX Application Thread] DEBUG o.e.t.service.task.AsyncTaskService - onSucceeded returned: 17 tasks
2026-09-27 13:30:56.276 [JavaFX Application Thread] DEBUG o.e.t.c.tasks.TaskTableController - onSuccess: received 17 tasks
2026-09-27 13:30:56.276 [JavaFX Application Thread] DEBUG o.e.t.c.tasks.TaskTableController - onSuccess: first task: Настроить интеграцию с 1C
2026-09-27 13:30:56.276 [JavaFX Application Thread] DEBUG o.e.t.c.tasks.TaskTableController - Table has: 17 tasks
2026-09-27 13:30:56.462 [JavaFX Application Thread] DEBUG o.e.t.dto.projects.ProjectListCell - creating project list cell
2026-09-27 13:30:56.491 [JavaFX Application Thread] DEBUG o.e.t.dto.projects.ProjectListCell - project list cell loaded successfully
2026-09-27 13:30:56.815 [JavaFX Application Thread] DEBUG o.e.t.dto.projects.ProjectListCell - creating project list cell
2026-09-27 13:30:56.827 [JavaFX Application Thread] DEBUG o.e.t.dto.projects.ProjectListCell - project list cell loaded successfully
2026-09-27 13:30:56.837 [JavaFX Application Thread] DEBUG o.e.t.dto.projects.ProjectListCell - creating project list cell
2026-09-27 13:30:56.850 [JavaFX Application Thread] DEBUG o.e.t.dto.projects.ProjectListCell - project list cell loaded successfully
2026-09-27 13:30:56.862 [JavaFX Application Thread] DEBUG o.e.t.dto.projects.ProjectListCell - creating project list cell
2026-09-27 13:30:56.872 [JavaFX Application Thread] DEBUG o.e.t.dto.projects.ProjectListCell - project list cell loaded successfully
2026-09-27 13:30:56.882 [JavaFX Application Thread] DEBUG o.e.t.dto.projects.ProjectListCell - creating project list cell
2026-09-27 13:30:56.893 [JavaFX Application Thread] DEBUG o.e.t.dto.projects.ProjectListCell - project list cell loaded successfully
2026-09-27 13:30:56.901 [JavaFX Application Thread] DEBUG o.e.t.dto.projects.ProjectListCell - creating project list cell
2026-09-27 13:30:56.912 [JavaFX Application Thread] DEBUG o.e.t.dto.projects.ProjectListCell - project list cell loaded successfully
2026-09-27 13:30:56.914 [JavaFX Application Thread] DEBUG o.e.t.dto.projects.ProjectListCell - creating project list cell
2026-09-27 13:30:56.926 [JavaFX Application Thread] DEBUG o.e.t.dto.projects.ProjectListCell - project list cell loaded successfully
2026-09-27 13:30:56.927 [JavaFX Application Thread] DEBUG o.e.t.dto.projects.ProjectListCell - creating project list cell
2026-09-27 13:30:56.938 [JavaFX Application Thread] DEBUG o.e.t.dto.projects.ProjectListCell - project list cell loaded successfully
2026-09-27 13:30:56.940 [JavaFX Application Thread] DEBUG o.e.t.dto.projects.ProjectListCell - creating project list cell
2026-09-27 13:30:56.951 [JavaFX Application Thread] DEBUG o.e.t.dto.projects.ProjectListCell - project list cell loaded successfully
2026-09-27 13:30:56.953 [JavaFX Application Thread] DEBUG o.e.t.dto.projects.ProjectListCell - creating project list cell
2026-09-27 13:30:56.965 [JavaFX Application Thread] DEBUG o.e.t.dto.projects.ProjectListCell - project list cell loaded successfully
2026-09-27 13:30:56.966 [JavaFX Application Thread] DEBUG o.e.t.dto.projects.ProjectListCell - creating project list cell
2026-09-27 13:30:56.976 [JavaFX Application Thread] DEBUG o.e.t.dto.projects.ProjectListCell - project list cell loaded successfully
2026-09-27 13:30:56.978 [JavaFX Application Thread] DEBUG o.e.t.dto.projects.ProjectListCell - creating project list cell
2026-09-27 13:30:56.990 [JavaFX Application Thread] DEBUG o.e.t.dto.projects.ProjectListCell - project list cell loaded successfully
2026-09-27 13:30:56.992 [JavaFX Application Thread] DEBUG o.e.t.dto.projects.ProjectListCell - creating project list cell
2026-09-27 13:30:57.000 [JavaFX Application Thread] DEBUG o.e.t.dto.projects.ProjectListCell - project list cell loaded successfully
2026-09-27 13:30:57.002 [JavaFX Application Thread] DEBUG o.e.t.dto.projects.ProjectListCell - creating project list cell
2026-09-27 13:30:57.012 [JavaFX Application Thread] DEBUG o.e.t.dto.projects.ProjectListCell - project list cell loaded successfully
2026-09-27 13:31:25.421 [JavaFX-Launcher] INFO  o.e.t.TaskSchedulerApplication - Name: 'Inter 18pt Regular'
2026-09-27 13:31:25.423 [JavaFX-Launcher] INFO  o.e.t.TaskSchedulerApplication - Family: 'Inter 18pt'
2026-09-27 13:31:25.425 [JavaFX-Launcher] INFO  o.e.t.TaskSchedulerApplication - Style: 'Regular'
2026-09-27 13:31:25.425 [JavaFX-Launcher] DEBUG o.e.t.TaskSchedulerApplication - Font loaded: /org/example/taskschedulerdesktop/fonts/Inter_18pt-Regular.ttf → 'Inter 18pt'
2026-09-27 13:31:25.444 [JavaFX-Launcher] INFO  o.e.t.TaskSchedulerApplication - Name: 'Inter 18pt Medium'
2026-09-27 13:31:25.444 [JavaFX-Launcher] INFO  o.e.t.TaskSchedulerApplication - Family: 'Inter 18pt Medium'
2026-09-27 13:31:25.445 [JavaFX-Launcher] INFO  o.e.t.TaskSchedulerApplication - Style: 'Regular'
2026-09-27 13:31:25.445 [JavaFX-Launcher] DEBUG o.e.t.TaskSchedulerApplication - Font loaded: /org/example/taskschedulerdesktop/fonts/Inter_18pt-Medium.ttf → 'Inter 18pt Medium'
2026-09-27 13:31:25.463 [JavaFX-Launcher] INFO  o.e.t.TaskSchedulerApplication - Name: 'Inter 18pt SemiBold'
2026-09-27 13:31:25.464 [JavaFX-Launcher] INFO  o.e.t.TaskSchedulerApplication - Family: 'Inter 18pt SemiBold'
2026-09-27 13:31:25.464 [JavaFX-Launcher] INFO  o.e.t.TaskSchedulerApplication - Style: 'Regular'
2026-09-27 13:31:25.464 [JavaFX-Launcher] DEBUG o.e.t.TaskSchedulerApplication - Font loaded: /org/example/taskschedulerdesktop/fonts/Inter_18pt-SemiBold.ttf → 'Inter 18pt SemiBold'
2026-09-27 13:31:25.481 [JavaFX-Launcher] INFO  o.e.t.TaskSchedulerApplication - Name: 'Lora Regular'
2026-09-27 13:31:25.482 [JavaFX-Launcher] INFO  o.e.t.TaskSchedulerApplication - Family: 'Lora'
2026-09-27 13:31:25.482 [JavaFX-Launcher] INFO  o.e.t.TaskSchedulerApplication - Style: 'Regular'
2026-09-27 13:31:25.482 [JavaFX-Launcher] DEBUG o.e.t.TaskSchedulerApplication - Font loaded: /org/example/taskschedulerdesktop/fonts/Lora-Regular.ttf → 'Lora'
2026-09-27 13:31:25.500 [JavaFX-Launcher] INFO  o.e.t.TaskSchedulerApplication - Name: 'JetBrains Mono Regular'
2026-09-27 13:31:25.500 [JavaFX-Launcher] INFO  o.e.t.TaskSchedulerApplication - Family: 'JetBrains Mono'
2026-09-27 13:31:25.501 [JavaFX-Launcher] INFO  o.e.t.TaskSchedulerApplication - Style: 'Regular'
2026-09-27 13:31:25.501 [JavaFX-Launcher] DEBUG o.e.t.TaskSchedulerApplication - Font loaded: /org/example/taskschedulerdesktop/fonts/JetBrainsMono-Regular.ttf → 'JetBrains Mono'
2026-09-27 13:31:26.019 [JavaFX Application Thread] DEBUG o.e.t.database.DatabaseConnection - H2 TCP-server started on the port:9092 successful
2026-09-27 13:31:26.045 [JavaFX Application Thread] DEBUG o.e.t.r.task.H2TaskRepository - createTableIfNotExists()
2026-09-27 13:31:26.063 [JavaFX Application Thread] DEBUG o.e.t.r.task.H2TaskRepository - createIndexes()
2026-09-27 13:31:26.079 [JavaFX Application Thread] DEBUG o.e.t.s.project.ProjectServiceImpl - ProjectServiceImpl created
2026-09-27 13:31:26.081 [JavaFX Application Thread] DEBUG o.e.t.listeners.EventBus - SUBSCRIBE: TaskChangedEvent -> 1487721249
2026-09-27 13:31:26.082 [JavaFX Application Thread] DEBUG o.e.t.s.project.ProjectServiceImpl - Subscribe on TaskChangedEvent completed
2026-09-27 13:31:26.467 [JavaFX Application Thread] DEBUG o.e.t.listeners.EventBus - SUBSCRIBE: PageTitleChangedEvent -> 764124341
2026-09-27 13:31:26.492 [JavaFX Application Thread] DEBUG o.e.t.navigation.NavigationManager - Start async loading page: /org/example/taskschedulerdesktop/view/dashboard.fxml
2026-09-27 13:31:26.627 [Thread-6] DEBUG o.e.t.listeners.EventBus - SUBSCRIBE: TaskChangedEvent -> 1934004147
2026-09-27 13:31:26.630 [Thread-7] DEBUG o.e.t.r.task.H2TaskRepository - findAllViews()
2026-09-27 13:31:26.635 [Thread-6] DEBUG o.e.t.c.review.DashboardController - loadProjects()
2026-09-27 13:31:26.640 [Thread-6] DEBUG o.e.t.c.review.DashboardController - load deadlines
2026-09-27 13:31:26.645 [Thread-11] DEBUG o.e.t.s.project.AsyncProjectService - Found 4 projects
2026-09-27 13:31:26.649 [Thread-8] DEBUG o.e.t.r.task.H2TaskRepository - findUpcomingDeadlines(maxDaysUntilDeadline: 7)
2026-09-27 13:31:26.657 [Thread-7] DEBUG o.e.t.r.task.H2TaskRepository - Found 17 views
2026-09-27 13:31:26.663 [Thread-8] ERROR o.e.t.r.task.H2TaskRepository - Error finding upcoming deadlines: project maxDaysUntilDeadline = 7
org.h2.jdbc.JdbcSQLSyntaxErrorException: Столбец "project_name" не найден
Column "project_name" not found [42122-224]
	at com.h2database@2.2.224/org.h2.message.DbException.getJdbcSQLException(DbException.java:514)
	at com.h2database@2.2.224/org.h2.message.DbException.getJdbcSQLException(DbException.java:489)
	at com.h2database@2.2.224/org.h2.message.DbException.get(DbException.java:223)
	at com.h2database@2.2.224/org.h2.message.DbException.get(DbException.java:199)
	at com.h2database@2.2.224/org.h2.jdbc.JdbcResultSet.getColumnIndex(JdbcResultSet.java:3492)
	at com.h2database@2.2.224/org.h2.jdbc.JdbcResultSet.getString(JdbcResultSet.java:301)
	at com.zaxxer.hikari@5.1.0/com.zaxxer.hikari.pool.HikariProxyResultSet.getString(HikariProxyResultSet.java)
	at org.example.taskschedulerdesktop/org.example.taskschedulerdesktop.repository.task.H2TaskRepository.mapRowToTaskView(H2TaskRepository.java:433)
	at org.example.taskschedulerdesktop/org.example.taskschedulerdesktop.repository.task.H2TaskRepository.findUpcomingDeadlines(H2TaskRepository.java:358)
	at org.example.taskschedulerdesktop/org.example.taskschedulerdesktop.service.task.TaskServiceImpl.findUpcomingDeadlines(TaskServiceImpl.java:104)
	at org.example.taskschedulerdesktop/org.example.taskschedulerdesktop.service.task.AsyncTaskService$10.call(AsyncTaskService.java:209)
	at org.example.taskschedulerdesktop/org.example.taskschedulerdesktop.service.task.AsyncTaskService$10.call(AsyncTaskService.java:206)
	at javafx.graphics@21/javafx.concurrent.Task$TaskCallable.call(Task.java:1399)
	at java.base/java.util.concurrent.FutureTask.run(FutureTask.java:317)
	at java.base/java.util.concurrent.Executors$RunnableAdapter.call(Executors.java:572)
	at java.base/java.util.concurrent.FutureTask.run(FutureTask.java:317)
	at java.base/java.util.concurrent.ThreadPoolExecutor.runWorker(ThreadPoolExecutor.java:1144)
	at java.base/java.util.concurrent.ThreadPoolExecutor$Worker.run(ThreadPoolExecutor.java:642)
	at java.base/java.lang.Thread.run(Thread.java:1583)
2026-09-27 13:31:26.696 [JavaFX Application Thread] DEBUG o.e.t.TaskSchedulerApplication - CSS: /org/example/taskschedulerdesktop/styles/style.css
2026-09-27 13:31:26.697 [JavaFX Application Thread] DEBUG o.e.t.TaskSchedulerApplication - CSS: /org/example/taskschedulerdesktop/styles/base.css
2026-09-27 13:31:26.699 [JavaFX Application Thread] DEBUG o.e.t.TaskSchedulerApplication - CSS: /org/example/taskschedulerdesktop/styles/row_task_table.css
2026-09-27 13:31:26.700 [JavaFX Application Thread] DEBUG o.e.t.TaskSchedulerApplication - CSS: /org/example/taskschedulerdesktop/styles/task_table_view.css
2026-09-27 13:31:26.731 [Thread-10] DEBUG o.e.t.r.task.H2TaskRepository - findAllViews()
2026-09-27 13:31:26.731 [Thread-6] DEBUG o.e.t.listeners.EventBus - SUBSCRIBE: TaskChangedEvent -> 1430291149
2026-09-27 13:31:26.732 [Thread-6] DEBUG o.e.t.c.review.DashboardController - Task table loaded successfully
2026-09-27 13:31:26.735 [Thread-10] DEBUG o.e.t.r.task.H2TaskRepository - Found 17 views
2026-09-27 13:31:27.266 [JavaFX Application Thread] DEBUG o.e.t.c.review.DashboardController - Found 1 tasks, task status: IN_PROGRESS
2026-09-27 13:31:27.269 [JavaFX Application Thread] DEBUG o.e.t.c.review.DashboardController - Found 4 tasks, task status: COMPLETED
2026-09-27 13:31:27.270 [JavaFX Application Thread] DEBUG o.e.t.c.review.DashboardController - Found 1 tasks, task status: UNDER_REVIEW
2026-09-27 13:31:27.271 [JavaFX Application Thread] DEBUG o.e.t.service.task.AsyncTaskService - onSucceeded returned: 17 tasks
2026-09-27 13:31:27.272 [JavaFX Application Thread] DEBUG o.e.t.c.review.DashboardController - Found 17 tasks
2026-09-27 13:31:27.273 [JavaFX Application Thread] DEBUG o.e.t.c.review.DashboardController - observableList size: 0
2026-09-27 13:31:27.274 [JavaFX Application Thread] DEBUG o.e.t.c.review.DashboardController - deadlinesListView size : 0
2026-09-27 13:31:27.296 [JavaFX Application Thread] DEBUG o.e.t.listeners.EventBus - FIRE: PageTitleChangedEvent (subscribers: 1)
2026-09-27 13:31:27.296 [JavaFX Application Thread] DEBUG o.e.t.navigation.NavigationManager - Page displayed successfully: /org/example/taskschedulerdesktop/view/dashboard.fxml
2026-09-27 13:31:27.297 [JavaFX Application Thread] DEBUG o.e.t.service.task.AsyncTaskService - onSucceeded returned: 17 tasks
2026-09-27 13:31:27.297 [JavaFX Application Thread] DEBUG o.e.t.c.tasks.TaskTableController - onSuccess: received 17 tasks
2026-09-27 13:31:27.297 [JavaFX Application Thread] DEBUG o.e.t.c.tasks.TaskTableController - onSuccess: first task: Настроить интеграцию с 1C
2026-09-27 13:31:27.298 [JavaFX Application Thread] DEBUG o.e.t.c.tasks.TaskTableController - Table has: 17 tasks
2026-09-27 13:31:27.463 [JavaFX Application Thread] DEBUG o.e.t.dto.projects.ProjectListCell - creating project list cell
2026-09-27 13:31:27.487 [JavaFX Application Thread] DEBUG o.e.t.dto.projects.ProjectListCell - project list cell loaded successfully
2026-09-27 13:31:27.836 [JavaFX Application Thread] DEBUG o.e.t.dto.projects.ProjectListCell - creating project list cell
2026-09-27 13:31:27.851 [JavaFX Application Thread] DEBUG o.e.t.dto.projects.ProjectListCell - project list cell loaded successfully
2026-09-27 13:31:27.864 [JavaFX Application Thread] DEBUG o.e.t.dto.projects.ProjectListCell - creating project list cell
2026-09-27 13:31:27.876 [JavaFX Application Thread] DEBUG o.e.t.dto.projects.ProjectListCell - project list cell loaded successfully
2026-09-27 13:31:27.889 [JavaFX Application Thread] DEBUG o.e.t.dto.projects.ProjectListCell - creating project list cell
2026-09-27 13:31:27.901 [JavaFX Application Thread] DEBUG o.e.t.dto.projects.ProjectListCell - project list cell loaded successfully
2026-09-27 13:31:27.914 [JavaFX Application Thread] DEBUG o.e.t.dto.projects.ProjectListCell - creating project list cell
2026-09-27 13:31:27.929 [JavaFX Application Thread] DEBUG o.e.t.dto.projects.ProjectListCell - project list cell loaded successfully
2026-09-27 13:31:27.937 [JavaFX Application Thread] DEBUG o.e.t.dto.projects.ProjectListCell - creating project list cell
2026-09-27 13:31:27.948 [JavaFX Application Thread] DEBUG o.e.t.dto.projects.ProjectListCell - project list cell loaded successfully
2026-09-27 13:31:27.950 [JavaFX Application Thread] DEBUG o.e.t.dto.projects.ProjectListCell - creating project list cell
2026-09-27 13:31:27.963 [JavaFX Application Thread] DEBUG o.e.t.dto.projects.ProjectListCell - project list cell loaded successfully
2026-09-27 13:31:27.965 [JavaFX Application Thread] DEBUG o.e.t.dto.projects.ProjectListCell - creating project list cell
2026-09-27 13:31:27.977 [JavaFX Application Thread] DEBUG o.e.t.dto.projects.ProjectListCell - project list cell loaded successfully
2026-09-27 13:31:27.979 [JavaFX Application Thread] DEBUG o.e.t.dto.projects.ProjectListCell - creating project list cell
2026-09-27 13:31:27.990 [JavaFX Application Thread] DEBUG o.e.t.dto.projects.ProjectListCell - project list cell loaded successfully
2026-09-27 13:31:27.992 [JavaFX Application Thread] DEBUG o.e.t.dto.projects.ProjectListCell - creating project list cell
2026-09-27 13:31:28.003 [JavaFX Application Thread] DEBUG o.e.t.dto.projects.ProjectListCell - project list cell loaded successfully
2026-09-27 13:31:28.005 [JavaFX Application Thread] DEBUG o.e.t.dto.projects.ProjectListCell - creating project list cell
2026-09-27 13:31:28.016 [JavaFX Application Thread] DEBUG o.e.t.dto.projects.ProjectListCell - project list cell loaded successfully
2026-09-27 13:31:28.018 [JavaFX Application Thread] DEBUG o.e.t.dto.projects.ProjectListCell - creating project list cell
2026-09-27 13:31:28.029 [JavaFX Application Thread] DEBUG o.e.t.dto.projects.ProjectListCell - project list cell loaded successfully
2026-09-27 13:31:28.032 [JavaFX Application Thread] DEBUG o.e.t.dto.projects.ProjectListCell - creating project list cell
2026-09-27 13:31:28.042 [JavaFX Application Thread] DEBUG o.e.t.dto.projects.ProjectListCell - project list cell loaded successfully
2026-09-27 13:31:28.044 [JavaFX Application Thread] DEBUG o.e.t.dto.projects.ProjectListCell - creating project list cell
2026-09-27 13:31:28.055 [JavaFX Application Thread] DEBUG o.e.t.dto.projects.ProjectListCell - project list cell loaded successfully
2026-09-27 13:36:46.095 [JavaFX-Launcher] INFO  o.e.t.TaskSchedulerApplication - Name: 'Inter 18pt Regular'
2026-09-27 13:36:46.098 [JavaFX-Launcher] INFO  o.e.t.TaskSchedulerApplication - Family: 'Inter 18pt'
2026-09-27 13:36:46.098 [JavaFX-Launcher] INFO  o.e.t.TaskSchedulerApplication - Style: 'Regular'
2026-09-27 13:36:46.098 [JavaFX-Launcher] DEBUG o.e.t.TaskSchedulerApplication - Font loaded: /org/example/taskschedulerdesktop/fonts/Inter_18pt-Regular.ttf → 'Inter 18pt'
2026-09-27 13:36:46.118 [JavaFX-Launcher] INFO  o.e.t.TaskSchedulerApplication - Name: 'Inter 18pt Medium'
2026-09-27 13:36:46.118 [JavaFX-Launcher] INFO  o.e.t.TaskSchedulerApplication - Family: 'Inter 18pt Medium'
2026-09-27 13:36:46.118 [JavaFX-Launcher] INFO  o.e.t.TaskSchedulerApplication - Style: 'Regular'
2026-09-27 13:36:46.118 [JavaFX-Launcher] DEBUG o.e.t.TaskSchedulerApplication - Font loaded: /org/example/taskschedulerdesktop/fonts/Inter_18pt-Medium.ttf → 'Inter 18pt Medium'
2026-09-27 13:36:46.140 [JavaFX-Launcher] INFO  o.e.t.TaskSchedulerApplication - Name: 'Inter 18pt SemiBold'
2026-09-27 13:36:46.140 [JavaFX-Launcher] INFO  o.e.t.TaskSchedulerApplication - Family: 'Inter 18pt SemiBold'
2026-09-27 13:36:46.140 [JavaFX-Launcher] INFO  o.e.t.TaskSchedulerApplication - Style: 'Regular'
2026-09-27 13:36:46.140 [JavaFX-Launcher] DEBUG o.e.t.TaskSchedulerApplication - Font loaded: /org/example/taskschedulerdesktop/fonts/Inter_18pt-SemiBold.ttf → 'Inter 18pt SemiBold'
2026-09-27 13:36:46.159 [JavaFX-Launcher] INFO  o.e.t.TaskSchedulerApplication - Name: 'Lora Regular'
2026-09-27 13:36:46.159 [JavaFX-Launcher] INFO  o.e.t.TaskSchedulerApplication - Family: 'Lora'
2026-09-27 13:36:46.159 [JavaFX-Launcher] INFO  o.e.t.TaskSchedulerApplication - Style: 'Regular'
2026-09-27 13:36:46.160 [JavaFX-Launcher] DEBUG o.e.t.TaskSchedulerApplication - Font loaded: /org/example/taskschedulerdesktop/fonts/Lora-Regular.ttf → 'Lora'
2026-09-27 13:36:46.178 [JavaFX-Launcher] INFO  o.e.t.TaskSchedulerApplication - Name: 'JetBrains Mono Regular'
2026-09-27 13:36:46.178 [JavaFX-Launcher] INFO  o.e.t.TaskSchedulerApplication - Family: 'JetBrains Mono'
2026-09-27 13:36:46.178 [JavaFX-Launcher] INFO  o.e.t.TaskSchedulerApplication - Style: 'Regular'
2026-09-27 13:36:46.178 [JavaFX-Launcher] DEBUG o.e.t.TaskSchedulerApplication - Font loaded: /org/example/taskschedulerdesktop/fonts/JetBrainsMono-Regular.ttf → 'JetBrains Mono'
2026-09-27 13:36:46.716 [JavaFX Application Thread] DEBUG o.e.t.database.DatabaseConnection - H2 TCP-server started on the port:9092 successful
2026-09-27 13:36:46.747 [JavaFX Application Thread] DEBUG o.e.t.r.task.H2TaskRepository - createTableIfNotExists()
2026-09-27 13:36:46.771 [JavaFX Application Thread] DEBUG o.e.t.r.task.H2TaskRepository - createIndexes()
2026-09-27 13:36:46.883 [JavaFX Application Thread] DEBUG o.e.t.s.project.ProjectServiceImpl - ProjectServiceImpl created
2026-09-27 13:36:46.887 [JavaFX Application Thread] DEBUG o.e.t.listeners.EventBus - SUBSCRIBE: TaskChangedEvent -> 1487721249
2026-09-27 13:36:46.888 [JavaFX Application Thread] DEBUG o.e.t.s.project.ProjectServiceImpl - Subscribe on TaskChangedEvent completed
2026-09-27 13:36:47.268 [JavaFX Application Thread] DEBUG o.e.t.listeners.EventBus - SUBSCRIBE: PageTitleChangedEvent -> 764124341
2026-09-27 13:36:47.302 [JavaFX Application Thread] DEBUG o.e.t.navigation.NavigationManager - Start async loading page: /org/example/taskschedulerdesktop/view/dashboard.fxml
2026-09-27 13:36:47.479 [JavaFX Application Thread] DEBUG o.e.t.TaskSchedulerApplication - CSS: /org/example/taskschedulerdesktop/styles/style.css
2026-09-27 13:36:47.480 [JavaFX Application Thread] DEBUG o.e.t.TaskSchedulerApplication - CSS: /org/example/taskschedulerdesktop/styles/base.css
2026-09-27 13:36:47.481 [JavaFX Application Thread] DEBUG o.e.t.TaskSchedulerApplication - CSS: /org/example/taskschedulerdesktop/styles/row_task_table.css
2026-09-27 13:36:47.482 [JavaFX Application Thread] DEBUG o.e.t.TaskSchedulerApplication - CSS: /org/example/taskschedulerdesktop/styles/task_table_view.css
2026-09-27 13:36:47.488 [Thread-6] DEBUG o.e.t.listeners.EventBus - SUBSCRIBE: TaskChangedEvent -> 810400438
2026-09-27 13:36:47.492 [Thread-7] DEBUG o.e.t.r.task.H2TaskRepository - findAllViews()
2026-09-27 13:36:47.497 [Thread-6] DEBUG o.e.t.c.review.DashboardController - loadProjects()
2026-09-27 13:36:47.502 [Thread-6] DEBUG o.e.t.c.review.DashboardController - load deadlines
2026-09-27 13:36:47.507 [Thread-11] DEBUG o.e.t.s.project.AsyncProjectService - Found 4 projects
2026-09-27 13:36:47.510 [Thread-10] DEBUG o.e.t.r.task.H2TaskRepository - findUpcomingDeadlines(maxDaysUntilDeadline: 7)
2026-09-27 13:36:47.513 [Thread-7] DEBUG o.e.t.r.task.H2TaskRepository - Found 17 views
2026-09-27 13:36:47.575 [Thread-6] DEBUG o.e.t.listeners.EventBus - SUBSCRIBE: TaskChangedEvent -> 1846420979
2026-09-27 13:36:47.575 [Thread-9] DEBUG o.e.t.r.task.H2TaskRepository - findAllViews()
2026-09-27 13:36:47.577 [Thread-6] DEBUG o.e.t.c.review.DashboardController - Task table loaded successfully
2026-09-27 13:36:47.582 [Thread-9] DEBUG o.e.t.r.task.H2TaskRepository - Found 17 views
2026-09-27 13:36:48.093 [JavaFX Application Thread] DEBUG o.e.t.c.review.DashboardController - Found 4 tasks, task status: COMPLETED
2026-09-27 13:36:48.095 [JavaFX Application Thread] DEBUG o.e.t.c.review.DashboardController - Found 1 tasks, task status: UNDER_REVIEW
2026-09-27 13:36:48.097 [JavaFX Application Thread] DEBUG o.e.t.c.review.DashboardController - Found 1 tasks, task status: IN_PROGRESS
2026-09-27 13:36:48.099 [JavaFX Application Thread] DEBUG o.e.t.service.task.AsyncTaskService - onSucceeded returned: 17 tasks
2026-09-27 13:36:48.100 [JavaFX Application Thread] DEBUG o.e.t.c.review.DashboardController - Found 17 tasks
2026-09-27 13:36:48.101 [JavaFX Application Thread] DEBUG o.e.t.c.review.DashboardController - observableList size: 12
2026-09-27 13:36:48.103 [JavaFX Application Thread] DEBUG o.e.t.c.review.DashboardController - deadlinesListView size : 12
2026-09-27 13:36:48.109 [JavaFX Application Thread] DEBUG o.e.t.listeners.EventBus - FIRE: PageTitleChangedEvent (subscribers: 1)
2026-09-27 13:36:48.109 [JavaFX Application Thread] DEBUG o.e.t.navigation.NavigationManager - Page displayed successfully: /org/example/taskschedulerdesktop/view/dashboard.fxml
2026-09-27 13:36:48.109 [JavaFX Application Thread] DEBUG o.e.t.service.task.AsyncTaskService - onSucceeded returned: 17 tasks
2026-09-27 13:36:48.110 [JavaFX Application Thread] DEBUG o.e.t.c.tasks.TaskTableController - onSuccess: received 17 tasks
2026-09-27 13:36:48.110 [JavaFX Application Thread] DEBUG o.e.t.c.tasks.TaskTableController - onSuccess: first task: Настроить интеграцию с 1C
2026-09-27 13:36:48.110 [JavaFX Application Thread] DEBUG o.e.t.c.tasks.TaskTableController - Table has: 17 tasks
2026-09-27 13:36:48.282 [JavaFX Application Thread] DEBUG o.e.t.dto.projects.ProjectListCell - creating project list cell
2026-09-27 13:36:48.308 [JavaFX Application Thread] DEBUG o.e.t.dto.projects.ProjectListCell - project list cell loaded successfully
2026-09-27 13:36:48.481 [JavaFX Application Thread] DEBUG o.e.t.dto.projects.DeadlineListCell - creating deadline list cell
2026-09-27 13:36:48.513 [JavaFX Application Thread] DEBUG o.e.t.dto.projects.DeadlineListCell - deadline list cell loaded successfully
2026-09-27 13:36:48.747 [JavaFX Application Thread] DEBUG o.e.t.dto.projects.ProjectListCell - creating project list cell
2026-09-27 13:36:48.758 [JavaFX Application Thread] DEBUG o.e.t.dto.projects.ProjectListCell - project list cell loaded successfully
2026-09-27 13:36:48.767 [JavaFX Application Thread] DEBUG o.e.t.dto.projects.ProjectListCell - creating project list cell
2026-09-27 13:36:48.778 [JavaFX Application Thread] DEBUG o.e.t.dto.projects.ProjectListCell - project list cell loaded successfully
2026-09-27 13:36:48.789 [JavaFX Application Thread] DEBUG o.e.t.dto.projects.ProjectListCell - creating project list cell
2026-09-27 13:36:48.799 [JavaFX Application Thread] DEBUG o.e.t.dto.projects.ProjectListCell - project list cell loaded successfully
2026-09-27 13:36:48.809 [JavaFX Application Thread] DEBUG o.e.t.dto.projects.ProjectListCell - creating project list cell
2026-09-27 13:36:48.819 [JavaFX Application Thread] DEBUG o.e.t.dto.projects.ProjectListCell - project list cell loaded successfully
2026-09-27 13:36:48.826 [JavaFX Application Thread] DEBUG o.e.t.dto.projects.ProjectListCell - creating project list cell
2026-09-27 13:36:48.837 [JavaFX Application Thread] DEBUG o.e.t.dto.projects.ProjectListCell - project list cell loaded successfully
2026-09-27 13:36:48.839 [JavaFX Application Thread] DEBUG o.e.t.dto.projects.ProjectListCell - creating project list cell
2026-09-27 13:36:48.849 [JavaFX Application Thread] DEBUG o.e.t.dto.projects.ProjectListCell - project list cell loaded successfully
2026-09-27 13:36:48.851 [JavaFX Application Thread] DEBUG o.e.t.dto.projects.ProjectListCell - creating project list cell
2026-09-27 13:36:48.861 [JavaFX Application Thread] DEBUG o.e.t.dto.projects.ProjectListCell - project list cell loaded successfully
2026-09-27 13:36:48.863 [JavaFX Application Thread] DEBUG o.e.t.dto.projects.ProjectListCell - creating project list cell
2026-09-27 13:36:48.872 [JavaFX Application Thread] DEBUG o.e.t.dto.projects.ProjectListCell - project list cell loaded successfully
2026-09-27 13:36:48.875 [JavaFX Application Thread] DEBUG o.e.t.dto.projects.ProjectListCell - creating project list cell
2026-09-27 13:36:48.886 [JavaFX Application Thread] DEBUG o.e.t.dto.projects.ProjectListCell - project list cell loaded successfully
2026-09-27 13:36:48.887 [JavaFX Application Thread] DEBUG o.e.t.dto.projects.ProjectListCell - creating project list cell
2026-09-27 13:36:48.896 [JavaFX Application Thread] DEBUG o.e.t.dto.projects.ProjectListCell - project list cell loaded successfully
2026-09-27 13:36:48.898 [JavaFX Application Thread] DEBUG o.e.t.dto.projects.ProjectListCell - creating project list cell
2026-09-27 13:36:48.908 [JavaFX Application Thread] DEBUG o.e.t.dto.projects.ProjectListCell - project list cell loaded successfully
2026-09-27 13:36:48.911 [JavaFX Application Thread] DEBUG o.e.t.dto.projects.ProjectListCell - creating project list cell
2026-09-27 13:36:48.919 [JavaFX Application Thread] DEBUG o.e.t.dto.projects.ProjectListCell - project list cell loaded successfully
2026-09-27 13:36:48.921 [JavaFX Application Thread] DEBUG o.e.t.dto.projects.ProjectListCell - creating project list cell
2026-09-27 13:36:48.934 [JavaFX Application Thread] DEBUG o.e.t.dto.projects.ProjectListCell - project list cell loaded successfully
2026-09-27 13:36:48.954 [JavaFX Application Thread] DEBUG o.e.t.dto.projects.DeadlineListCell - creating deadline list cell
2026-09-27 13:36:48.964 [JavaFX Application Thread] DEBUG o.e.t.dto.projects.DeadlineListCell - deadline list cell loaded successfully
2026-09-27 13:36:48.974 [JavaFX Application Thread] DEBUG o.e.t.dto.projects.DeadlineListCell - creating deadline list cell
2026-09-27 13:36:48.983 [JavaFX Application Thread] DEBUG o.e.t.dto.projects.DeadlineListCell - deadline list cell loaded successfully
2026-09-27 13:36:48.991 [JavaFX Application Thread] DEBUG o.e.t.dto.projects.DeadlineListCell - creating deadline list cell
2026-09-27 13:36:48.999 [JavaFX Application Thread] DEBUG o.e.t.dto.projects.DeadlineListCell - deadline list cell loaded successfully
2026-09-27 13:36:49.007 [JavaFX Application Thread] DEBUG o.e.t.dto.projects.DeadlineListCell - creating deadline list cell
2026-09-27 13:36:49.016 [JavaFX Application Thread] DEBUG o.e.t.dto.projects.DeadlineListCell - deadline list cell loaded successfully
2026-09-27 13:36:49.024 [JavaFX Application Thread] DEBUG o.e.t.dto.projects.DeadlineListCell - creating deadline list cell
2026-09-27 13:36:49.031 [JavaFX Application Thread] DEBUG o.e.t.dto.projects.DeadlineListCell - deadline list cell loaded successfully
2026-09-27 13:36:49.039 [JavaFX Application Thread] DEBUG o.e.t.dto.projects.DeadlineListCell - creating deadline list cell
2026-09-27 13:36:49.046 [JavaFX Application Thread] DEBUG o.e.t.dto.projects.DeadlineListCell - deadline list cell loaded successfully
2026-09-27 13:36:49.055 [JavaFX Application Thread] DEBUG o.e.t.dto.projects.DeadlineListCell - creating deadline list cell
2026-09-27 13:36:49.062 [JavaFX Application Thread] DEBUG o.e.t.dto.projects.DeadlineListCell - deadline list cell loaded successfully
2026-09-27 13:36:49.068 [JavaFX Application Thread] DEBUG o.e.t.dto.projects.DeadlineListCell - creating deadline list cell
2026-09-27 13:36:49.074 [JavaFX Application Thread] DEBUG o.e.t.dto.projects.DeadlineListCell - deadline list cell loaded successfully
2026-09-27 13:36:50.710 [JavaFX Application Thread] DEBUG o.e.t.dto.projects.DeadlineListCell - creating deadline list cell
2026-09-27 13:36:50.718 [JavaFX Application Thread] DEBUG o.e.t.dto.projects.DeadlineListCell - deadline list cell loaded successfully
2026-09-27 13:39:05.625 [JavaFX-Launcher] INFO  o.e.t.TaskSchedulerApplication - Name: 'Inter 18pt Regular'
2026-09-27 13:39:05.628 [JavaFX-Launcher] INFO  o.e.t.TaskSchedulerApplication - Family: 'Inter 18pt'
2026-09-27 13:39:05.628 [JavaFX-Launcher] INFO  o.e.t.TaskSchedulerApplication - Style: 'Regular'
2026-09-27 13:39:05.628 [JavaFX-Launcher] DEBUG o.e.t.TaskSchedulerApplication - Font loaded: /org/example/taskschedulerdesktop/fonts/Inter_18pt-Regular.ttf → 'Inter 18pt'
2026-09-27 13:39:05.648 [JavaFX-Launcher] INFO  o.e.t.TaskSchedulerApplication - Name: 'Inter 18pt Medium'
2026-09-27 13:39:05.649 [JavaFX-Launcher] INFO  o.e.t.TaskSchedulerApplication - Family: 'Inter 18pt Medium'
2026-09-27 13:39:05.649 [JavaFX-Launcher] INFO  o.e.t.TaskSchedulerApplication - Style: 'Regular'
2026-09-27 13:39:05.649 [JavaFX-Launcher] DEBUG o.e.t.TaskSchedulerApplication - Font loaded: /org/example/taskschedulerdesktop/fonts/Inter_18pt-Medium.ttf → 'Inter 18pt Medium'
2026-09-27 13:39:05.670 [JavaFX-Launcher] INFO  o.e.t.TaskSchedulerApplication - Name: 'Inter 18pt SemiBold'
2026-09-27 13:39:05.670 [JavaFX-Launcher] INFO  o.e.t.TaskSchedulerApplication - Family: 'Inter 18pt SemiBold'
2026-09-27 13:39:05.670 [JavaFX-Launcher] INFO  o.e.t.TaskSchedulerApplication - Style: 'Regular'
2026-09-27 13:39:05.670 [JavaFX-Launcher] DEBUG o.e.t.TaskSchedulerApplication - Font loaded: /org/example/taskschedulerdesktop/fonts/Inter_18pt-SemiBold.ttf → 'Inter 18pt SemiBold'
2026-09-27 13:39:05.689 [JavaFX-Launcher] INFO  o.e.t.TaskSchedulerApplication - Name: 'Lora Regular'
2026-09-27 13:39:05.689 [JavaFX-Launcher] INFO  o.e.t.TaskSchedulerApplication - Family: 'Lora'
2026-09-27 13:39:05.689 [JavaFX-Launcher] INFO  o.e.t.TaskSchedulerApplication - Style: 'Regular'
2026-09-27 13:39:05.690 [JavaFX-Launcher] DEBUG o.e.t.TaskSchedulerApplication - Font loaded: /org/example/taskschedulerdesktop/fonts/Lora-Regular.ttf → 'Lora'
2026-09-27 13:39:05.708 [JavaFX-Launcher] INFO  o.e.t.TaskSchedulerApplication - Name: 'JetBrains Mono Regular'
2026-09-27 13:39:05.708 [JavaFX-Launcher] INFO  o.e.t.TaskSchedulerApplication - Family: 'JetBrains Mono'
2026-09-27 13:39:05.708 [JavaFX-Launcher] INFO  o.e.t.TaskSchedulerApplication - Style: 'Regular'
2026-09-27 13:39:05.709 [JavaFX-Launcher] DEBUG o.e.t.TaskSchedulerApplication - Font loaded: /org/example/taskschedulerdesktop/fonts/JetBrainsMono-Regular.ttf → 'JetBrains Mono'
2026-09-27 13:39:06.233 [JavaFX Application Thread] DEBUG o.e.t.database.DatabaseConnection - H2 TCP-server started on the port:9092 successful
2026-09-27 13:39:06.235 [JavaFX Application Thread] DEBUG o.e.t.r.task.H2TaskRepository - createTableIfNotExists()
2026-09-27 13:39:06.255 [JavaFX Application Thread] DEBUG o.e.t.r.task.H2TaskRepository - createIndexes()
2026-09-27 13:39:06.271 [JavaFX Application Thread] DEBUG o.e.t.s.project.ProjectServiceImpl - ProjectServiceImpl created
2026-09-27 13:39:06.275 [JavaFX Application Thread] DEBUG o.e.t.listeners.EventBus - SUBSCRIBE: TaskChangedEvent -> 1487721249
2026-09-27 13:39:06.275 [JavaFX Application Thread] DEBUG o.e.t.s.project.ProjectServiceImpl - Subscribe on TaskChangedEvent completed
2026-09-27 13:39:06.659 [JavaFX Application Thread] DEBUG o.e.t.listeners.EventBus - SUBSCRIBE: PageTitleChangedEvent -> 764124341
2026-09-27 13:39:06.687 [JavaFX Application Thread] DEBUG o.e.t.navigation.NavigationManager - Start async loading page: /org/example/taskschedulerdesktop/view/dashboard.fxml
2026-09-27 13:39:06.849 [Thread-6] DEBUG o.e.t.listeners.EventBus - SUBSCRIBE: TaskChangedEvent -> 2001468794
2026-09-27 13:39:06.854 [Thread-7] DEBUG o.e.t.r.task.H2TaskRepository - findAllViews()
2026-09-27 13:39:06.860 [Thread-6] DEBUG o.e.t.c.review.DashboardController - loadProjects()
2026-09-27 13:39:06.866 [Thread-6] DEBUG o.e.t.c.review.DashboardController - load deadlines
2026-09-27 13:39:06.871 [Thread-11] DEBUG o.e.t.s.project.AsyncProjectService - Found 4 projects
2026-09-27 13:39:06.873 [Thread-8] DEBUG o.e.t.r.task.H2TaskRepository - findUpcomingDeadlines(maxDaysUntilDeadline: 7)
2026-09-27 13:39:06.880 [Thread-7] DEBUG o.e.t.r.task.H2TaskRepository - Found 17 views
2026-09-27 13:39:06.888 [JavaFX Application Thread] DEBUG o.e.t.TaskSchedulerApplication - CSS: /org/example/taskschedulerdesktop/styles/style.css
2026-09-27 13:39:06.890 [JavaFX Application Thread] DEBUG o.e.t.TaskSchedulerApplication - CSS: /org/example/taskschedulerdesktop/styles/base.css
2026-09-27 13:39:06.891 [JavaFX Application Thread] DEBUG o.e.t.TaskSchedulerApplication - CSS: /org/example/taskschedulerdesktop/styles/row_task_table.css
2026-09-27 13:39:06.892 [JavaFX Application Thread] DEBUG o.e.t.TaskSchedulerApplication - CSS: /org/example/taskschedulerdesktop/styles/task_table_view.css
2026-09-27 13:39:06.956 [Thread-6] DEBUG o.e.t.listeners.EventBus - SUBSCRIBE: TaskChangedEvent -> 1208939085
2026-09-27 13:39:06.956 [Thread-9] DEBUG o.e.t.r.task.H2TaskRepository - findAllViews()
2026-09-27 13:39:06.957 [Thread-6] DEBUG o.e.t.c.review.DashboardController - Task table loaded successfully
2026-09-27 13:39:06.960 [Thread-9] DEBUG o.e.t.r.task.H2TaskRepository - Found 17 views
2026-09-27 13:39:07.457 [JavaFX Application Thread] DEBUG o.e.t.c.review.DashboardController - Found 1 tasks, task status: IN_PROGRESS
2026-09-27 13:39:07.460 [JavaFX Application Thread] DEBUG o.e.t.c.review.DashboardController - Found 1 tasks, task status: UNDER_REVIEW
2026-09-27 13:39:07.462 [JavaFX Application Thread] DEBUG o.e.t.c.review.DashboardController - Found 4 tasks, task status: COMPLETED
2026-09-27 13:39:07.480 [JavaFX Application Thread] DEBUG o.e.t.service.task.AsyncTaskService - onSucceeded returned: 17 tasks
2026-09-27 13:39:07.480 [JavaFX Application Thread] DEBUG o.e.t.c.review.DashboardController - Found 17 tasks
2026-09-27 13:39:07.482 [JavaFX Application Thread] DEBUG o.e.t.c.review.DashboardController - observableList size: 12
2026-09-27 13:39:07.482 [JavaFX Application Thread] DEBUG o.e.t.c.review.DashboardController - deadlinesListView size : 12
2026-09-27 13:39:07.489 [JavaFX Application Thread] DEBUG o.e.t.listeners.EventBus - FIRE: PageTitleChangedEvent (subscribers: 1)
2026-09-27 13:39:07.490 [JavaFX Application Thread] DEBUG o.e.t.navigation.NavigationManager - Page displayed successfully: /org/example/taskschedulerdesktop/view/dashboard.fxml
2026-09-27 13:39:07.491 [JavaFX Application Thread] DEBUG o.e.t.service.task.AsyncTaskService - onSucceeded returned: 17 tasks
2026-09-27 13:39:07.491 [JavaFX Application Thread] DEBUG o.e.t.c.tasks.TaskTableController - onSuccess: received 17 tasks
2026-09-27 13:39:07.491 [JavaFX Application Thread] DEBUG o.e.t.c.tasks.TaskTableController - onSuccess: first task: Настроить интеграцию с 1C
2026-09-27 13:39:07.492 [JavaFX Application Thread] DEBUG o.e.t.c.tasks.TaskTableController - Table has: 17 tasks
2026-09-27 13:39:07.639 [JavaFX Application Thread] DEBUG o.e.t.dto.projects.ProjectListCell - creating project list cell
2026-09-27 13:39:07.661 [JavaFX Application Thread] DEBUG o.e.t.dto.projects.ProjectListCell - project list cell loaded successfully
2026-09-27 13:39:07.826 [JavaFX Application Thread] DEBUG o.e.t.dto.projects.DeadlineListCell - creating deadline list cell
2026-09-27 13:39:07.837 [JavaFX Application Thread] DEBUG o.e.t.dto.projects.DeadlineListCell - deadline list cell loaded successfully
2026-09-27 13:39:08.032 [JavaFX Application Thread] DEBUG o.e.t.dto.projects.ProjectListCell - creating project list cell
2026-09-27 13:39:08.045 [JavaFX Application Thread] DEBUG o.e.t.dto.projects.ProjectListCell - project list cell loaded successfully
2026-09-27 13:39:08.057 [JavaFX Application Thread] DEBUG o.e.t.dto.projects.ProjectListCell - creating project list cell
2026-09-27 13:39:08.067 [JavaFX Application Thread] DEBUG o.e.t.dto.projects.ProjectListCell - project list cell loaded successfully
2026-09-27 13:39:08.079 [JavaFX Application Thread] DEBUG o.e.t.dto.projects.ProjectListCell - creating project list cell
2026-09-27 13:39:08.089 [JavaFX Application Thread] DEBUG o.e.t.dto.projects.ProjectListCell - project list cell loaded successfully
2026-09-27 13:39:08.099 [JavaFX Application Thread] DEBUG o.e.t.dto.projects.ProjectListCell - creating project list cell
2026-09-27 13:39:08.112 [JavaFX Application Thread] DEBUG o.e.t.dto.projects.ProjectListCell - project list cell loaded successfully
2026-09-27 13:39:08.121 [JavaFX Application Thread] DEBUG o.e.t.dto.projects.ProjectListCell - creating project list cell
2026-09-27 13:39:08.131 [JavaFX Application Thread] DEBUG o.e.t.dto.projects.ProjectListCell - project list cell loaded successfully
2026-09-27 13:39:08.133 [JavaFX Application Thread] DEBUG o.e.t.dto.projects.ProjectListCell - creating project list cell
2026-09-27 13:39:08.146 [JavaFX Application Thread] DEBUG o.e.t.dto.projects.ProjectListCell - project list cell loaded successfully
2026-09-27 13:39:08.147 [JavaFX Application Thread] DEBUG o.e.t.dto.projects.ProjectListCell - creating project list cell
2026-09-27 13:39:08.158 [JavaFX Application Thread] DEBUG o.e.t.dto.projects.ProjectListCell - project list cell loaded successfully
2026-09-27 13:39:08.159 [JavaFX Application Thread] DEBUG o.e.t.dto.projects.ProjectListCell - creating project list cell
2026-09-27 13:39:08.169 [JavaFX Application Thread] DEBUG o.e.t.dto.projects.ProjectListCell - project list cell loaded successfully
2026-09-27 13:39:08.170 [JavaFX Application Thread] DEBUG o.e.t.dto.projects.ProjectListCell - creating project list cell
2026-09-27 13:39:08.181 [JavaFX Application Thread] DEBUG o.e.t.dto.projects.ProjectListCell - project list cell loaded successfully
2026-09-27 13:39:08.183 [JavaFX Application Thread] DEBUG o.e.t.dto.projects.ProjectListCell - creating project list cell
2026-09-27 13:39:08.195 [JavaFX Application Thread] DEBUG o.e.t.dto.projects.ProjectListCell - project list cell loaded successfully
2026-09-27 13:39:08.197 [JavaFX Application Thread] DEBUG o.e.t.dto.projects.ProjectListCell - creating project list cell
2026-09-27 13:39:08.208 [JavaFX Application Thread] DEBUG o.e.t.dto.projects.ProjectListCell - project list cell loaded successfully
2026-09-27 13:39:08.210 [JavaFX Application Thread] DEBUG o.e.t.dto.projects.ProjectListCell - creating project list cell
2026-09-27 13:39:08.221 [JavaFX Application Thread] DEBUG o.e.t.dto.projects.ProjectListCell - project list cell loaded successfully
2026-09-27 13:39:08.223 [JavaFX Application Thread] DEBUG o.e.t.dto.projects.ProjectListCell - creating project list cell
2026-09-27 13:39:08.232 [JavaFX Application Thread] DEBUG o.e.t.dto.projects.ProjectListCell - project list cell loaded successfully
2026-09-27 13:39:08.249 [JavaFX Application Thread] DEBUG o.e.t.dto.projects.DeadlineListCell - creating deadline list cell
2026-09-27 13:39:08.268 [JavaFX Application Thread] DEBUG o.e.t.dto.projects.DeadlineListCell - deadline list cell loaded successfully
2026-09-27 13:39:08.278 [JavaFX Application Thread] DEBUG o.e.t.dto.projects.DeadlineListCell - creating deadline list cell
2026-09-27 13:39:08.285 [JavaFX Application Thread] DEBUG o.e.t.dto.projects.DeadlineListCell - deadline list cell loaded successfully
2026-09-27 13:39:08.293 [JavaFX Application Thread] DEBUG o.e.t.dto.projects.DeadlineListCell - creating deadline list cell
2026-09-27 13:39:08.299 [JavaFX Application Thread] DEBUG o.e.t.dto.projects.DeadlineListCell - deadline list cell loaded successfully
2026-09-27 13:39:08.309 [JavaFX Application Thread] DEBUG o.e.t.dto.projects.DeadlineListCell - creating deadline list cell
2026-09-27 13:39:08.315 [JavaFX Application Thread] DEBUG o.e.t.dto.projects.DeadlineListCell - deadline list cell loaded successfully
2026-09-27 13:39:08.321 [JavaFX Application Thread] DEBUG o.e.t.dto.projects.DeadlineListCell - creating deadline list cell
2026-09-27 13:39:08.328 [JavaFX Application Thread] DEBUG o.e.t.dto.projects.DeadlineListCell - deadline list cell loaded successfully
2026-09-27 13:39:08.334 [JavaFX Application Thread] DEBUG o.e.t.dto.projects.DeadlineListCell - creating deadline list cell
2026-09-27 13:39:08.343 [JavaFX Application Thread] DEBUG o.e.t.dto.projects.DeadlineListCell - deadline list cell loaded successfully
2026-09-27 13:39:08.348 [JavaFX Application Thread] DEBUG o.e.t.dto.projects.DeadlineListCell - creating deadline list cell
2026-09-27 13:39:08.353 [JavaFX Application Thread] DEBUG o.e.t.dto.projects.DeadlineListCell - deadline list cell loaded successfully
2026-09-27 13:39:08.360 [JavaFX Application Thread] DEBUG o.e.t.dto.projects.DeadlineListCell - creating deadline list cell
2026-09-27 13:39:08.366 [JavaFX Application Thread] DEBUG o.e.t.dto.projects.DeadlineListCell - deadline list cell loaded successfully
2026-09-27 13:39:09.600 [JavaFX Application Thread] DEBUG o.e.t.dto.projects.DeadlineListCell - creating deadline list cell
2026-09-27 13:39:09.610 [JavaFX Application Thread] DEBUG o.e.t.dto.projects.DeadlineListCell - deadline list cell loaded successfully
2026-09-27 13:42:02.997 [JavaFX-Launcher] INFO  o.e.t.TaskSchedulerApplication - Name: 'Inter 18pt Regular'
2026-09-27 13:42:02.999 [JavaFX-Launcher] INFO  o.e.t.TaskSchedulerApplication - Family: 'Inter 18pt'
2026-09-27 13:42:02.999 [JavaFX-Launcher] INFO  o.e.t.TaskSchedulerApplication - Style: 'Regular'
2026-09-27 13:42:02.999 [JavaFX-Launcher] DEBUG o.e.t.TaskSchedulerApplication - Font loaded: /org/example/taskschedulerdesktop/fonts/Inter_18pt-Regular.ttf → 'Inter 18pt'
2026-09-27 13:42:03.019 [JavaFX-Launcher] INFO  o.e.t.TaskSchedulerApplication - Name: 'Inter 18pt Medium'
2026-09-27 13:42:03.020 [JavaFX-Launcher] INFO  o.e.t.TaskSchedulerApplication - Family: 'Inter 18pt Medium'
2026-09-27 13:42:03.020 [JavaFX-Launcher] INFO  o.e.t.TaskSchedulerApplication - Style: 'Regular'
2026-09-27 13:42:03.020 [JavaFX-Launcher] DEBUG o.e.t.TaskSchedulerApplication - Font loaded: /org/example/taskschedulerdesktop/fonts/Inter_18pt-Medium.ttf → 'Inter 18pt Medium'
2026-09-27 13:42:03.039 [JavaFX-Launcher] INFO  o.e.t.TaskSchedulerApplication - Name: 'Inter 18pt SemiBold'
2026-09-27 13:42:03.039 [JavaFX-Launcher] INFO  o.e.t.TaskSchedulerApplication - Family: 'Inter 18pt SemiBold'
2026-09-27 13:42:03.040 [JavaFX-Launcher] INFO  o.e.t.TaskSchedulerApplication - Style: 'Regular'
2026-09-27 13:42:03.040 [JavaFX-Launcher] DEBUG o.e.t.TaskSchedulerApplication - Font loaded: /org/example/taskschedulerdesktop/fonts/Inter_18pt-SemiBold.ttf → 'Inter 18pt SemiBold'
2026-09-27 13:42:03.058 [JavaFX-Launcher] INFO  o.e.t.TaskSchedulerApplication - Name: 'Lora Regular'
2026-09-27 13:42:03.058 [JavaFX-Launcher] INFO  o.e.t.TaskSchedulerApplication - Family: 'Lora'
2026-09-27 13:42:03.058 [JavaFX-Launcher] INFO  o.e.t.TaskSchedulerApplication - Style: 'Regular'
2026-09-27 13:42:03.058 [JavaFX-Launcher] DEBUG o.e.t.TaskSchedulerApplication - Font loaded: /org/example/taskschedulerdesktop/fonts/Lora-Regular.ttf → 'Lora'
2026-09-27 13:42:03.080 [JavaFX-Launcher] INFO  o.e.t.TaskSchedulerApplication - Name: 'JetBrains Mono Regular'
2026-09-27 13:42:03.081 [JavaFX-Launcher] INFO  o.e.t.TaskSchedulerApplication - Family: 'JetBrains Mono'
2026-09-27 13:42:03.081 [JavaFX-Launcher] INFO  o.e.t.TaskSchedulerApplication - Style: 'Regular'
2026-09-27 13:42:03.081 [JavaFX-Launcher] DEBUG o.e.t.TaskSchedulerApplication - Font loaded: /org/example/taskschedulerdesktop/fonts/JetBrainsMono-Regular.ttf → 'JetBrains Mono'
2026-09-27 13:42:03.620 [JavaFX Application Thread] DEBUG o.e.t.database.DatabaseConnection - H2 TCP-server started on the port:9092 successful
2026-09-27 13:42:03.623 [JavaFX Application Thread] DEBUG o.e.t.r.task.H2TaskRepository - createTableIfNotExists()
2026-09-27 13:42:03.646 [JavaFX Application Thread] DEBUG o.e.t.r.task.H2TaskRepository - createIndexes()
2026-09-27 13:42:03.663 [JavaFX Application Thread] DEBUG o.e.t.s.project.ProjectServiceImpl - ProjectServiceImpl created
2026-09-27 13:42:03.666 [JavaFX Application Thread] DEBUG o.e.t.listeners.EventBus - SUBSCRIBE: TaskChangedEvent -> 1487721249
2026-09-27 13:42:03.667 [JavaFX Application Thread] DEBUG o.e.t.s.project.ProjectServiceImpl - Subscribe on TaskChangedEvent completed
2026-09-27 13:42:04.068 [JavaFX Application Thread] DEBUG o.e.t.listeners.EventBus - SUBSCRIBE: PageTitleChangedEvent -> 764124341
2026-09-27 13:42:04.095 [JavaFX Application Thread] DEBUG o.e.t.navigation.NavigationManager - Start async loading page: /org/example/taskschedulerdesktop/view/dashboard.fxml
2026-09-27 13:42:04.266 [JavaFX Application Thread] DEBUG o.e.t.TaskSchedulerApplication - CSS: /org/example/taskschedulerdesktop/styles/style.css
2026-09-27 13:42:04.267 [JavaFX Application Thread] DEBUG o.e.t.TaskSchedulerApplication - CSS: /org/example/taskschedulerdesktop/styles/base.css
2026-09-27 13:42:04.268 [JavaFX Application Thread] DEBUG o.e.t.TaskSchedulerApplication - CSS: /org/example/taskschedulerdesktop/styles/row_task_table.css
2026-09-27 13:42:04.268 [JavaFX Application Thread] DEBUG o.e.t.TaskSchedulerApplication - CSS: /org/example/taskschedulerdesktop/styles/task_table_view.css
2026-09-27 13:42:04.270 [Thread-6] DEBUG o.e.t.listeners.EventBus - SUBSCRIBE: TaskChangedEvent -> 810400438
2026-09-27 13:42:04.273 [Thread-7] DEBUG o.e.t.r.task.H2TaskRepository - findAllViews()
2026-09-27 13:42:04.278 [Thread-6] DEBUG o.e.t.c.review.DashboardController - loadProjects()
2026-09-27 13:42:04.282 [Thread-6] DEBUG o.e.t.c.review.DashboardController - load deadlines
2026-09-27 13:42:04.289 [Thread-11] DEBUG o.e.t.s.project.AsyncProjectService - Found 4 projects
2026-09-27 13:42:04.291 [Thread-8] DEBUG o.e.t.r.task.H2TaskRepository - findUpcomingDeadlines(maxDaysUntilDeadline: 7)
2026-09-27 13:42:04.298 [Thread-7] DEBUG o.e.t.r.task.H2TaskRepository - Found 17 views
2026-09-27 13:42:04.360 [Thread-6] DEBUG o.e.t.listeners.EventBus - SUBSCRIBE: TaskChangedEvent -> 1846420979
2026-09-27 13:42:04.360 [Thread-9] DEBUG o.e.t.r.task.H2TaskRepository - findAllViews()
2026-09-27 13:42:04.361 [Thread-6] DEBUG o.e.t.c.review.DashboardController - Task table loaded successfully
2026-09-27 13:42:04.365 [Thread-9] DEBUG o.e.t.r.task.H2TaskRepository - Found 17 views
2026-09-27 13:42:04.848 [JavaFX Application Thread] DEBUG o.e.t.c.review.DashboardController - Found 1 tasks, task status: IN_PROGRESS
2026-09-27 13:42:04.850 [JavaFX Application Thread] DEBUG o.e.t.c.review.DashboardController - Found 1 tasks, task status: UNDER_REVIEW
2026-09-27 13:42:04.851 [JavaFX Application Thread] DEBUG o.e.t.c.review.DashboardController - Found 4 tasks, task status: COMPLETED
2026-09-27 13:42:04.853 [JavaFX Application Thread] DEBUG o.e.t.service.task.AsyncTaskService - onSucceeded returned: 17 tasks
2026-09-27 13:42:04.854 [JavaFX Application Thread] DEBUG o.e.t.c.review.DashboardController - Found 17 tasks
2026-09-27 13:42:04.855 [JavaFX Application Thread] DEBUG o.e.t.c.review.DashboardController - observableList size: 12
2026-09-27 13:42:04.856 [JavaFX Application Thread] DEBUG o.e.t.c.review.DashboardController - deadlinesListView size : 12
2026-09-27 13:42:04.862 [JavaFX Application Thread] DEBUG o.e.t.listeners.EventBus - FIRE: PageTitleChangedEvent (subscribers: 1)
2026-09-27 13:42:04.863 [JavaFX Application Thread] DEBUG o.e.t.navigation.NavigationManager - Page displayed successfully: /org/example/taskschedulerdesktop/view/dashboard.fxml
2026-09-27 13:42:04.864 [JavaFX Application Thread] DEBUG o.e.t.service.task.AsyncTaskService - onSucceeded returned: 17 tasks
2026-09-27 13:42:04.864 [JavaFX Application Thread] DEBUG o.e.t.c.tasks.TaskTableController - onSuccess: received 17 tasks
2026-09-27 13:42:04.864 [JavaFX Application Thread] DEBUG o.e.t.c.tasks.TaskTableController - onSuccess: first task: Настроить интеграцию с 1C
2026-09-27 13:42:04.864 [JavaFX Application Thread] DEBUG o.e.t.c.tasks.TaskTableController - Table has: 17 tasks
2026-09-27 13:42:05.043 [JavaFX Application Thread] DEBUG o.e.t.dto.projects.ProjectListCell - creating project list cell
2026-09-27 13:42:05.068 [JavaFX Application Thread] DEBUG o.e.t.dto.projects.ProjectListCell - project list cell loaded successfully
2026-09-27 13:42:05.234 [JavaFX Application Thread] DEBUG o.e.t.dto.projects.DeadlineListCell - creating deadline list cell
2026-09-27 13:42:05.245 [JavaFX Application Thread] DEBUG o.e.t.dto.projects.DeadlineListCell - deadline list cell loaded successfully
2026-09-27 13:42:05.451 [JavaFX Application Thread] DEBUG o.e.t.dto.projects.ProjectListCell - creating project list cell
2026-09-27 13:42:05.464 [JavaFX Application Thread] DEBUG o.e.t.dto.projects.ProjectListCell - project list cell loaded successfully
2026-09-27 13:42:05.477 [JavaFX Application Thread] DEBUG o.e.t.dto.projects.ProjectListCell - creating project list cell
2026-09-27 13:42:05.489 [JavaFX Application Thread] DEBUG o.e.t.dto.projects.ProjectListCell - project list cell loaded successfully
2026-09-27 13:42:05.498 [JavaFX Application Thread] DEBUG o.e.t.dto.projects.ProjectListCell - creating project list cell
2026-09-27 13:42:05.508 [JavaFX Application Thread] DEBUG o.e.t.dto.projects.ProjectListCell - project list cell loaded successfully
2026-09-27 13:42:05.518 [JavaFX Application Thread] DEBUG o.e.t.dto.projects.ProjectListCell - creating project list cell
2026-09-27 13:42:05.530 [JavaFX Application Thread] DEBUG o.e.t.dto.projects.ProjectListCell - project list cell loaded successfully
2026-09-27 13:42:05.537 [JavaFX Application Thread] DEBUG o.e.t.dto.projects.ProjectListCell - creating project list cell
2026-09-27 13:42:05.549 [JavaFX Application Thread] DEBUG o.e.t.dto.projects.ProjectListCell - project list cell loaded successfully
2026-09-27 13:42:05.552 [JavaFX Application Thread] DEBUG o.e.t.dto.projects.ProjectListCell - creating project list cell
2026-09-27 13:42:05.564 [JavaFX Application Thread] DEBUG o.e.t.dto.projects.ProjectListCell - project list cell loaded successfully
2026-09-27 13:42:05.566 [JavaFX Application Thread] DEBUG o.e.t.dto.projects.ProjectListCell - creating project list cell
2026-09-27 13:42:05.577 [JavaFX Application Thread] DEBUG o.e.t.dto.projects.ProjectListCell - project list cell loaded successfully
2026-09-27 13:42:05.578 [JavaFX Application Thread] DEBUG o.e.t.dto.projects.ProjectListCell - creating project list cell
2026-09-27 13:42:05.589 [JavaFX Application Thread] DEBUG o.e.t.dto.projects.ProjectListCell - project list cell loaded successfully
2026-09-27 13:42:05.591 [JavaFX Application Thread] DEBUG o.e.t.dto.projects.ProjectListCell - creating project list cell
2026-09-27 13:42:05.602 [JavaFX Application Thread] DEBUG o.e.t.dto.projects.ProjectListCell - project list cell loaded successfully
2026-09-27 13:42:05.604 [JavaFX Application Thread] DEBUG o.e.t.dto.projects.ProjectListCell - creating project list cell
2026-09-27 13:42:05.616 [JavaFX Application Thread] DEBUG o.e.t.dto.projects.ProjectListCell - project list cell loaded successfully
2026-09-27 13:42:05.618 [JavaFX Application Thread] DEBUG o.e.t.dto.projects.ProjectListCell - creating project list cell
2026-09-27 13:42:05.629 [JavaFX Application Thread] DEBUG o.e.t.dto.projects.ProjectListCell - project list cell loaded successfully
2026-09-27 13:42:05.631 [JavaFX Application Thread] DEBUG o.e.t.dto.projects.ProjectListCell - creating project list cell
2026-09-27 13:42:05.640 [JavaFX Application Thread] DEBUG o.e.t.dto.projects.ProjectListCell - project list cell loaded successfully
2026-09-27 13:42:05.642 [JavaFX Application Thread] DEBUG o.e.t.dto.projects.ProjectListCell - creating project list cell
2026-09-27 13:42:05.652 [JavaFX Application Thread] DEBUG o.e.t.dto.projects.ProjectListCell - project list cell loaded successfully
2026-09-27 13:42:05.682 [JavaFX Application Thread] DEBUG o.e.t.dto.projects.DeadlineListCell - creating deadline list cell
2026-09-27 13:42:05.691 [JavaFX Application Thread] DEBUG o.e.t.dto.projects.DeadlineListCell - deadline list cell loaded successfully
2026-09-27 13:42:05.701 [JavaFX Application Thread] DEBUG o.e.t.dto.projects.DeadlineListCell - creating deadline list cell
2026-09-27 13:42:05.709 [JavaFX Application Thread] DEBUG o.e.t.dto.projects.DeadlineListCell - deadline list cell loaded successfully
2026-09-27 13:42:05.719 [JavaFX Application Thread] DEBUG o.e.t.dto.projects.DeadlineListCell - creating deadline list cell
2026-09-27 13:42:05.727 [JavaFX Application Thread] DEBUG o.e.t.dto.projects.DeadlineListCell - deadline list cell loaded successfully
2026-09-27 13:42:05.735 [JavaFX Application Thread] DEBUG o.e.t.dto.projects.DeadlineListCell - creating deadline list cell
2026-09-27 13:42:05.743 [JavaFX Application Thread] DEBUG o.e.t.dto.projects.DeadlineListCell - deadline list cell loaded successfully
2026-09-27 13:42:05.751 [JavaFX Application Thread] DEBUG o.e.t.dto.projects.DeadlineListCell - creating deadline list cell
2026-09-27 13:42:05.758 [JavaFX Application Thread] DEBUG o.e.t.dto.projects.DeadlineListCell - deadline list cell loaded successfully
2026-09-27 13:42:05.764 [JavaFX Application Thread] DEBUG o.e.t.dto.projects.DeadlineListCell - creating deadline list cell
2026-09-27 13:42:05.769 [JavaFX Application Thread] DEBUG o.e.t.dto.projects.DeadlineListCell - deadline list cell loaded successfully
2026-09-27 13:42:05.776 [JavaFX Application Thread] DEBUG o.e.t.dto.projects.DeadlineListCell - creating deadline list cell
2026-09-27 13:42:05.783 [JavaFX Application Thread] DEBUG o.e.t.dto.projects.DeadlineListCell - deadline list cell loaded successfully
2026-09-27 13:42:05.789 [JavaFX Application Thread] DEBUG o.e.t.dto.projects.DeadlineListCell - creating deadline list cell
2026-09-27 13:42:05.794 [JavaFX Application Thread] DEBUG o.e.t.dto.projects.DeadlineListCell - deadline list cell loaded successfully
2026-09-27 13:42:09.180 [JavaFX Application Thread] DEBUG o.e.t.dto.projects.DeadlineListCell - creating deadline list cell
2026-09-27 13:42:09.188 [JavaFX Application Thread] DEBUG o.e.t.dto.projects.DeadlineListCell - deadline list cell loaded successfully
2026-09-27 13:43:40.191 [JavaFX Application Thread] DEBUG o.e.t.navigation.NavigationManager - Start async loading page: /org/example/taskschedulerdesktop/view/projects.fxml
2026-09-27 13:43:40.357 [Thread-12] DEBUG o.e.t.listeners.EventBus - SUBSCRIBE: ProjectChangedEvent -> 503942959
2026-09-27 13:43:40.362 [Thread-13] DEBUG o.e.t.s.project.AsyncProjectService - createProjectLoader()
2026-09-27 13:43:40.366 [JavaFX Application Thread] DEBUG o.e.t.listeners.EventBus - FIRE: PageTitleChangedEvent (subscribers: 1)
2026-09-27 13:43:40.367 [JavaFX Application Thread] DEBUG o.e.t.navigation.NavigationManager - Page displayed successfully: /org/example/taskschedulerdesktop/view/projects.fxml
2026-09-27 13:43:40.367 [Thread-13] DEBUG o.e.t.s.project.AsyncProjectService - Project: org.example.taskschedulerdesktop.models.Project@7ed32278, number of tasks = 3
2026-09-27 13:43:40.368 [Thread-13] DEBUG o.e.t.s.project.ProjectCardService - createCard(org.example.taskschedulerdesktop.models.Project@7ed32278)
2026-09-27 13:43:40.504 [Thread-13] DEBUG o.e.t.c.p.ProjectCardController - ProjectCardController.initialize(), hashCode = 373272066
2026-09-27 13:43:40.504 [Thread-13] DEBUG o.e.t.c.p.ProjectCardController - context = null
2026-09-27 13:43:40.505 [Thread-13] DEBUG o.e.t.c.p.ProjectCardController - ProjectCardController.setContext: org.example.taskschedulerdesktop.models.Project@7ed32278, hashCode = 373272066
2026-09-27 13:43:40.505 [Thread-13] DEBUG o.e.t.c.p.ProjectCardController - class = org.example.taskschedulerdesktop.models.Project
2026-09-27 13:43:40.506 [Thread-13] DEBUG o.e.t.listeners.EventBus - SUBSCRIBE: TaskChangedEvent -> 1276867620
2026-09-27 13:43:40.507 [Thread-13] DEBUG o.e.t.s.project.ProjectCardService - createCard(org.example.taskschedulerdesktop.models.Project@16f1a8d8)
2026-09-27 13:43:40.516 [Thread-13] DEBUG o.e.t.c.p.ProjectCardController - ProjectCardController.initialize(), hashCode = 1182052688
2026-09-27 13:43:40.518 [Thread-13] DEBUG o.e.t.c.p.ProjectCardController - context = null
2026-09-27 13:43:40.518 [Thread-13] DEBUG o.e.t.c.p.ProjectCardController - ProjectCardController.setContext: org.example.taskschedulerdesktop.models.Project@16f1a8d8, hashCode = 1182052688
2026-09-27 13:43:40.518 [Thread-13] DEBUG o.e.t.c.p.ProjectCardController - class = org.example.taskschedulerdesktop.models.Project
2026-09-27 13:43:40.518 [Thread-13] DEBUG o.e.t.listeners.EventBus - SUBSCRIBE: TaskChangedEvent -> 832911780
2026-09-27 13:43:40.518 [Thread-13] DEBUG o.e.t.s.project.ProjectCardService - createCard(org.example.taskschedulerdesktop.models.Project@55a54df9)
2026-09-27 13:43:40.532 [Thread-13] DEBUG o.e.t.c.p.ProjectCardController - ProjectCardController.initialize(), hashCode = 68955712
2026-09-27 13:43:40.532 [Thread-13] DEBUG o.e.t.c.p.ProjectCardController - context = null
2026-09-27 13:43:40.532 [Thread-13] DEBUG o.e.t.c.p.ProjectCardController - ProjectCardController.setContext: org.example.taskschedulerdesktop.models.Project@55a54df9, hashCode = 68955712
2026-09-27 13:43:40.532 [Thread-13] DEBUG o.e.t.c.p.ProjectCardController - class = org.example.taskschedulerdesktop.models.Project
2026-09-27 13:43:40.533 [Thread-13] DEBUG o.e.t.listeners.EventBus - SUBSCRIBE: TaskChangedEvent -> 281330277
2026-09-27 13:43:40.533 [Thread-13] DEBUG o.e.t.s.project.ProjectCardService - createCard(org.example.taskschedulerdesktop.models.Project@2cf2d59e)
2026-09-27 13:43:40.559 [Thread-13] DEBUG o.e.t.c.p.ProjectCardController - ProjectCardController.initialize(), hashCode = 1407611985
2026-09-27 13:43:40.560 [Thread-13] DEBUG o.e.t.c.p.ProjectCardController - context = null
2026-09-27 13:43:40.560 [Thread-13] DEBUG o.e.t.c.p.ProjectCardController - ProjectCardController.setContext: org.example.taskschedulerdesktop.models.Project@2cf2d59e, hashCode = 1407611985
2026-09-27 13:43:40.560 [Thread-13] DEBUG o.e.t.c.p.ProjectCardController - class = org.example.taskschedulerdesktop.models.Project
2026-09-27 13:43:40.560 [Thread-13] DEBUG o.e.t.listeners.EventBus - SUBSCRIBE: TaskChangedEvent -> 1011919045
2026-09-27 13:43:40.631 [JavaFX Application Thread] DEBUG o.e.t.navigation.NavigationManager - Start async loading page: /org/example/taskschedulerdesktop/view/team.fxml
2026-09-27 13:43:40.829 [JavaFX Application Thread] DEBUG o.e.t.listeners.EventBus - FIRE: PageTitleChangedEvent (subscribers: 1)
2026-09-27 13:43:40.830 [JavaFX Application Thread] DEBUG o.e.t.navigation.NavigationManager - Page displayed successfully: /org/example/taskschedulerdesktop/view/team.fxml
2026-09-27 13:43:42.901 [JavaFX Application Thread] DEBUG o.e.t.navigation.NavigationManager - Start async loading page: /org/example/taskschedulerdesktop/view/projects.fxml
2026-09-27 13:43:42.910 [Thread-12] DEBUG o.e.t.listeners.EventBus - SUBSCRIBE: ProjectChangedEvent -> 581748189
2026-09-27 13:43:42.912 [Thread-14] DEBUG o.e.t.s.project.AsyncProjectService - createProjectLoader()
2026-09-27 13:43:42.913 [JavaFX Application Thread] DEBUG o.e.t.listeners.EventBus - FIRE: PageTitleChangedEvent (subscribers: 1)
2026-09-27 13:43:42.913 [JavaFX Application Thread] DEBUG o.e.t.navigation.NavigationManager - Page displayed successfully: /org/example/taskschedulerdesktop/view/projects.fxml
2026-09-27 13:43:42.914 [Thread-14] DEBUG o.e.t.s.project.AsyncProjectService - Project: org.example.taskschedulerdesktop.models.Project@65d7c4e4, number of tasks = 3
2026-09-27 13:43:42.914 [Thread-14] DEBUG o.e.t.s.project.ProjectCardService - createCard(org.example.taskschedulerdesktop.models.Project@65d7c4e4)
2026-09-27 13:43:42.929 [Thread-14] DEBUG o.e.t.c.p.ProjectCardController - ProjectCardController.initialize(), hashCode = 458049349
2026-09-27 13:43:42.929 [Thread-14] DEBUG o.e.t.c.p.ProjectCardController - context = null
2026-09-27 13:43:42.930 [Thread-14] DEBUG o.e.t.c.p.ProjectCardController - ProjectCardController.setContext: org.example.taskschedulerdesktop.models.Project@65d7c4e4, hashCode = 458049349
2026-09-27 13:43:42.930 [Thread-14] DEBUG o.e.t.c.p.ProjectCardController - class = org.example.taskschedulerdesktop.models.Project
2026-09-27 13:43:42.930 [Thread-14] DEBUG o.e.t.listeners.EventBus - SUBSCRIBE: TaskChangedEvent -> 1610385951
2026-09-27 13:43:42.930 [Thread-14] DEBUG o.e.t.s.project.ProjectCardService - createCard(org.example.taskschedulerdesktop.models.Project@171436cc)
2026-09-27 13:43:42.949 [Thread-14] DEBUG o.e.t.c.p.ProjectCardController - ProjectCardController.initialize(), hashCode = 1010554536
2026-09-27 13:43:42.949 [Thread-14] DEBUG o.e.t.c.p.ProjectCardController - context = null
2026-09-27 13:43:42.949 [Thread-14] DEBUG o.e.t.c.p.ProjectCardController - ProjectCardController.setContext: org.example.taskschedulerdesktop.models.Project@171436cc, hashCode = 1010554536
2026-09-27 13:43:42.949 [Thread-14] DEBUG o.e.t.c.p.ProjectCardController - class = org.example.taskschedulerdesktop.models.Project
2026-09-27 13:43:42.949 [Thread-14] DEBUG o.e.t.listeners.EventBus - SUBSCRIBE: TaskChangedEvent -> 2036403187
2026-09-27 13:43:42.949 [Thread-14] DEBUG o.e.t.s.project.ProjectCardService - createCard(org.example.taskschedulerdesktop.models.Project@53f0ed13)
2026-09-27 13:43:42.964 [Thread-14] DEBUG o.e.t.c.p.ProjectCardController - ProjectCardController.initialize(), hashCode = 1259175314
2026-09-27 13:43:42.965 [Thread-14] DEBUG o.e.t.c.p.ProjectCardController - context = null
2026-09-27 13:43:42.965 [Thread-14] DEBUG o.e.t.c.p.ProjectCardController - ProjectCardController.setContext: org.example.taskschedulerdesktop.models.Project@53f0ed13, hashCode = 1259175314
2026-09-27 13:43:42.965 [Thread-14] DEBUG o.e.t.c.p.ProjectCardController - class = org.example.taskschedulerdesktop.models.Project
2026-09-27 13:43:42.965 [Thread-14] DEBUG o.e.t.listeners.EventBus - SUBSCRIBE: TaskChangedEvent -> 647619685
2026-09-27 13:43:42.966 [Thread-14] DEBUG o.e.t.s.project.ProjectCardService - createCard(org.example.taskschedulerdesktop.models.Project@24f8c903)
2026-09-27 13:43:42.978 [Thread-14] DEBUG o.e.t.c.p.ProjectCardController - ProjectCardController.initialize(), hashCode = 1157530389
2026-09-27 13:43:42.979 [Thread-14] DEBUG o.e.t.c.p.ProjectCardController - context = null
2026-09-27 13:43:42.979 [Thread-14] DEBUG o.e.t.c.p.ProjectCardController - ProjectCardController.setContext: org.example.taskschedulerdesktop.models.Project@24f8c903, hashCode = 1157530389
2026-09-27 13:43:42.979 [Thread-14] DEBUG o.e.t.c.p.ProjectCardController - class = org.example.taskschedulerdesktop.models.Project
2026-09-27 13:43:42.979 [Thread-14] DEBUG o.e.t.listeners.EventBus - SUBSCRIBE: TaskChangedEvent -> 1069301293
2026-09-27 13:43:43.718 [JavaFX Application Thread] DEBUG o.e.t.navigation.NavigationManager - Start async loading page: /org/example/taskschedulerdesktop/view/dashboard.fxml
2026-09-27 13:43:43.733 [Thread-6] DEBUG o.e.t.listeners.EventBus - SUBSCRIBE: TaskChangedEvent -> 1452016672
2026-09-27 13:43:43.734 [Thread-10] DEBUG o.e.t.r.task.H2TaskRepository - findAllViews()
2026-09-27 13:43:43.734 [Thread-6] DEBUG o.e.t.c.review.DashboardController - loadProjects()
2026-09-27 13:43:43.735 [Thread-6] DEBUG o.e.t.c.review.DashboardController - load deadlines
2026-09-27 13:43:43.735 [Thread-8] DEBUG o.e.t.r.task.H2TaskRepository - findUpcomingDeadlines(maxDaysUntilDeadline: 7)
2026-09-27 13:43:43.737 [JavaFX Application Thread] DEBUG o.e.t.c.review.DashboardController - Found 1 tasks, task status: UNDER_REVIEW
2026-09-27 13:43:43.737 [JavaFX Application Thread] DEBUG o.e.t.c.review.DashboardController - Found 1 tasks, task status: IN_PROGRESS
2026-09-27 13:43:43.738 [JavaFX Application Thread] DEBUG o.e.t.c.review.DashboardController - Found 4 tasks, task status: COMPLETED
2026-09-27 13:43:43.739 [Thread-10] DEBUG o.e.t.r.task.H2TaskRepository - Found 17 views
2026-09-27 13:43:43.740 [JavaFX Application Thread] DEBUG o.e.t.c.review.DashboardController - observableList size: 12
2026-09-27 13:43:43.741 [JavaFX Application Thread] DEBUG o.e.t.c.review.DashboardController - deadlinesListView size : 12
2026-09-27 13:43:43.743 [JavaFX Application Thread] DEBUG o.e.t.service.task.AsyncTaskService - onSucceeded returned: 17 tasks
2026-09-27 13:43:43.743 [JavaFX Application Thread] DEBUG o.e.t.c.review.DashboardController - Found 17 tasks
2026-09-27 13:43:43.745 [Thread-7] DEBUG o.e.t.r.task.H2TaskRepository - findAllViews()
2026-09-27 13:43:43.745 [Thread-6] DEBUG o.e.t.listeners.EventBus - SUBSCRIBE: TaskChangedEvent -> 1654114227
2026-09-27 13:43:43.746 [Thread-6] DEBUG o.e.t.c.review.DashboardController - Task table loaded successfully
2026-09-27 13:43:43.748 [JavaFX Application Thread] DEBUG o.e.t.listeners.EventBus - FIRE: PageTitleChangedEvent (subscribers: 1)
2026-09-27 13:43:43.748 [Thread-15] DEBUG o.e.t.s.project.AsyncProjectService - Found 4 projects
2026-09-27 13:43:43.748 [JavaFX Application Thread] DEBUG o.e.t.navigation.NavigationManager - Page displayed successfully: /org/example/taskschedulerdesktop/view/dashboard.fxml
2026-09-27 13:43:43.750 [Thread-7] DEBUG o.e.t.r.task.H2TaskRepository - Found 17 views
2026-09-27 13:43:43.762 [JavaFX Application Thread] DEBUG o.e.t.dto.projects.ProjectListCell - creating project list cell
2026-09-27 13:43:43.770 [JavaFX Application Thread] DEBUG o.e.t.dto.projects.ProjectListCell - project list cell loaded successfully
2026-09-27 13:43:43.784 [JavaFX Application Thread] DEBUG o.e.t.dto.projects.DeadlineListCell - creating deadline list cell
2026-09-27 13:43:43.791 [JavaFX Application Thread] DEBUG o.e.t.dto.projects.DeadlineListCell - deadline list cell loaded successfully
2026-09-27 13:43:43.820 [JavaFX Application Thread] DEBUG o.e.t.dto.projects.ProjectListCell - creating project list cell
2026-09-27 13:43:43.829 [JavaFX Application Thread] DEBUG o.e.t.dto.projects.ProjectListCell - project list cell loaded successfully
2026-09-27 13:43:43.834 [JavaFX Application Thread] DEBUG o.e.t.dto.projects.ProjectListCell - creating project list cell
2026-09-27 13:43:43.843 [JavaFX Application Thread] DEBUG o.e.t.dto.projects.ProjectListCell - project list cell loaded successfully
2026-09-27 13:43:43.848 [JavaFX Application Thread] DEBUG o.e.t.dto.projects.ProjectListCell - creating project list cell
2026-09-27 13:43:43.856 [JavaFX Application Thread] DEBUG o.e.t.dto.projects.ProjectListCell - project list cell loaded successfully
2026-09-27 13:43:43.861 [JavaFX Application Thread] DEBUG o.e.t.dto.projects.ProjectListCell - creating project list cell
2026-09-27 13:43:43.868 [JavaFX Application Thread] DEBUG o.e.t.dto.projects.ProjectListCell - project list cell loaded successfully
2026-09-27 13:43:43.872 [JavaFX Application Thread] DEBUG o.e.t.dto.projects.ProjectListCell - creating project list cell
2026-09-27 13:43:43.879 [JavaFX Application Thread] DEBUG o.e.t.dto.projects.ProjectListCell - project list cell loaded successfully
2026-09-27 13:43:43.881 [JavaFX Application Thread] DEBUG o.e.t.dto.projects.ProjectListCell - creating project list cell
2026-09-27 13:43:43.889 [JavaFX Application Thread] DEBUG o.e.t.dto.projects.ProjectListCell - project list cell loaded successfully
2026-09-27 13:43:43.890 [JavaFX Application Thread] DEBUG o.e.t.dto.projects.ProjectListCell - creating project list cell
2026-09-27 13:43:43.898 [JavaFX Application Thread] DEBUG o.e.t.dto.projects.ProjectListCell - project list cell loaded successfully
2026-09-27 13:43:43.899 [JavaFX Application Thread] DEBUG o.e.t.dto.projects.ProjectListCell - creating project list cell
2026-09-27 13:43:43.906 [JavaFX Application Thread] DEBUG o.e.t.dto.projects.ProjectListCell - project list cell loaded successfully
2026-09-27 13:43:43.907 [JavaFX Application Thread] DEBUG o.e.t.dto.projects.ProjectListCell - creating project list cell
2026-09-27 13:43:43.915 [JavaFX Application Thread] DEBUG o.e.t.dto.projects.ProjectListCell - project list cell loaded successfully
2026-09-27 13:43:43.916 [JavaFX Application Thread] DEBUG o.e.t.dto.projects.ProjectListCell - creating project list cell
2026-09-27 13:43:43.923 [JavaFX Application Thread] DEBUG o.e.t.dto.projects.ProjectListCell - project list cell loaded successfully
2026-09-27 13:43:43.925 [JavaFX Application Thread] DEBUG o.e.t.dto.projects.ProjectListCell - creating project list cell
2026-09-27 13:43:43.934 [JavaFX Application Thread] DEBUG o.e.t.dto.projects.ProjectListCell - project list cell loaded successfully
2026-09-27 13:43:43.936 [JavaFX Application Thread] DEBUG o.e.t.dto.projects.ProjectListCell - creating project list cell
2026-09-27 13:43:43.945 [JavaFX Application Thread] DEBUG o.e.t.dto.projects.ProjectListCell - project list cell loaded successfully
2026-09-27 13:43:43.947 [JavaFX Application Thread] DEBUG o.e.t.dto.projects.ProjectListCell - creating project list cell
2026-09-27 13:43:43.957 [JavaFX Application Thread] DEBUG o.e.t.dto.projects.ProjectListCell - project list cell loaded successfully
2026-09-27 13:43:43.967 [JavaFX Application Thread] DEBUG o.e.t.dto.projects.DeadlineListCell - creating deadline list cell
2026-09-27 13:43:43.993 [JavaFX Application Thread] DEBUG o.e.t.dto.projects.DeadlineListCell - deadline list cell loaded successfully
2026-09-27 13:43:44.002 [JavaFX Application Thread] DEBUG o.e.t.dto.projects.DeadlineListCell - creating deadline list cell
2026-09-27 13:43:44.010 [JavaFX Application Thread] DEBUG o.e.t.dto.projects.DeadlineListCell - deadline list cell loaded successfully
2026-09-27 13:43:44.017 [JavaFX Application Thread] DEBUG o.e.t.dto.projects.DeadlineListCell - creating deadline list cell
2026-09-27 13:43:44.040 [JavaFX Application Thread] DEBUG o.e.t.dto.projects.DeadlineListCell - deadline list cell loaded successfully
2026-09-27 13:43:44.047 [JavaFX Application Thread] DEBUG o.e.t.dto.projects.DeadlineListCell - creating deadline list cell
2026-09-27 13:43:44.053 [JavaFX Application Thread] DEBUG o.e.t.dto.projects.DeadlineListCell - deadline list cell loaded successfully
2026-09-27 13:43:44.057 [JavaFX Application Thread] DEBUG o.e.t.dto.projects.DeadlineListCell - creating deadline list cell
2026-09-27 13:43:44.061 [JavaFX Application Thread] DEBUG o.e.t.dto.projects.DeadlineListCell - deadline list cell loaded successfully
2026-09-27 13:43:44.065 [JavaFX Application Thread] DEBUG o.e.t.dto.projects.DeadlineListCell - creating deadline list cell
2026-09-27 13:43:44.071 [JavaFX Application Thread] DEBUG o.e.t.dto.projects.DeadlineListCell - deadline list cell loaded successfully
2026-09-27 13:43:44.074 [JavaFX Application Thread] DEBUG o.e.t.dto.projects.DeadlineListCell - creating deadline list cell
2026-09-27 13:43:44.079 [JavaFX Application Thread] DEBUG o.e.t.dto.projects.DeadlineListCell - deadline list cell loaded successfully
2026-09-27 13:43:44.082 [JavaFX Application Thread] DEBUG o.e.t.dto.projects.DeadlineListCell - creating deadline list cell
2026-09-27 13:43:44.086 [JavaFX Application Thread] DEBUG o.e.t.dto.projects.DeadlineListCell - deadline list cell loaded successfully
2026-09-27 13:43:44.108 [JavaFX Application Thread] DEBUG o.e.t.service.task.AsyncTaskService - onSucceeded returned: 17 tasks
2026-09-27 13:43:44.109 [JavaFX Application Thread] DEBUG o.e.t.c.tasks.TaskTableController - onSuccess: received 17 tasks
2026-09-27 13:43:44.109 [JavaFX Application Thread] DEBUG o.e.t.c.tasks.TaskTableController - onSuccess: first task: Настроить интеграцию с 1C
2026-09-27 13:43:44.109 [JavaFX Application Thread] DEBUG o.e.t.c.tasks.TaskTableController - Table has: 17 tasks
2026-09-27 13:53:13.798 [JavaFX-Launcher] INFO  o.e.t.TaskSchedulerApplication - Name: 'Inter 18pt Regular'
2026-09-27 13:53:13.801 [JavaFX-Launcher] INFO  o.e.t.TaskSchedulerApplication - Family: 'Inter 18pt'
2026-09-27 13:53:13.801 [JavaFX-Launcher] INFO  o.e.t.TaskSchedulerApplication - Style: 'Regular'
2026-09-27 13:53:13.801 [JavaFX-Launcher] DEBUG o.e.t.TaskSchedulerApplication - Font loaded: /org/example/taskschedulerdesktop/fonts/Inter_18pt-Regular.ttf → 'Inter 18pt'
2026-09-27 13:53:13.828 [JavaFX-Launcher] INFO  o.e.t.TaskSchedulerApplication - Name: 'Inter 18pt Medium'
2026-09-27 13:53:13.828 [JavaFX-Launcher] INFO  o.e.t.TaskSchedulerApplication - Family: 'Inter 18pt Medium'
2026-09-27 13:53:13.828 [JavaFX-Launcher] INFO  o.e.t.TaskSchedulerApplication - Style: 'Regular'
2026-09-27 13:53:13.828 [JavaFX-Launcher] DEBUG o.e.t.TaskSchedulerApplication - Font loaded: /org/example/taskschedulerdesktop/fonts/Inter_18pt-Medium.ttf → 'Inter 18pt Medium'
2026-09-27 13:53:13.849 [JavaFX-Launcher] INFO  o.e.t.TaskSchedulerApplication - Name: 'Inter 18pt SemiBold'
2026-09-27 13:53:13.850 [JavaFX-Launcher] INFO  o.e.t.TaskSchedulerApplication - Family: 'Inter 18pt SemiBold'
2026-09-27 13:53:13.850 [JavaFX-Launcher] INFO  o.e.t.TaskSchedulerApplication - Style: 'Regular'
2026-09-27 13:53:13.850 [JavaFX-Launcher] DEBUG o.e.t.TaskSchedulerApplication - Font loaded: /org/example/taskschedulerdesktop/fonts/Inter_18pt-SemiBold.ttf → 'Inter 18pt SemiBold'
2026-09-27 13:53:13.871 [JavaFX-Launcher] INFO  o.e.t.TaskSchedulerApplication - Name: 'Lora Regular'
2026-09-27 13:53:13.872 [JavaFX-Launcher] INFO  o.e.t.TaskSchedulerApplication - Family: 'Lora'
2026-09-27 13:53:13.872 [JavaFX-Launcher] INFO  o.e.t.TaskSchedulerApplication - Style: 'Regular'
2026-09-27 13:53:13.872 [JavaFX-Launcher] DEBUG o.e.t.TaskSchedulerApplication - Font loaded: /org/example/taskschedulerdesktop/fonts/Lora-Regular.ttf → 'Lora'
2026-09-27 13:53:13.889 [JavaFX-Launcher] INFO  o.e.t.TaskSchedulerApplication - Name: 'JetBrains Mono Regular'
2026-09-27 13:53:13.889 [JavaFX-Launcher] INFO  o.e.t.TaskSchedulerApplication - Family: 'JetBrains Mono'
2026-09-27 13:53:13.890 [JavaFX-Launcher] INFO  o.e.t.TaskSchedulerApplication - Style: 'Regular'
2026-09-27 13:53:13.890 [JavaFX-Launcher] DEBUG o.e.t.TaskSchedulerApplication - Font loaded: /org/example/taskschedulerdesktop/fonts/JetBrainsMono-Regular.ttf → 'JetBrains Mono'
2026-09-27 13:53:14.483 [JavaFX Application Thread] DEBUG o.e.t.database.DatabaseConnection - H2 TCP-server started on the port:9092 successful
2026-09-27 13:53:14.509 [JavaFX Application Thread] DEBUG o.e.t.r.task.H2TaskRepository - createTableIfNotExists()
2026-09-27 13:53:14.529 [JavaFX Application Thread] DEBUG o.e.t.r.task.H2TaskRepository - createIndexes()
2026-09-27 13:53:14.593 [JavaFX Application Thread] DEBUG o.e.t.s.project.ProjectServiceImpl - ProjectServiceImpl created
2026-09-27 13:53:14.596 [JavaFX Application Thread] DEBUG o.e.t.listeners.EventBus - SUBSCRIBE: TaskChangedEvent -> 1487721249
2026-09-27 13:53:14.596 [JavaFX Application Thread] DEBUG o.e.t.s.project.ProjectServiceImpl - Subscribe on TaskChangedEvent completed
2026-09-27 13:53:14.963 [JavaFX Application Thread] DEBUG o.e.t.listeners.EventBus - SUBSCRIBE: PageTitleChangedEvent -> 764124341
2026-09-27 13:53:14.994 [JavaFX Application Thread] DEBUG o.e.t.navigation.NavigationManager - Start async loading page: /org/example/taskschedulerdesktop/view/dashboard.fxml
2026-09-27 13:53:15.169 [JavaFX Application Thread] DEBUG o.e.t.TaskSchedulerApplication - CSS: /org/example/taskschedulerdesktop/styles/style.css
2026-09-27 13:53:15.170 [JavaFX Application Thread] DEBUG o.e.t.TaskSchedulerApplication - CSS: /org/example/taskschedulerdesktop/styles/base.css
2026-09-27 13:53:15.171 [JavaFX Application Thread] DEBUG o.e.t.TaskSchedulerApplication - CSS: /org/example/taskschedulerdesktop/styles/row_task_table.css
2026-09-27 13:53:15.172 [JavaFX Application Thread] DEBUG o.e.t.TaskSchedulerApplication - CSS: /org/example/taskschedulerdesktop/styles/task_table_view.css
2026-09-27 13:53:15.173 [Thread-6] DEBUG o.e.t.listeners.EventBus - SUBSCRIBE: TaskChangedEvent -> 1934004147
2026-09-27 13:53:15.176 [Thread-7] DEBUG o.e.t.r.task.H2TaskRepository - findAllViews()
2026-09-27 13:53:15.185 [Thread-6] DEBUG o.e.t.c.review.DashboardController - loadProjects()
2026-09-27 13:53:15.189 [Thread-6] DEBUG o.e.t.c.review.DashboardController - load deadlines
2026-09-27 13:53:15.194 [Thread-11] DEBUG o.e.t.s.project.AsyncProjectService - Found 4 projects
2026-09-27 13:53:15.197 [Thread-10] DEBUG o.e.t.r.task.H2TaskRepository - findUpcomingDeadlines(maxDaysUntilDeadline: 7)
2026-09-27 13:53:15.201 [Thread-7] DEBUG o.e.t.r.task.H2TaskRepository - Found 17 views
2026-09-27 13:53:15.263 [Thread-6] DEBUG o.e.t.listeners.EventBus - SUBSCRIBE: TaskChangedEvent -> 1430291149
2026-09-27 13:53:15.263 [Thread-9] DEBUG o.e.t.r.task.H2TaskRepository - findAllViews()
2026-09-27 13:53:15.264 [Thread-6] DEBUG o.e.t.c.review.DashboardController - Task table loaded successfully
2026-09-27 13:53:15.267 [Thread-9] DEBUG o.e.t.r.task.H2TaskRepository - Found 17 views
2026-09-27 13:53:15.740 [JavaFX Application Thread] DEBUG o.e.t.c.review.DashboardController - Found 4 tasks, task status: COMPLETED
2026-09-27 13:53:15.741 [JavaFX Application Thread] DEBUG o.e.t.c.review.DashboardController - Found 1 tasks, task status: UNDER_REVIEW
2026-09-27 13:53:15.743 [JavaFX Application Thread] DEBUG o.e.t.c.review.DashboardController - Found 1 tasks, task status: IN_PROGRESS
2026-09-27 13:53:15.744 [JavaFX Application Thread] DEBUG o.e.t.service.task.AsyncTaskService - onSucceeded returned: 17 tasks
2026-09-27 13:53:15.745 [JavaFX Application Thread] DEBUG o.e.t.c.review.DashboardController - Found 17 tasks
2026-09-27 13:53:15.746 [JavaFX Application Thread] DEBUG o.e.t.c.review.DashboardController - observableList size: 12
2026-09-27 13:53:15.746 [JavaFX Application Thread] DEBUG o.e.t.c.review.DashboardController - deadlinesListView size : 12
2026-09-27 13:53:15.753 [JavaFX Application Thread] DEBUG o.e.t.listeners.EventBus - FIRE: PageTitleChangedEvent (subscribers: 1)
2026-09-27 13:53:15.753 [JavaFX Application Thread] DEBUG o.e.t.navigation.NavigationManager - Page displayed successfully: /org/example/taskschedulerdesktop/view/dashboard.fxml
2026-09-27 13:53:15.754 [JavaFX Application Thread] DEBUG o.e.t.service.task.AsyncTaskService - onSucceeded returned: 17 tasks
2026-09-27 13:53:15.754 [JavaFX Application Thread] DEBUG o.e.t.c.tasks.TaskTableController - onSuccess: received 17 tasks
2026-09-27 13:53:15.754 [JavaFX Application Thread] DEBUG o.e.t.c.tasks.TaskTableController - onSuccess: first task: Настроить интеграцию с 1C
2026-09-27 13:53:15.756 [JavaFX Application Thread] DEBUG o.e.t.c.tasks.TaskTableController - Table has: 17 tasks
2026-09-27 13:53:15.921 [JavaFX Application Thread] DEBUG o.e.t.dto.projects.ProjectListCell - creating project list cell
2026-09-27 13:53:15.956 [JavaFX Application Thread] DEBUG o.e.t.dto.projects.ProjectListCell - project list cell loaded successfully
2026-09-27 13:53:16.109 [JavaFX Application Thread] DEBUG o.e.t.dto.projects.DeadlineListCell - creating deadline list cell
2026-09-27 13:53:16.120 [JavaFX Application Thread] DEBUG o.e.t.dto.projects.DeadlineListCell - deadline list cell loaded successfully
2026-09-27 13:53:16.328 [JavaFX Application Thread] DEBUG o.e.t.dto.projects.ProjectListCell - creating project list cell
2026-09-27 13:53:16.340 [JavaFX Application Thread] DEBUG o.e.t.dto.projects.ProjectListCell - project list cell loaded successfully
2026-09-27 13:53:16.352 [JavaFX Application Thread] DEBUG o.e.t.dto.projects.ProjectListCell - creating project list cell
2026-09-27 13:53:16.364 [JavaFX Application Thread] DEBUG o.e.t.dto.projects.ProjectListCell - project list cell loaded successfully
2026-09-27 13:53:16.374 [JavaFX Application Thread] DEBUG o.e.t.dto.projects.ProjectListCell - creating project list cell
2026-09-27 13:53:16.385 [JavaFX Application Thread] DEBUG o.e.t.dto.projects.ProjectListCell - project list cell loaded successfully
2026-09-27 13:53:16.395 [JavaFX Application Thread] DEBUG o.e.t.dto.projects.ProjectListCell - creating project list cell
2026-09-27 13:53:16.406 [JavaFX Application Thread] DEBUG o.e.t.dto.projects.ProjectListCell - project list cell loaded successfully
2026-09-27 13:53:16.415 [JavaFX Application Thread] DEBUG o.e.t.dto.projects.ProjectListCell - creating project list cell
2026-09-27 13:53:16.425 [JavaFX Application Thread] DEBUG o.e.t.dto.projects.ProjectListCell - project list cell loaded successfully
2026-09-27 13:53:16.428 [JavaFX Application Thread] DEBUG o.e.t.dto.projects.ProjectListCell - creating project list cell
2026-09-27 13:53:16.439 [JavaFX Application Thread] DEBUG o.e.t.dto.projects.ProjectListCell - project list cell loaded successfully
2026-09-27 13:53:16.441 [JavaFX Application Thread] DEBUG o.e.t.dto.projects.ProjectListCell - creating project list cell
2026-09-27 13:53:16.451 [JavaFX Application Thread] DEBUG o.e.t.dto.projects.ProjectListCell - project list cell loaded successfully
2026-09-27 13:53:16.453 [JavaFX Application Thread] DEBUG o.e.t.dto.projects.ProjectListCell - creating project list cell
2026-09-27 13:53:16.463 [JavaFX Application Thread] DEBUG o.e.t.dto.projects.ProjectListCell - project list cell loaded successfully
2026-09-27 13:53:16.465 [JavaFX Application Thread] DEBUG o.e.t.dto.projects.ProjectListCell - creating project list cell
2026-09-27 13:53:16.474 [JavaFX Application Thread] DEBUG o.e.t.dto.projects.ProjectListCell - project list cell loaded successfully
2026-09-27 13:53:16.475 [JavaFX Application Thread] DEBUG o.e.t.dto.projects.ProjectListCell - creating project list cell
2026-09-27 13:53:16.485 [JavaFX Application Thread] DEBUG o.e.t.dto.projects.ProjectListCell - project list cell loaded successfully
2026-09-27 13:53:16.487 [JavaFX Application Thread] DEBUG o.e.t.dto.projects.ProjectListCell - creating project list cell
2026-09-27 13:53:16.497 [JavaFX Application Thread] DEBUG o.e.t.dto.projects.ProjectListCell - project list cell loaded successfully
2026-09-27 13:53:16.499 [JavaFX Application Thread] DEBUG o.e.t.dto.projects.ProjectListCell - creating project list cell
2026-09-27 13:53:16.515 [JavaFX Application Thread] DEBUG o.e.t.dto.projects.ProjectListCell - project list cell loaded successfully
2026-09-27 13:53:16.517 [JavaFX Application Thread] DEBUG o.e.t.dto.projects.ProjectListCell - creating project list cell
2026-09-27 13:53:16.525 [JavaFX Application Thread] DEBUG o.e.t.dto.projects.ProjectListCell - project list cell loaded successfully
2026-09-27 13:53:16.541 [JavaFX Application Thread] DEBUG o.e.t.dto.projects.DeadlineListCell - creating deadline list cell
2026-09-27 13:53:16.549 [JavaFX Application Thread] DEBUG o.e.t.dto.projects.DeadlineListCell - deadline list cell loaded successfully
2026-09-27 13:53:16.558 [JavaFX Application Thread] DEBUG o.e.t.dto.projects.DeadlineListCell - creating deadline list cell
2026-09-27 13:53:16.567 [JavaFX Application Thread] DEBUG o.e.t.dto.projects.DeadlineListCell - deadline list cell loaded successfully
2026-09-27 13:53:16.575 [JavaFX Application Thread] DEBUG o.e.t.dto.projects.DeadlineListCell - creating deadline list cell
2026-09-27 13:53:16.583 [JavaFX Application Thread] DEBUG o.e.t.dto.projects.DeadlineListCell - deadline list cell loaded successfully
2026-09-27 13:53:16.589 [JavaFX Application Thread] DEBUG o.e.t.dto.projects.DeadlineListCell - creating deadline list cell
2026-09-27 13:53:16.597 [JavaFX Application Thread] DEBUG o.e.t.dto.projects.DeadlineListCell - deadline list cell loaded successfully
2026-09-27 13:53:16.604 [JavaFX Application Thread] DEBUG o.e.t.dto.projects.DeadlineListCell - creating deadline list cell
2026-09-27 13:53:16.611 [JavaFX Application Thread] DEBUG o.e.t.dto.projects.DeadlineListCell - deadline list cell loaded successfully
2026-09-27 13:53:16.617 [JavaFX Application Thread] DEBUG o.e.t.dto.projects.DeadlineListCell - creating deadline list cell
2026-09-27 13:53:16.627 [JavaFX Application Thread] DEBUG o.e.t.dto.projects.DeadlineListCell - deadline list cell loaded successfully
2026-09-27 13:53:16.636 [JavaFX Application Thread] DEBUG o.e.t.dto.projects.DeadlineListCell - creating deadline list cell
2026-09-27 13:53:16.642 [JavaFX Application Thread] DEBUG o.e.t.dto.projects.DeadlineListCell - deadline list cell loaded successfully
2026-09-27 13:53:16.648 [JavaFX Application Thread] DEBUG o.e.t.dto.projects.DeadlineListCell - creating deadline list cell
2026-09-27 13:53:16.654 [JavaFX Application Thread] DEBUG o.e.t.dto.projects.DeadlineListCell - deadline list cell loaded successfully
2026-09-27 13:53:18.319 [JavaFX Application Thread] DEBUG o.e.t.navigation.NavigationManager - Start async loading page: /org/example/taskschedulerdesktop/view/task_details.fxml
2026-09-27 13:53:18.427 [Thread-12] INFO  o.e.t.c.tasks.TaskDetailsController - initialize()
2026-09-27 13:53:18.430 [JavaFX Application Thread] INFO  o.e.t.c.tasks.TaskDetailsController - setContext()
2026-09-27 13:53:18.430 [JavaFX Application Thread] DEBUG o.e.t.c.tasks.TaskDetailsController - context = org.example.taskschedulerdesktop.dto.tasks.TaskView@1e894601
2026-09-27 13:53:18.430 [JavaFX Application Thread] INFO  o.e.t.c.tasks.TaskDetailsController - context saved: Настроить интеграцию с 1C
2026-09-27 13:53:18.431 [JavaFX Application Thread] DEBUG o.e.t.c.tasks.TaskDetailsController - updateUI()
2026-09-27 13:53:18.431 [JavaFX Application Thread] DEBUG o.e.t.c.tasks.TaskDetailsController - projectName: 2
2026-09-27 13:53:18.431 [JavaFX Application Thread] DEBUG o.e.t.c.tasks.TaskDetailsController - taskName: Настроить интеграцию с 1C
2026-09-27 13:53:18.431 [JavaFX Application Thread] DEBUG o.e.t.c.tasks.TaskDetailsController - status: COMPLETED
2026-09-27 13:53:18.431 [JavaFX Application Thread] DEBUG o.e.t.c.tasks.TaskDetailsController - priority: Низкий
2026-09-27 13:53:18.432 [JavaFX Application Thread] INFO  o.e.t.c.tasks.TaskDetailsController - UI updated
2026-09-27 13:53:18.432 [JavaFX Application Thread] DEBUG o.e.t.c.tasks.TaskDetailsController - updateUI()
2026-09-27 13:53:18.432 [JavaFX Application Thread] DEBUG o.e.t.c.tasks.TaskDetailsController - projectName: 2
2026-09-27 13:53:18.432 [JavaFX Application Thread] DEBUG o.e.t.c.tasks.TaskDetailsController - taskName: Настроить интеграцию с 1C
2026-09-27 13:53:18.432 [JavaFX Application Thread] DEBUG o.e.t.c.tasks.TaskDetailsController - status: COMPLETED
2026-09-27 13:53:18.432 [JavaFX Application Thread] DEBUG o.e.t.c.tasks.TaskDetailsController - priority: Низкий
2026-09-27 13:53:18.433 [JavaFX Application Thread] INFO  o.e.t.c.tasks.TaskDetailsController - UI updated
2026-09-27 13:53:18.442 [JavaFX Application Thread] DEBUG o.e.t.listeners.EventBus - FIRE: PageTitleChangedEvent (subscribers: 1)
2026-09-27 13:53:18.442 [JavaFX Application Thread] DEBUG o.e.t.navigation.NavigationManager - Page displayed successfully: /org/example/taskschedulerdesktop/view/task_details.fxml
2026-09-27 13:53:42.384 [JavaFX-Launcher] INFO  o.e.t.TaskSchedulerApplication - Name: 'Inter 18pt Regular'
2026-09-27 13:53:42.387 [JavaFX-Launcher] INFO  o.e.t.TaskSchedulerApplication - Family: 'Inter 18pt'
2026-09-27 13:53:42.387 [JavaFX-Launcher] INFO  o.e.t.TaskSchedulerApplication - Style: 'Regular'
2026-09-27 13:53:42.387 [JavaFX-Launcher] DEBUG o.e.t.TaskSchedulerApplication - Font loaded: /org/example/taskschedulerdesktop/fonts/Inter_18pt-Regular.ttf → 'Inter 18pt'
2026-09-27 13:53:42.411 [JavaFX-Launcher] INFO  o.e.t.TaskSchedulerApplication - Name: 'Inter 18pt Medium'
2026-09-27 13:53:42.412 [JavaFX-Launcher] INFO  o.e.t.TaskSchedulerApplication - Family: 'Inter 18pt Medium'
2026-09-27 13:53:42.412 [JavaFX-Launcher] INFO  o.e.t.TaskSchedulerApplication - Style: 'Regular'
2026-09-27 13:53:42.412 [JavaFX-Launcher] DEBUG o.e.t.TaskSchedulerApplication - Font loaded: /org/example/taskschedulerdesktop/fonts/Inter_18pt-Medium.ttf → 'Inter 18pt Medium'
2026-09-27 13:53:42.434 [JavaFX-Launcher] INFO  o.e.t.TaskSchedulerApplication - Name: 'Inter 18pt SemiBold'
2026-09-27 13:53:42.434 [JavaFX-Launcher] INFO  o.e.t.TaskSchedulerApplication - Family: 'Inter 18pt SemiBold'
2026-09-27 13:53:42.434 [JavaFX-Launcher] INFO  o.e.t.TaskSchedulerApplication - Style: 'Regular'
2026-09-27 13:53:42.434 [JavaFX-Launcher] DEBUG o.e.t.TaskSchedulerApplication - Font loaded: /org/example/taskschedulerdesktop/fonts/Inter_18pt-SemiBold.ttf → 'Inter 18pt SemiBold'
2026-09-27 13:53:42.454 [JavaFX-Launcher] INFO  o.e.t.TaskSchedulerApplication - Name: 'Lora Regular'
2026-09-27 13:53:42.454 [JavaFX-Launcher] INFO  o.e.t.TaskSchedulerApplication - Family: 'Lora'
2026-09-27 13:53:42.454 [JavaFX-Launcher] INFO  o.e.t.TaskSchedulerApplication - Style: 'Regular'
2026-09-27 13:53:42.455 [JavaFX-Launcher] DEBUG o.e.t.TaskSchedulerApplication - Font loaded: /org/example/taskschedulerdesktop/fonts/Lora-Regular.ttf → 'Lora'
2026-09-27 13:53:42.474 [JavaFX-Launcher] INFO  o.e.t.TaskSchedulerApplication - Name: 'JetBrains Mono Regular'
2026-09-27 13:53:42.474 [JavaFX-Launcher] INFO  o.e.t.TaskSchedulerApplication - Family: 'JetBrains Mono'
2026-09-27 13:53:42.474 [JavaFX-Launcher] INFO  o.e.t.TaskSchedulerApplication - Style: 'Regular'
2026-09-27 13:53:42.474 [JavaFX-Launcher] DEBUG o.e.t.TaskSchedulerApplication - Font loaded: /org/example/taskschedulerdesktop/fonts/JetBrainsMono-Regular.ttf → 'JetBrains Mono'
2026-09-27 13:53:43.021 [JavaFX Application Thread] DEBUG o.e.t.database.DatabaseConnection - H2 TCP-server started on the port:9092 successful
2026-09-27 13:53:43.023 [JavaFX Application Thread] DEBUG o.e.t.r.task.H2TaskRepository - createTableIfNotExists()
2026-09-27 13:53:43.040 [JavaFX Application Thread] DEBUG o.e.t.r.task.H2TaskRepository - createIndexes()
2026-09-27 13:53:43.057 [JavaFX Application Thread] DEBUG o.e.t.s.project.ProjectServiceImpl - ProjectServiceImpl created
2026-09-27 13:53:43.059 [JavaFX Application Thread] DEBUG o.e.t.listeners.EventBus - SUBSCRIBE: TaskChangedEvent -> 1487721249
2026-09-27 13:53:43.060 [JavaFX Application Thread] DEBUG o.e.t.s.project.ProjectServiceImpl - Subscribe on TaskChangedEvent completed
2026-09-27 13:53:43.412 [JavaFX Application Thread] DEBUG o.e.t.listeners.EventBus - SUBSCRIBE: PageTitleChangedEvent -> 764124341
2026-09-27 13:53:43.437 [JavaFX Application Thread] DEBUG o.e.t.navigation.NavigationManager - Start async loading page: /org/example/taskschedulerdesktop/view/dashboard.fxml
2026-09-27 13:53:43.607 [Thread-6] DEBUG o.e.t.listeners.EventBus - SUBSCRIBE: TaskChangedEvent -> 1456148737
2026-09-27 13:53:43.611 [Thread-7] DEBUG o.e.t.r.task.H2TaskRepository - findAllViews()
2026-09-27 13:53:43.616 [Thread-6] DEBUG o.e.t.c.review.DashboardController - loadProjects()
2026-09-27 13:53:43.621 [Thread-6] DEBUG o.e.t.c.review.DashboardController - load deadlines
2026-09-27 13:53:43.626 [JavaFX Application Thread] DEBUG o.e.t.TaskSchedulerApplication - CSS: /org/example/taskschedulerdesktop/styles/style.css
2026-09-27 13:53:43.626 [Thread-11] DEBUG o.e.t.s.project.AsyncProjectService - Found 4 projects
2026-09-27 13:53:43.627 [JavaFX Application Thread] DEBUG o.e.t.TaskSchedulerApplication - CSS: /org/example/taskschedulerdesktop/styles/base.css
2026-09-27 13:53:43.628 [JavaFX Application Thread] DEBUG o.e.t.TaskSchedulerApplication - CSS: /org/example/taskschedulerdesktop/styles/row_task_table.css
2026-09-27 13:53:43.629 [Thread-9] DEBUG o.e.t.r.task.H2TaskRepository - findUpcomingDeadlines(maxDaysUntilDeadline: 7)
2026-09-27 13:53:43.630 [JavaFX Application Thread] DEBUG o.e.t.TaskSchedulerApplication - CSS: /org/example/taskschedulerdesktop/styles/task_table_view.css
2026-09-27 13:53:43.639 [Thread-7] DEBUG o.e.t.r.task.H2TaskRepository - Found 17 views
2026-09-27 13:53:43.705 [Thread-10] DEBUG o.e.t.r.task.H2TaskRepository - findAllViews()
2026-09-27 13:53:43.705 [Thread-6] DEBUG o.e.t.listeners.EventBus - SUBSCRIBE: TaskChangedEvent -> 447304713
2026-09-27 13:53:43.705 [Thread-6] DEBUG o.e.t.c.review.DashboardController - Task table loaded successfully
2026-09-27 13:53:43.708 [Thread-10] DEBUG o.e.t.r.task.H2TaskRepository - Found 17 views
2026-09-27 13:53:44.237 [JavaFX Application Thread] DEBUG o.e.t.c.review.DashboardController - Found 1 tasks, task status: UNDER_REVIEW
2026-09-27 13:53:44.238 [JavaFX Application Thread] DEBUG o.e.t.c.review.DashboardController - Found 4 tasks, task status: COMPLETED
2026-09-27 13:53:44.240 [JavaFX Application Thread] DEBUG o.e.t.c.review.DashboardController - Found 1 tasks, task status: IN_PROGRESS
2026-09-27 13:53:44.242 [JavaFX Application Thread] DEBUG o.e.t.c.review.DashboardController - observableList size: 12
2026-09-27 13:53:44.243 [JavaFX Application Thread] DEBUG o.e.t.c.review.DashboardController - deadlinesListView size : 12
2026-09-27 13:53:44.244 [JavaFX Application Thread] DEBUG o.e.t.service.task.AsyncTaskService - onSucceeded returned: 17 tasks
2026-09-27 13:53:44.244 [JavaFX Application Thread] DEBUG o.e.t.c.review.DashboardController - Found 17 tasks
2026-09-27 13:53:44.251 [JavaFX Application Thread] DEBUG o.e.t.listeners.EventBus - FIRE: PageTitleChangedEvent (subscribers: 1)
2026-09-27 13:53:44.252 [JavaFX Application Thread] DEBUG o.e.t.navigation.NavigationManager - Page displayed successfully: /org/example/taskschedulerdesktop/view/dashboard.fxml
2026-09-27 13:53:44.252 [JavaFX Application Thread] DEBUG o.e.t.service.task.AsyncTaskService - onSucceeded returned: 17 tasks
2026-09-27 13:53:44.252 [JavaFX Application Thread] DEBUG o.e.t.c.tasks.TaskTableController - onSuccess: received 17 tasks
2026-09-27 13:53:44.252 [JavaFX Application Thread] DEBUG o.e.t.c.tasks.TaskTableController - onSuccess: first task: Настроить интеграцию с 1C
2026-09-27 13:53:44.254 [JavaFX Application Thread] DEBUG o.e.t.c.tasks.TaskTableController - Table has: 17 tasks
2026-09-27 13:53:44.435 [JavaFX Application Thread] DEBUG o.e.t.dto.projects.ProjectListCell - creating project list cell
2026-09-27 13:53:44.460 [JavaFX Application Thread] DEBUG o.e.t.dto.projects.ProjectListCell - project list cell loaded successfully
2026-09-27 13:53:44.622 [JavaFX Application Thread] DEBUG o.e.t.dto.projects.DeadlineListCell - creating deadline list cell
2026-09-27 13:53:44.635 [JavaFX Application Thread] DEBUG o.e.t.dto.projects.DeadlineListCell - deadline list cell loaded successfully
2026-09-27 13:53:44.881 [JavaFX Application Thread] DEBUG o.e.t.dto.projects.ProjectListCell - creating project list cell
2026-09-27 13:53:44.897 [JavaFX Application Thread] DEBUG o.e.t.dto.projects.ProjectListCell - project list cell loaded successfully
2026-09-27 13:53:44.909 [JavaFX Application Thread] DEBUG o.e.t.dto.projects.ProjectListCell - creating project list cell
2026-09-27 13:53:44.922 [JavaFX Application Thread] DEBUG o.e.t.dto.projects.ProjectListCell - project list cell loaded successfully
2026-09-27 13:53:44.934 [JavaFX Application Thread] DEBUG o.e.t.dto.projects.ProjectListCell - creating project list cell
2026-09-27 13:53:44.945 [JavaFX Application Thread] DEBUG o.e.t.dto.projects.ProjectListCell - project list cell loaded successfully
2026-09-27 13:53:44.958 [JavaFX Application Thread] DEBUG o.e.t.dto.projects.ProjectListCell - creating project list cell
2026-09-27 13:53:44.972 [JavaFX Application Thread] DEBUG o.e.t.dto.projects.ProjectListCell - project list cell loaded successfully
2026-09-27 13:53:44.984 [JavaFX Application Thread] DEBUG o.e.t.dto.projects.ProjectListCell - creating project list cell
2026-09-27 13:53:44.995 [JavaFX Application Thread] DEBUG o.e.t.dto.projects.ProjectListCell - project list cell loaded successfully
2026-09-27 13:53:44.998 [JavaFX Application Thread] DEBUG o.e.t.dto.projects.ProjectListCell - creating project list cell
2026-09-27 13:53:45.010 [JavaFX Application Thread] DEBUG o.e.t.dto.projects.ProjectListCell - project list cell loaded successfully
2026-09-27 13:53:45.012 [JavaFX Application Thread] DEBUG o.e.t.dto.projects.ProjectListCell - creating project list cell
2026-09-27 13:53:45.026 [JavaFX Application Thread] DEBUG o.e.t.dto.projects.ProjectListCell - project list cell loaded successfully
2026-09-27 13:53:45.027 [JavaFX Application Thread] DEBUG o.e.t.dto.projects.ProjectListCell - creating project list cell
2026-09-27 13:53:45.039 [JavaFX Application Thread] DEBUG o.e.t.dto.projects.ProjectListCell - project list cell loaded successfully
2026-09-27 13:53:45.042 [JavaFX Application Thread] DEBUG o.e.t.dto.projects.ProjectListCell - creating project list cell
2026-09-27 13:53:45.052 [JavaFX Application Thread] DEBUG o.e.t.dto.projects.ProjectListCell - project list cell loaded successfully
2026-09-27 13:53:45.054 [JavaFX Application Thread] DEBUG o.e.t.dto.projects.ProjectListCell - creating project list cell
2026-09-27 13:53:45.071 [JavaFX Application Thread] DEBUG o.e.t.dto.projects.ProjectListCell - project list cell loaded successfully
2026-09-27 13:53:45.074 [JavaFX Application Thread] DEBUG o.e.t.dto.projects.ProjectListCell - creating project list cell
2026-09-27 13:53:45.083 [JavaFX Application Thread] DEBUG o.e.t.dto.projects.ProjectListCell - project list cell loaded successfully
2026-09-27 13:53:45.085 [JavaFX Application Thread] DEBUG o.e.t.dto.projects.ProjectListCell - creating project list cell
2026-09-27 13:53:45.099 [JavaFX Application Thread] DEBUG o.e.t.dto.projects.ProjectListCell - project list cell loaded successfully
2026-09-27 13:53:45.103 [JavaFX Application Thread] DEBUG o.e.t.dto.projects.ProjectListCell - creating project list cell
2026-09-27 13:53:45.115 [JavaFX Application Thread] DEBUG o.e.t.dto.projects.ProjectListCell - project list cell loaded successfully
2026-09-27 13:53:45.138 [JavaFX Application Thread] DEBUG o.e.t.dto.projects.DeadlineListCell - creating deadline list cell
2026-09-27 13:53:45.148 [JavaFX Application Thread] DEBUG o.e.t.dto.projects.DeadlineListCell - deadline list cell loaded successfully
2026-09-27 13:53:45.159 [JavaFX Application Thread] DEBUG o.e.t.dto.projects.DeadlineListCell - creating deadline list cell
2026-09-27 13:53:45.167 [JavaFX Application Thread] DEBUG o.e.t.dto.projects.DeadlineListCell - deadline list cell loaded successfully
2026-09-27 13:53:45.177 [JavaFX Application Thread] DEBUG o.e.t.dto.projects.DeadlineListCell - creating deadline list cell
2026-09-27 13:53:45.187 [JavaFX Application Thread] DEBUG o.e.t.dto.projects.DeadlineListCell - deadline list cell loaded successfully
2026-09-27 13:53:45.196 [JavaFX Application Thread] DEBUG o.e.t.dto.projects.DeadlineListCell - creating deadline list cell
2026-09-27 13:53:45.202 [JavaFX Application Thread] DEBUG o.e.t.dto.projects.DeadlineListCell - deadline list cell loaded successfully
2026-09-27 13:53:45.208 [JavaFX Application Thread] DEBUG o.e.t.dto.projects.DeadlineListCell - creating deadline list cell
2026-09-27 13:53:45.214 [JavaFX Application Thread] DEBUG o.e.t.dto.projects.DeadlineListCell - deadline list cell loaded successfully
2026-09-27 13:53:45.221 [JavaFX Application Thread] DEBUG o.e.t.dto.projects.DeadlineListCell - creating deadline list cell
2026-09-27 13:53:45.227 [JavaFX Application Thread] DEBUG o.e.t.dto.projects.DeadlineListCell - deadline list cell loaded successfully
2026-09-27 13:53:45.235 [JavaFX Application Thread] DEBUG o.e.t.dto.projects.DeadlineListCell - creating deadline list cell
2026-09-27 13:53:45.242 [JavaFX Application Thread] DEBUG o.e.t.dto.projects.DeadlineListCell - deadline list cell loaded successfully
2026-09-27 13:53:45.248 [JavaFX Application Thread] DEBUG o.e.t.dto.projects.DeadlineListCell - creating deadline list cell
2026-09-27 13:53:45.255 [JavaFX Application Thread] DEBUG o.e.t.dto.projects.DeadlineListCell - deadline list cell loaded successfully
2026-09-27 13:53:46.507 [JavaFX Application Thread] DEBUG o.e.t.navigation.NavigationManager - openRightSidebar: path=/org/example/taskschedulerdesktop/view/task_details.fxml, context=org.example.taskschedulerdesktop.dto.tasks.TaskView@55d52380
2026-09-27 13:53:46.590 [JavaFX Application Thread] INFO  o.e.t.c.tasks.TaskDetailsController - initialize()
2026-09-27 13:53:46.592 [JavaFX Application Thread] DEBUG o.e.t.navigation.NavigationManager - sidebarController found, calling setContext()
2026-09-27 13:53:46.592 [JavaFX Application Thread] INFO  o.e.t.c.tasks.TaskDetailsController - setContext()
2026-09-27 13:53:46.592 [JavaFX Application Thread] DEBUG o.e.t.c.tasks.TaskDetailsController - context = org.example.taskschedulerdesktop.dto.tasks.TaskView@55d52380
2026-09-27 13:53:46.592 [JavaFX Application Thread] INFO  o.e.t.c.tasks.TaskDetailsController - context saved: Подготовить данные по выручке
2026-09-27 13:53:46.593 [JavaFX Application Thread] DEBUG o.e.t.c.tasks.TaskDetailsController - updateUI()
2026-09-27 13:53:46.593 [JavaFX Application Thread] DEBUG o.e.t.c.tasks.TaskDetailsController - projectName: 4
2026-09-27 13:53:46.593 [JavaFX Application Thread] DEBUG o.e.t.c.tasks.TaskDetailsController - taskName: Подготовить данные по выручке
2026-09-27 13:53:46.593 [JavaFX Application Thread] DEBUG o.e.t.c.tasks.TaskDetailsController - status: NEW
2026-09-27 13:53:46.593 [JavaFX Application Thread] DEBUG o.e.t.c.tasks.TaskDetailsController - priority: Высокий
2026-09-27 13:53:46.594 [JavaFX Application Thread] INFO  o.e.t.c.tasks.TaskDetailsController - UI updated
2026-09-27 13:53:46.594 [JavaFX Application Thread] DEBUG o.e.t.c.tasks.TaskDetailsController - updateUI()
2026-09-27 13:53:46.594 [JavaFX Application Thread] DEBUG o.e.t.c.tasks.TaskDetailsController - projectName: 4
2026-09-27 13:53:46.594 [JavaFX Application Thread] DEBUG o.e.t.c.tasks.TaskDetailsController - taskName: Подготовить данные по выручке
2026-09-27 13:53:46.594 [JavaFX Application Thread] DEBUG o.e.t.c.tasks.TaskDetailsController - status: NEW
2026-09-27 13:53:46.594 [JavaFX Application Thread] DEBUG o.e.t.c.tasks.TaskDetailsController - priority: Высокий
2026-09-27 13:53:46.594 [JavaFX Application Thread] INFO  o.e.t.c.tasks.TaskDetailsController - UI updated
2026-09-27 13:53:48.550 [JavaFX Application Thread] DEBUG o.e.t.navigation.NavigationManager - Click outside sidebar, closing
2026-09-27 14:02:58.429 [JavaFX Application Thread] DEBUG o.e.t.navigation.NavigationManager - Start async loading page: /org/example/taskschedulerdesktop/view/projects.fxml
2026-09-27 14:02:58.471 [Thread-12] DEBUG o.e.t.listeners.EventBus - SUBSCRIBE: ProjectChangedEvent -> 703792529
2026-09-27 14:02:58.475 [Thread-13] DEBUG o.e.t.s.project.AsyncProjectService - createProjectLoader()
2026-09-27 14:02:58.479 [Thread-13] DEBUG o.e.t.s.project.AsyncProjectService - Project: org.example.taskschedulerdesktop.models.Project@56204a21, number of tasks = 3
2026-09-27 14:02:58.479 [JavaFX Application Thread] DEBUG o.e.t.listeners.EventBus - FIRE: PageTitleChangedEvent (subscribers: 1)
2026-09-27 14:02:58.479 [Thread-13] DEBUG o.e.t.s.project.ProjectCardService - createCard(org.example.taskschedulerdesktop.models.Project@56204a21)
2026-09-27 14:02:58.479 [JavaFX Application Thread] DEBUG o.e.t.navigation.NavigationManager - Page displayed successfully: /org/example/taskschedulerdesktop/view/projects.fxml
2026-09-27 14:02:58.504 [Thread-13] DEBUG o.e.t.c.p.ProjectCardController - ProjectCardController.initialize(), hashCode = 809418259
2026-09-27 14:02:58.504 [Thread-13] DEBUG o.e.t.c.p.ProjectCardController - context = null
2026-09-27 14:02:58.505 [Thread-13] DEBUG o.e.t.c.p.ProjectCardController - ProjectCardController.setContext: org.example.taskschedulerdesktop.models.Project@56204a21, hashCode = 809418259
2026-09-27 14:02:58.506 [Thread-13] DEBUG o.e.t.c.p.ProjectCardController - class = org.example.taskschedulerdesktop.models.Project
2026-09-27 14:02:58.507 [Thread-13] DEBUG o.e.t.listeners.EventBus - SUBSCRIBE: TaskChangedEvent -> 1492423453
2026-09-27 14:02:58.509 [Thread-13] DEBUG o.e.t.s.project.ProjectCardService - createCard(org.example.taskschedulerdesktop.models.Project@2b99f4d1)
2026-09-27 14:02:58.529 [Thread-13] DEBUG o.e.t.c.p.ProjectCardController - ProjectCardController.initialize(), hashCode = 1605768776
2026-09-27 14:02:58.530 [Thread-13] DEBUG o.e.t.c.p.ProjectCardController - context = null
2026-09-27 14:02:58.530 [Thread-13] DEBUG o.e.t.c.p.ProjectCardController - ProjectCardController.setContext: org.example.taskschedulerdesktop.models.Project@2b99f4d1, hashCode = 1605768776
2026-09-27 14:02:58.530 [Thread-13] DEBUG o.e.t.c.p.ProjectCardController - class = org.example.taskschedulerdesktop.models.Project
2026-09-27 14:02:58.530 [Thread-13] DEBUG o.e.t.listeners.EventBus - SUBSCRIBE: TaskChangedEvent -> 21024485
2026-09-27 14:02:58.531 [Thread-13] DEBUG o.e.t.s.project.ProjectCardService - createCard(org.example.taskschedulerdesktop.models.Project@61a3531b)
2026-09-27 14:02:58.551 [Thread-13] DEBUG o.e.t.c.p.ProjectCardController - ProjectCardController.initialize(), hashCode = 1167332958
2026-09-27 14:02:58.551 [Thread-13] DEBUG o.e.t.c.p.ProjectCardController - context = null
2026-09-27 14:02:58.551 [Thread-13] DEBUG o.e.t.c.p.ProjectCardController - ProjectCardController.setContext: org.example.taskschedulerdesktop.models.Project@61a3531b, hashCode = 1167332958
2026-09-27 14:02:58.552 [Thread-13] DEBUG o.e.t.c.p.ProjectCardController - class = org.example.taskschedulerdesktop.models.Project
2026-09-27 14:02:58.552 [Thread-13] DEBUG o.e.t.listeners.EventBus - SUBSCRIBE: TaskChangedEvent -> 1310189215
2026-09-27 14:02:58.552 [Thread-13] DEBUG o.e.t.s.project.ProjectCardService - createCard(org.example.taskschedulerdesktop.models.Project@159150e3)
2026-09-27 14:02:58.569 [Thread-13] DEBUG o.e.t.c.p.ProjectCardController - ProjectCardController.initialize(), hashCode = 2124873112
2026-09-27 14:02:58.569 [Thread-13] DEBUG o.e.t.c.p.ProjectCardController - context = null
2026-09-27 14:02:58.570 [Thread-13] DEBUG o.e.t.c.p.ProjectCardController - ProjectCardController.setContext: org.example.taskschedulerdesktop.models.Project@159150e3, hashCode = 2124873112
2026-09-27 14:02:58.570 [Thread-13] DEBUG o.e.t.c.p.ProjectCardController - class = org.example.taskschedulerdesktop.models.Project
2026-09-27 14:02:58.570 [Thread-13] DEBUG o.e.t.listeners.EventBus - SUBSCRIBE: TaskChangedEvent -> 1173809423
2026-09-27 14:03:00.286 [JavaFX Application Thread] DEBUG o.e.t.navigation.NavigationManager - Start async loading page: /org/example/taskschedulerdesktop/view/tasks.fxml
2026-09-27 14:03:00.351 [Thread-6] DEBUG o.e.t.listeners.EventBus - SUBSCRIBE: TaskChangedEvent -> 965696357
2026-09-27 14:03:00.351 [Thread-8] DEBUG o.e.t.r.task.H2TaskRepository - findAllViews()
2026-09-27 14:03:00.351 [Thread-6] DEBUG o.e.t.c.tasks.TasksController - Task table loaded successfully
2026-09-27 14:03:00.356 [Thread-8] DEBUG o.e.t.r.task.H2TaskRepository - Found 17 views
2026-09-27 14:03:00.362 [JavaFX Application Thread] DEBUG o.e.t.listeners.EventBus - FIRE: PageTitleChangedEvent (subscribers: 1)
2026-09-27 14:03:00.363 [JavaFX Application Thread] DEBUG o.e.t.navigation.NavigationManager - Page displayed successfully: /org/example/taskschedulerdesktop/view/tasks.fxml
2026-09-27 14:03:00.364 [JavaFX Application Thread] DEBUG o.e.t.service.task.AsyncTaskService - onSucceeded returned: 17 tasks
2026-09-27 14:03:00.364 [JavaFX Application Thread] DEBUG o.e.t.c.tasks.TaskTableController - onSuccess: received 17 tasks
2026-09-27 14:03:00.364 [JavaFX Application Thread] DEBUG o.e.t.c.tasks.TaskTableController - onSuccess: first task: Настроить интеграцию с 1C
2026-09-27 14:03:00.364 [JavaFX Application Thread] DEBUG o.e.t.c.tasks.TaskTableController - Table has: 17 tasks
2026-09-27 14:07:08.879 [JavaFX-Launcher] INFO  o.e.t.TaskSchedulerApplication - Name: 'Inter 18pt Regular'
2026-09-27 14:07:08.881 [JavaFX-Launcher] INFO  o.e.t.TaskSchedulerApplication - Family: 'Inter 18pt'
2026-09-27 14:07:08.882 [JavaFX-Launcher] INFO  o.e.t.TaskSchedulerApplication - Style: 'Regular'
2026-09-27 14:07:08.882 [JavaFX-Launcher] DEBUG o.e.t.TaskSchedulerApplication - Font loaded: /org/example/taskschedulerdesktop/fonts/Inter_18pt-Regular.ttf → 'Inter 18pt'
2026-09-27 14:07:08.899 [JavaFX-Launcher] INFO  o.e.t.TaskSchedulerApplication - Name: 'Inter 18pt Medium'
2026-09-27 14:07:08.899 [JavaFX-Launcher] INFO  o.e.t.TaskSchedulerApplication - Family: 'Inter 18pt Medium'
2026-09-27 14:07:08.899 [JavaFX-Launcher] INFO  o.e.t.TaskSchedulerApplication - Style: 'Regular'
2026-09-27 14:07:08.899 [JavaFX-Launcher] DEBUG o.e.t.TaskSchedulerApplication - Font loaded: /org/example/taskschedulerdesktop/fonts/Inter_18pt-Medium.ttf → 'Inter 18pt Medium'
2026-09-27 14:07:08.920 [JavaFX-Launcher] INFO  o.e.t.TaskSchedulerApplication - Name: 'Inter 18pt SemiBold'
2026-09-27 14:07:08.920 [JavaFX-Launcher] INFO  o.e.t.TaskSchedulerApplication - Family: 'Inter 18pt SemiBold'
2026-09-27 14:07:08.921 [JavaFX-Launcher] INFO  o.e.t.TaskSchedulerApplication - Style: 'Regular'
2026-09-27 14:07:08.921 [JavaFX-Launcher] DEBUG o.e.t.TaskSchedulerApplication - Font loaded: /org/example/taskschedulerdesktop/fonts/Inter_18pt-SemiBold.ttf → 'Inter 18pt SemiBold'
2026-09-27 14:07:08.937 [JavaFX-Launcher] INFO  o.e.t.TaskSchedulerApplication - Name: 'Lora Regular'
2026-09-27 14:07:08.937 [JavaFX-Launcher] INFO  o.e.t.TaskSchedulerApplication - Family: 'Lora'
2026-09-27 14:07:08.937 [JavaFX-Launcher] INFO  o.e.t.TaskSchedulerApplication - Style: 'Regular'
2026-09-27 14:07:08.939 [JavaFX-Launcher] DEBUG o.e.t.TaskSchedulerApplication - Font loaded: /org/example/taskschedulerdesktop/fonts/Lora-Regular.ttf → 'Lora'
2026-09-27 14:07:08.958 [JavaFX-Launcher] INFO  o.e.t.TaskSchedulerApplication - Name: 'JetBrains Mono Regular'
2026-09-27 14:07:08.959 [JavaFX-Launcher] INFO  o.e.t.TaskSchedulerApplication - Family: 'JetBrains Mono'
2026-09-27 14:07:08.959 [JavaFX-Launcher] INFO  o.e.t.TaskSchedulerApplication - Style: 'Regular'
2026-09-27 14:07:08.959 [JavaFX-Launcher] DEBUG o.e.t.TaskSchedulerApplication - Font loaded: /org/example/taskschedulerdesktop/fonts/JetBrainsMono-Regular.ttf → 'JetBrains Mono'
2026-09-27 14:07:09.480 [JavaFX Application Thread] DEBUG o.e.t.database.DatabaseConnection - H2 TCP-server started on the port:9092 successful
2026-09-27 14:07:09.482 [JavaFX Application Thread] DEBUG o.e.t.r.task.H2TaskRepository - createTableIfNotExists()
2026-09-27 14:07:09.502 [JavaFX Application Thread] DEBUG o.e.t.r.task.H2TaskRepository - createIndexes()
2026-09-27 14:07:09.518 [JavaFX Application Thread] DEBUG o.e.t.s.project.ProjectServiceImpl - ProjectServiceImpl created
2026-09-27 14:07:09.521 [JavaFX Application Thread] DEBUG o.e.t.listeners.EventBus - SUBSCRIBE: TaskChangedEvent -> 1738140052
2026-09-27 14:07:09.522 [JavaFX Application Thread] DEBUG o.e.t.s.project.ProjectServiceImpl - Subscribe on TaskChangedEvent completed
2026-09-27 14:07:09.891 [JavaFX Application Thread] DEBUG o.e.t.listeners.EventBus - SUBSCRIBE: PageTitleChangedEvent -> 1827728996
2026-09-27 14:07:09.917 [JavaFX Application Thread] DEBUG o.e.t.navigation.NavigationManager - Start async loading page: /org/example/taskschedulerdesktop/view/dashboard.fxml
2026-09-27 14:07:10.065 [Thread-6] DEBUG o.e.t.listeners.EventBus - SUBSCRIBE: TaskChangedEvent -> 1372234879
2026-09-27 14:07:10.068 [Thread-7] DEBUG o.e.t.r.task.H2TaskRepository - findAllViews()
2026-09-27 14:07:10.075 [Thread-6] DEBUG o.e.t.c.review.DashboardController - loadProjects()
2026-09-27 14:07:10.078 [Thread-6] DEBUG o.e.t.c.review.DashboardController - load deadlines
2026-09-27 14:07:10.079 [JavaFX Application Thread] DEBUG o.e.t.TaskSchedulerApplication - CSS: /org/example/taskschedulerdesktop/styles/style.css
2026-09-27 14:07:10.080 [JavaFX Application Thread] DEBUG o.e.t.TaskSchedulerApplication - CSS: /org/example/taskschedulerdesktop/styles/base.css
2026-09-27 14:07:10.081 [JavaFX Application Thread] DEBUG o.e.t.TaskSchedulerApplication - CSS: /org/example/taskschedulerdesktop/styles/row_task_table.css
2026-09-27 14:07:10.082 [JavaFX Application Thread] DEBUG o.e.t.TaskSchedulerApplication - CSS: /org/example/taskschedulerdesktop/styles/task_table_view.css
2026-09-27 14:07:10.086 [Thread-11] DEBUG o.e.t.s.project.AsyncProjectService - Found 4 projects
2026-09-27 14:07:10.088 [Thread-8] DEBUG o.e.t.r.task.H2TaskRepository - findUpcomingDeadlines(maxDaysUntilDeadline: 7)
2026-09-27 14:07:10.093 [Thread-7] DEBUG o.e.t.r.task.H2TaskRepository - Found 17 views
2026-09-27 14:07:10.160 [Thread-6] DEBUG o.e.t.listeners.EventBus - SUBSCRIBE: TaskChangedEvent -> 714166873
2026-09-27 14:07:10.160 [Thread-10] DEBUG o.e.t.r.task.H2TaskRepository - findAllViews()
2026-09-27 14:07:10.160 [Thread-6] DEBUG o.e.t.c.review.DashboardController - Task table loaded successfully
2026-09-27 14:07:10.164 [Thread-10] DEBUG o.e.t.r.task.H2TaskRepository - Found 17 views
2026-09-27 14:07:10.685 [JavaFX Application Thread] DEBUG o.e.t.c.review.DashboardController - Found 1 tasks, task status: IN_PROGRESS
2026-09-27 14:07:10.687 [JavaFX Application Thread] DEBUG o.e.t.c.review.DashboardController - Found 4 tasks, task status: COMPLETED
2026-09-27 14:07:10.691 [JavaFX Application Thread] DEBUG o.e.t.c.review.DashboardController - Found 1 tasks, task status: UNDER_REVIEW
2026-09-27 14:07:10.692 [JavaFX Application Thread] DEBUG o.e.t.service.task.AsyncTaskService - onSucceeded returned: 17 tasks
2026-09-27 14:07:10.692 [JavaFX Application Thread] DEBUG o.e.t.c.review.DashboardController - Found 17 tasks
2026-09-27 14:07:10.693 [JavaFX Application Thread] DEBUG o.e.t.c.review.DashboardController - observableList size: 12
2026-09-27 14:07:10.693 [JavaFX Application Thread] DEBUG o.e.t.c.review.DashboardController - deadlinesListView size : 12
2026-09-27 14:07:10.702 [JavaFX Application Thread] DEBUG o.e.t.listeners.EventBus - FIRE: PageTitleChangedEvent (subscribers: 1)
2026-09-27 14:07:10.703 [JavaFX Application Thread] DEBUG o.e.t.navigation.NavigationManager - Page displayed successfully: /org/example/taskschedulerdesktop/view/dashboard.fxml
2026-09-27 14:07:10.703 [JavaFX Application Thread] DEBUG o.e.t.service.task.AsyncTaskService - onSucceeded returned: 17 tasks
2026-09-27 14:07:10.703 [JavaFX Application Thread] DEBUG o.e.t.c.tasks.TaskTableController - onSuccess: received 17 tasks
2026-09-27 14:07:10.704 [JavaFX Application Thread] DEBUG o.e.t.c.tasks.TaskTableController - onSuccess: first task: Настроить интеграцию с 1C
2026-09-27 14:07:10.704 [JavaFX Application Thread] DEBUG o.e.t.c.tasks.TaskTableController - Table has: 17 tasks
2026-09-27 14:07:10.887 [JavaFX Application Thread] DEBUG o.e.t.dto.projects.ProjectListCell - creating project list cell
2026-09-27 14:07:10.918 [JavaFX Application Thread] DEBUG o.e.t.dto.projects.ProjectListCell - project list cell loaded successfully
2026-09-27 14:07:11.092 [JavaFX Application Thread] DEBUG o.e.t.dto.projects.DeadlineListCell - creating deadline list cell
2026-09-27 14:07:11.104 [JavaFX Application Thread] DEBUG o.e.t.dto.projects.DeadlineListCell - deadline list cell loaded successfully
2026-09-27 14:07:11.325 [JavaFX Application Thread] DEBUG o.e.t.dto.projects.ProjectListCell - creating project list cell
2026-09-27 14:07:11.341 [JavaFX Application Thread] DEBUG o.e.t.dto.projects.ProjectListCell - project list cell loaded successfully
2026-09-27 14:07:11.356 [JavaFX Application Thread] DEBUG o.e.t.dto.projects.ProjectListCell - creating project list cell
2026-09-27 14:07:11.368 [JavaFX Application Thread] DEBUG o.e.t.dto.projects.ProjectListCell - project list cell loaded successfully
2026-09-27 14:07:11.381 [JavaFX Application Thread] DEBUG o.e.t.dto.projects.ProjectListCell - creating project list cell
2026-09-27 14:07:11.394 [JavaFX Application Thread] DEBUG o.e.t.dto.projects.ProjectListCell - project list cell loaded successfully
2026-09-27 14:07:11.403 [JavaFX Application Thread] DEBUG o.e.t.dto.projects.ProjectListCell - creating project list cell
2026-09-27 14:07:11.413 [JavaFX Application Thread] DEBUG o.e.t.dto.projects.ProjectListCell - project list cell loaded successfully
2026-09-27 14:07:11.422 [JavaFX Application Thread] DEBUG o.e.t.dto.projects.ProjectListCell - creating project list cell
2026-09-27 14:07:11.431 [JavaFX Application Thread] DEBUG o.e.t.dto.projects.ProjectListCell - project list cell loaded successfully
2026-09-27 14:07:11.434 [JavaFX Application Thread] DEBUG o.e.t.dto.projects.ProjectListCell - creating project list cell
2026-09-27 14:07:11.447 [JavaFX Application Thread] DEBUG o.e.t.dto.projects.ProjectListCell - project list cell loaded successfully
2026-09-27 14:07:11.451 [JavaFX Application Thread] DEBUG o.e.t.dto.projects.ProjectListCell - creating project list cell
2026-09-27 14:07:11.464 [JavaFX Application Thread] DEBUG o.e.t.dto.projects.ProjectListCell - project list cell loaded successfully
2026-09-27 14:07:11.466 [JavaFX Application Thread] DEBUG o.e.t.dto.projects.ProjectListCell - creating project list cell
2026-09-27 14:07:11.478 [JavaFX Application Thread] DEBUG o.e.t.dto.projects.ProjectListCell - project list cell loaded successfully
2026-09-27 14:07:11.481 [JavaFX Application Thread] DEBUG o.e.t.dto.projects.ProjectListCell - creating project list cell
2026-09-27 14:07:11.494 [JavaFX Application Thread] DEBUG o.e.t.dto.projects.ProjectListCell - project list cell loaded successfully
2026-09-27 14:07:11.497 [JavaFX Application Thread] DEBUG o.e.t.dto.projects.ProjectListCell - creating project list cell
2026-09-27 14:07:11.508 [JavaFX Application Thread] DEBUG o.e.t.dto.projects.ProjectListCell - project list cell loaded successfully
2026-09-27 14:07:11.511 [JavaFX Application Thread] DEBUG o.e.t.dto.projects.ProjectListCell - creating project list cell
2026-09-27 14:07:11.522 [JavaFX Application Thread] DEBUG o.e.t.dto.projects.ProjectListCell - project list cell loaded successfully
2026-09-27 14:07:11.524 [JavaFX Application Thread] DEBUG o.e.t.dto.projects.ProjectListCell - creating project list cell
2026-09-27 14:07:11.539 [JavaFX Application Thread] DEBUG o.e.t.dto.projects.ProjectListCell - project list cell loaded successfully
2026-09-27 14:07:11.542 [JavaFX Application Thread] DEBUG o.e.t.dto.projects.ProjectListCell - creating project list cell
2026-09-27 14:07:11.556 [JavaFX Application Thread] DEBUG o.e.t.dto.projects.ProjectListCell - project list cell loaded successfully
2026-09-27 14:07:11.580 [JavaFX Application Thread] DEBUG o.e.t.dto.projects.DeadlineListCell - creating deadline list cell
2026-09-27 14:07:11.589 [JavaFX Application Thread] DEBUG o.e.t.dto.projects.DeadlineListCell - deadline list cell loaded successfully
2026-09-27 14:07:11.598 [JavaFX Application Thread] DEBUG o.e.t.dto.projects.DeadlineListCell - creating deadline list cell
2026-09-27 14:07:11.606 [JavaFX Application Thread] DEBUG o.e.t.dto.projects.DeadlineListCell - deadline list cell loaded successfully
2026-09-27 14:07:11.614 [JavaFX Application Thread] DEBUG o.e.t.dto.projects.DeadlineListCell - creating deadline list cell
2026-09-27 14:07:11.622 [JavaFX Application Thread] DEBUG o.e.t.dto.projects.DeadlineListCell - deadline list cell loaded successfully
2026-09-27 14:07:11.632 [JavaFX Application Thread] DEBUG o.e.t.dto.projects.DeadlineListCell - creating deadline list cell
2026-09-27 14:07:11.639 [JavaFX Application Thread] DEBUG o.e.t.dto.projects.DeadlineListCell - deadline list cell loaded successfully
2026-09-27 14:07:11.646 [JavaFX Application Thread] DEBUG o.e.t.dto.projects.DeadlineListCell - creating deadline list cell
2026-09-27 14:07:11.653 [JavaFX Application Thread] DEBUG o.e.t.dto.projects.DeadlineListCell - deadline list cell loaded successfully
2026-09-27 14:07:11.659 [JavaFX Application Thread] DEBUG o.e.t.dto.projects.DeadlineListCell - creating deadline list cell
2026-09-27 14:07:11.665 [JavaFX Application Thread] DEBUG o.e.t.dto.projects.DeadlineListCell - deadline list cell loaded successfully
2026-09-27 14:07:11.672 [JavaFX Application Thread] DEBUG o.e.t.dto.projects.DeadlineListCell - creating deadline list cell
2026-09-27 14:07:11.680 [JavaFX Application Thread] DEBUG o.e.t.dto.projects.DeadlineListCell - deadline list cell loaded successfully
2026-09-27 14:07:11.688 [JavaFX Application Thread] DEBUG o.e.t.dto.projects.DeadlineListCell - creating deadline list cell
2026-09-27 14:07:11.694 [JavaFX Application Thread] DEBUG o.e.t.dto.projects.DeadlineListCell - deadline list cell loaded successfully
2026-09-27 14:07:13.446 [JavaFX Application Thread] DEBUG o.e.t.dto.projects.DeadlineListCell - creating deadline list cell
2026-09-27 14:07:13.452 [JavaFX Application Thread] DEBUG o.e.t.dto.projects.DeadlineListCell - deadline list cell loaded successfully
2026-09-27 14:07:16.880 [JavaFX Application Thread] DEBUG o.e.t.navigation.NavigationManager - openRightSidebar: path=/org/example/taskschedulerdesktop/view/task_details.fxml, context=org.example.taskschedulerdesktop.dto.tasks.TaskView@227ab86a
2026-09-27 14:07:16.963 [JavaFX Application Thread] INFO  o.e.t.c.tasks.TaskDetailsController - initialize()
2026-09-27 14:07:16.966 [JavaFX Application Thread] DEBUG o.e.t.navigation.NavigationManager - sidebarController found, calling setContext()
2026-09-27 14:07:16.966 [JavaFX Application Thread] INFO  o.e.t.c.tasks.TaskDetailsController - setContext()
2026-09-27 14:07:16.967 [JavaFX Application Thread] DEBUG o.e.t.c.tasks.TaskDetailsController - context = org.example.taskschedulerdesktop.dto.tasks.TaskView@227ab86a
2026-09-27 14:07:16.967 [JavaFX Application Thread] INFO  o.e.t.c.tasks.TaskDetailsController - context saved: 1234
2026-09-27 14:07:16.967 [JavaFX Application Thread] DEBUG o.e.t.c.tasks.TaskDetailsController - updateUI()
2026-09-27 14:07:16.967 [JavaFX Application Thread] DEBUG o.e.t.c.tasks.TaskDetailsController - projectName: 4
2026-09-27 14:07:16.967 [JavaFX Application Thread] DEBUG o.e.t.c.tasks.TaskDetailsController - taskName: 1234
2026-09-27 14:07:16.967 [JavaFX Application Thread] DEBUG o.e.t.c.tasks.TaskDetailsController - status: NEW
2026-09-27 14:07:16.967 [JavaFX Application Thread] DEBUG o.e.t.c.tasks.TaskDetailsController - priority: Низкий
2026-09-27 14:07:16.968 [JavaFX Application Thread] INFO  o.e.t.c.tasks.TaskDetailsController - UI updated
2026-09-27 14:07:16.968 [JavaFX Application Thread] DEBUG o.e.t.c.tasks.TaskDetailsController - updateUI()
2026-09-27 14:07:16.968 [JavaFX Application Thread] DEBUG o.e.t.c.tasks.TaskDetailsController - projectName: 4
2026-09-27 14:07:16.969 [JavaFX Application Thread] DEBUG o.e.t.c.tasks.TaskDetailsController - taskName: 1234
2026-09-27 14:07:16.969 [JavaFX Application Thread] DEBUG o.e.t.c.tasks.TaskDetailsController - status: NEW
2026-09-27 14:07:16.969 [JavaFX Application Thread] DEBUG o.e.t.c.tasks.TaskDetailsController - priority: Низкий
2026-09-27 14:07:16.969 [JavaFX Application Thread] INFO  o.e.t.c.tasks.TaskDetailsController - UI updated
2026-09-27 14:07:18.470 [JavaFX Application Thread] DEBUG o.e.t.c.tasks.TaskDetailsController - Click on edit button
2026-09-27 14:07:23.308 [Thread-9] DEBUG o.e.t.r.task.H2TaskRepository - update(org.example.taskschedulerdesktop.models.Task@57c5cc9d)
2026-09-27 14:07:23.317 [Thread-9] DEBUG o.e.t.r.task.H2TaskRepository - Task updated: id = 13
2026-09-27 14:07:23.318 [JavaFX Application Thread] DEBUG o.e.t.listeners.EventBus - FIRE: TaskChangedEvent (subscribers: 3)
2026-09-27 14:07:23.318 [JavaFX Application Thread] DEBUG o.e.t.s.project.ProjectServiceImpl - TaskChangedEvent received: projectId=4
2026-09-27 14:07:23.320 [JavaFX Application Thread] DEBUG o.e.t.s.project.ProjectServiceImpl - Project found: Отчётность Q3
2026-09-27 14:07:23.322 [JavaFX Application Thread] DEBUG o.e.t.s.project.ProjectServiceImpl - update(org.example.taskschedulerdesktop.models.Project@2bc96674)
2026-09-27 14:07:23.322 [JavaFX Application Thread] DEBUG o.e.t.r.task.H2TaskRepository - countByProjectName(4)
2026-09-27 14:07:23.323 [JavaFX Application Thread] DEBUG o.e.t.r.task.H2TaskRepository - countTasksByProjectName: 4
2026-09-27 14:07:23.324 [JavaFX Application Thread] DEBUG o.e.t.r.task.H2TaskRepository - countByProjectNameAndStatus(4, COMPLETED)
2026-09-27 14:07:23.325 [JavaFX Application Thread] DEBUG o.e.t.s.project.ProjectServiceImpl - Project: Отчётность Q3, numberOfTasks = 4, completedTasks = 0
2026-09-27 14:07:23.326 [JavaFX Application Thread] DEBUG o.e.t.r.project.H2ProjectRepository - UPDATE project: id=4, numberOfTasks=4, completedTasks=0
2026-09-27 14:07:23.329 [JavaFX Application Thread] DEBUG o.e.t.r.project.H2ProjectRepository - Project updated in DB: Отчётность Q3
2026-09-27 14:07:23.329 [JavaFX Application Thread] DEBUG o.e.t.s.project.ProjectServiceImpl - Project updated: Отчётность Q3
2026-09-27 14:07:23.330 [Thread-7] DEBUG o.e.t.r.task.H2TaskRepository - findAllViews()
2026-09-27 14:07:23.330 [JavaFX Application Thread] DEBUG o.e.t.c.tasks.TaskDetailsController - updateUI()
2026-09-27 14:07:23.331 [JavaFX Application Thread] DEBUG o.e.t.c.tasks.TaskDetailsController - projectName: 4
2026-09-27 14:07:23.331 [JavaFX Application Thread] DEBUG o.e.t.c.tasks.TaskDetailsController - taskName: 1234
2026-09-27 14:07:23.331 [JavaFX Application Thread] DEBUG o.e.t.c.tasks.TaskDetailsController - status: NEW
2026-09-27 14:07:23.331 [JavaFX Application Thread] DEBUG o.e.t.c.tasks.TaskDetailsController - priority: Низкий
2026-09-27 14:07:23.331 [Thread-8] DEBUG o.e.t.r.task.H2TaskRepository - findAllViews()
2026-09-27 14:07:23.332 [JavaFX Application Thread] INFO  o.e.t.c.tasks.TaskDetailsController - UI updated
2026-09-27 14:07:23.333 [Thread-7] DEBUG o.e.t.r.task.H2TaskRepository - Found 17 views
2026-09-27 14:07:23.334 [Thread-8] DEBUG o.e.t.r.task.H2TaskRepository - Found 17 views
2026-09-27 14:07:23.364 [JavaFX Application Thread] DEBUG o.e.t.navigation.NavigationManager - Toast is displayed: Данные обновлены
2026-09-27 14:07:23.374 [JavaFX Application Thread] DEBUG o.e.t.c.review.DashboardController - Found 1 tasks, task status: IN_PROGRESS
2026-09-27 14:07:23.376 [JavaFX Application Thread] DEBUG o.e.t.c.review.DashboardController - Found 1 tasks, task status: UNDER_REVIEW
2026-09-27 14:07:23.377 [JavaFX Application Thread] DEBUG o.e.t.c.review.DashboardController - Found 4 tasks, task status: COMPLETED
2026-09-27 14:07:23.378 [JavaFX Application Thread] DEBUG o.e.t.service.task.AsyncTaskService - onSucceeded returned: 17 tasks
2026-09-27 14:07:23.378 [JavaFX Application Thread] DEBUG o.e.t.c.review.DashboardController - Found 17 tasks
2026-09-27 14:07:23.380 [JavaFX Application Thread] DEBUG o.e.t.service.task.AsyncTaskService - onSucceeded returned: 17 tasks
2026-09-27 14:07:23.380 [JavaFX Application Thread] DEBUG o.e.t.c.tasks.TaskTableController - onSuccess: received 17 tasks
2026-09-27 14:07:23.380 [JavaFX Application Thread] DEBUG o.e.t.c.tasks.TaskTableController - onSuccess: first task: Настроить интеграцию с 1C
2026-09-27 14:07:23.383 [JavaFX Application Thread] DEBUG o.e.t.c.tasks.TaskTableController - Table has: 17 tasks
2026-09-27 14:07:24.088 [JavaFX Application Thread] DEBUG o.e.t.navigation.NavigationManager - Click outside sidebar, closing
2026-09-27 14:07:32.075 [JavaFX Application Thread] DEBUG o.e.t.navigation.NavigationManager - openRightSidebar: path=/org/example/taskschedulerdesktop/view/task_details.fxml, context=org.example.taskschedulerdesktop.dto.tasks.TaskView@227ab86a
2026-09-27 14:07:32.098 [JavaFX Application Thread] INFO  o.e.t.c.tasks.TaskDetailsController - initialize()
2026-09-27 14:07:32.098 [JavaFX Application Thread] DEBUG o.e.t.navigation.NavigationManager - sidebarController found, calling setContext()
2026-09-27 14:07:32.098 [JavaFX Application Thread] INFO  o.e.t.c.tasks.TaskDetailsController - setContext()
2026-09-27 14:07:32.098 [JavaFX Application Thread] DEBUG o.e.t.c.tasks.TaskDetailsController - context = org.example.taskschedulerdesktop.dto.tasks.TaskView@227ab86a
2026-09-27 14:07:32.098 [JavaFX Application Thread] INFO  o.e.t.c.tasks.TaskDetailsController - context saved: 1234
2026-09-27 14:07:32.098 [JavaFX Application Thread] DEBUG o.e.t.c.tasks.TaskDetailsController - updateUI()
2026-09-27 14:07:32.098 [JavaFX Application Thread] DEBUG o.e.t.c.tasks.TaskDetailsController - projectName: 4
2026-09-27 14:07:32.099 [JavaFX Application Thread] DEBUG o.e.t.c.tasks.TaskDetailsController - taskName: 1234
2026-09-27 14:07:32.099 [JavaFX Application Thread] DEBUG o.e.t.c.tasks.TaskDetailsController - status: NEW
2026-09-27 14:07:32.099 [JavaFX Application Thread] DEBUG o.e.t.c.tasks.TaskDetailsController - priority: Низкий
2026-09-27 14:07:32.099 [JavaFX Application Thread] INFO  o.e.t.c.tasks.TaskDetailsController - UI updated
2026-09-27 14:07:32.099 [JavaFX Application Thread] DEBUG o.e.t.c.tasks.TaskDetailsController - updateUI()
2026-09-27 14:07:32.099 [JavaFX Application Thread] DEBUG o.e.t.c.tasks.TaskDetailsController - projectName: 4
2026-09-27 14:07:32.099 [JavaFX Application Thread] DEBUG o.e.t.c.tasks.TaskDetailsController - taskName: 1234
2026-09-27 14:07:32.099 [JavaFX Application Thread] DEBUG o.e.t.c.tasks.TaskDetailsController - status: NEW
2026-09-27 14:07:32.099 [JavaFX Application Thread] DEBUG o.e.t.c.tasks.TaskDetailsController - priority: Низкий
2026-09-27 14:07:32.099 [JavaFX Application Thread] INFO  o.e.t.c.tasks.TaskDetailsController - UI updated
2026-09-27 14:07:33.400 [JavaFX Application Thread] DEBUG o.e.t.navigation.NavigationManager - Click outside sidebar, closing
2026-09-27 14:07:34.930 [JavaFX Application Thread] DEBUG o.e.t.navigation.NavigationManager - openRightSidebar: path=/org/example/taskschedulerdesktop/view/task_details.fxml, context=org.example.taskschedulerdesktop.dto.tasks.TaskView@227ab86a
2026-09-27 14:07:34.951 [JavaFX Application Thread] INFO  o.e.t.c.tasks.TaskDetailsController - initialize()
2026-09-27 14:07:34.952 [JavaFX Application Thread] DEBUG o.e.t.navigation.NavigationManager - sidebarController found, calling setContext()
2026-09-27 14:07:34.952 [JavaFX Application Thread] INFO  o.e.t.c.tasks.TaskDetailsController - setContext()
2026-09-27 14:07:34.952 [JavaFX Application Thread] DEBUG o.e.t.c.tasks.TaskDetailsController - context = org.example.taskschedulerdesktop.dto.tasks.TaskView@227ab86a
2026-09-27 14:07:34.952 [JavaFX Application Thread] INFO  o.e.t.c.tasks.TaskDetailsController - context saved: 1234
2026-09-27 14:07:34.952 [JavaFX Application Thread] DEBUG o.e.t.c.tasks.TaskDetailsController - updateUI()
2026-09-27 14:07:34.952 [JavaFX Application Thread] DEBUG o.e.t.c.tasks.TaskDetailsController - projectName: 4
2026-09-27 14:07:34.953 [JavaFX Application Thread] DEBUG o.e.t.c.tasks.TaskDetailsController - taskName: 1234
2026-09-27 14:07:34.953 [JavaFX Application Thread] DEBUG o.e.t.c.tasks.TaskDetailsController - status: NEW
2026-09-27 14:07:34.953 [JavaFX Application Thread] DEBUG o.e.t.c.tasks.TaskDetailsController - priority: Низкий
2026-09-27 14:07:34.953 [JavaFX Application Thread] INFO  o.e.t.c.tasks.TaskDetailsController - UI updated
2026-09-27 14:07:34.953 [JavaFX Application Thread] DEBUG o.e.t.c.tasks.TaskDetailsController - updateUI()
2026-09-27 14:07:34.954 [JavaFX Application Thread] DEBUG o.e.t.c.tasks.TaskDetailsController - projectName: 4
2026-09-27 14:07:34.954 [JavaFX Application Thread] DEBUG o.e.t.c.tasks.TaskDetailsController - taskName: 1234
2026-09-27 14:07:34.954 [JavaFX Application Thread] DEBUG o.e.t.c.tasks.TaskDetailsController - status: NEW
2026-09-27 14:07:34.954 [JavaFX Application Thread] DEBUG o.e.t.c.tasks.TaskDetailsController - priority: Низкий
2026-09-27 14:07:34.954 [JavaFX Application Thread] INFO  o.e.t.c.tasks.TaskDetailsController - UI updated
2026-09-27 14:07:37.385 [JavaFX Application Thread] DEBUG o.e.t.c.tasks.TaskDetailsController - Click on delete button
2026-09-27 14:07:37.385 [JavaFX Application Thread] INFO  o.e.t.c.tasks.TaskDetailsController - Open delete panel for task: 1234
2026-09-27 14:07:38.140 [Thread-10] DEBUG o.e.t.r.task.H2TaskRepository - delete(13)
2026-09-27 14:07:38.143 [Thread-10] DEBUG o.e.t.r.task.H2TaskRepository - Task deleted: id = 13
2026-09-27 14:07:38.144 [JavaFX Application Thread] DEBUG o.e.t.listeners.EventBus - FIRE: TaskChangedEvent (subscribers: 3)
2026-09-27 14:07:38.144 [JavaFX Application Thread] DEBUG o.e.t.s.project.ProjectServiceImpl - TaskChangedEvent received: projectId=4
2026-09-27 14:07:38.146 [JavaFX Application Thread] DEBUG o.e.t.s.project.ProjectServiceImpl - Project found: Отчётность Q3
2026-09-27 14:07:38.146 [JavaFX Application Thread] DEBUG o.e.t.s.project.ProjectServiceImpl - update(org.example.taskschedulerdesktop.models.Project@3655e180)
2026-09-27 14:07:38.146 [JavaFX Application Thread] DEBUG o.e.t.r.task.H2TaskRepository - countByProjectName(4)
2026-09-27 14:07:38.147 [JavaFX Application Thread] DEBUG o.e.t.r.task.H2TaskRepository - countTasksByProjectName: 3
2026-09-27 14:07:38.148 [JavaFX Application Thread] DEBUG o.e.t.r.task.H2TaskRepository - countByProjectNameAndStatus(4, COMPLETED)
2026-09-27 14:07:38.148 [JavaFX Application Thread] DEBUG o.e.t.s.project.ProjectServiceImpl - Project: Отчётность Q3, numberOfTasks = 3, completedTasks = 0
2026-09-27 14:07:38.150 [JavaFX Application Thread] DEBUG o.e.t.r.project.H2ProjectRepository - UPDATE project: id=4, numberOfTasks=3, completedTasks=0
2026-09-27 14:07:38.150 [JavaFX Application Thread] DEBUG o.e.t.r.project.H2ProjectRepository - Project updated in DB: Отчётность Q3
2026-09-27 14:07:38.151 [JavaFX Application Thread] DEBUG o.e.t.s.project.ProjectServiceImpl - Project updated: Отчётность Q3
2026-09-27 14:07:38.151 [Thread-9] DEBUG o.e.t.r.task.H2TaskRepository - findAllViews()
2026-09-27 14:07:38.153 [Thread-7] DEBUG o.e.t.r.task.H2TaskRepository - findAllViews()
2026-09-27 14:07:38.156 [Thread-7] DEBUG o.e.t.r.task.H2TaskRepository - Found 16 views
2026-09-27 14:07:38.156 [Thread-9] DEBUG o.e.t.r.task.H2TaskRepository - Found 16 views
2026-09-27 14:07:38.179 [JavaFX Application Thread] DEBUG o.e.t.navigation.NavigationManager - Toast is displayed: Задача удалена!
2026-09-27 14:07:38.184 [JavaFX Application Thread] DEBUG o.e.t.c.review.DashboardController - Found 1 tasks, task status: UNDER_REVIEW
2026-09-27 14:07:38.185 [JavaFX Application Thread] DEBUG o.e.t.c.review.DashboardController - Found 1 tasks, task status: IN_PROGRESS
2026-09-27 14:07:38.186 [JavaFX Application Thread] DEBUG o.e.t.service.task.AsyncTaskService - onSucceeded returned: 16 tasks
2026-09-27 14:07:38.186 [JavaFX Application Thread] DEBUG o.e.t.c.review.DashboardController - Found 16 tasks
2026-09-27 14:07:38.187 [JavaFX Application Thread] DEBUG o.e.t.c.review.DashboardController - Found 4 tasks, task status: COMPLETED
2026-09-27 14:07:38.187 [JavaFX Application Thread] DEBUG o.e.t.service.task.AsyncTaskService - onSucceeded returned: 16 tasks
2026-09-27 14:07:38.188 [JavaFX Application Thread] DEBUG o.e.t.c.tasks.TaskTableController - onSuccess: received 16 tasks
2026-09-27 14:07:38.188 [JavaFX Application Thread] DEBUG o.e.t.c.tasks.TaskTableController - onSuccess: first task: Настроить интеграцию с 1C
2026-09-27 14:07:38.189 [JavaFX Application Thread] DEBUG o.e.t.c.tasks.TaskTableController - Table has: 16 tasks
2026-09-27 14:07:42.304 [JavaFX Application Thread] DEBUG o.e.t.navigation.NavigationManager - openRightSidebar: path=/org/example/taskschedulerdesktop/view/task_details.fxml, context=org.example.taskschedulerdesktop.dto.tasks.TaskView@53b12148
2026-09-27 14:07:42.328 [JavaFX Application Thread] INFO  o.e.t.c.tasks.TaskDetailsController - initialize()
2026-09-27 14:07:42.329 [JavaFX Application Thread] DEBUG o.e.t.navigation.NavigationManager - sidebarController found, calling setContext()
2026-09-27 14:07:42.329 [JavaFX Application Thread] INFO  o.e.t.c.tasks.TaskDetailsController - setContext()
2026-09-27 14:07:42.329 [JavaFX Application Thread] DEBUG o.e.t.c.tasks.TaskDetailsController - context = org.example.taskschedulerdesktop.dto.tasks.TaskView@53b12148
2026-09-27 14:07:42.329 [JavaFX Application Thread] INFO  o.e.t.c.tasks.TaskDetailsController - context saved: Перенос базы клиентов
2026-09-27 14:07:42.329 [JavaFX Application Thread] DEBUG o.e.t.c.tasks.TaskDetailsController - updateUI()
2026-09-27 14:07:42.329 [JavaFX Application Thread] DEBUG o.e.t.c.tasks.TaskDetailsController - projectName: 2
2026-09-27 14:07:42.330 [JavaFX Application Thread] DEBUG o.e.t.c.tasks.TaskDetailsController - taskName: Перенос базы клиентов
2026-09-27 14:07:42.330 [JavaFX Application Thread] DEBUG o.e.t.c.tasks.TaskDetailsController - status: NEW
2026-09-27 14:07:42.330 [JavaFX Application Thread] DEBUG o.e.t.c.tasks.TaskDetailsController - priority: Высокий
2026-09-27 14:07:42.330 [JavaFX Application Thread] INFO  o.e.t.c.tasks.TaskDetailsController - UI updated
2026-09-27 14:07:42.330 [JavaFX Application Thread] DEBUG o.e.t.c.tasks.TaskDetailsController - updateUI()
2026-09-27 14:07:42.330 [JavaFX Application Thread] DEBUG o.e.t.c.tasks.TaskDetailsController - projectName: 2
2026-09-27 14:07:42.330 [JavaFX Application Thread] DEBUG o.e.t.c.tasks.TaskDetailsController - taskName: Перенос базы клиентов
2026-09-27 14:07:42.331 [JavaFX Application Thread] DEBUG o.e.t.c.tasks.TaskDetailsController - status: NEW
2026-09-27 14:07:42.331 [JavaFX Application Thread] DEBUG o.e.t.c.tasks.TaskDetailsController - priority: Высокий
2026-09-27 14:07:42.331 [JavaFX Application Thread] INFO  o.e.t.c.tasks.TaskDetailsController - UI updated
2026-09-27 14:07:43.248 [JavaFX Application Thread] DEBUG o.e.t.navigation.NavigationManager - Click outside sidebar, closing
2026-09-27 14:10:45.312 [JavaFX-Launcher] INFO  o.e.t.TaskSchedulerApplication - Name: 'Inter 18pt Regular'
2026-09-27 14:10:45.315 [JavaFX-Launcher] INFO  o.e.t.TaskSchedulerApplication - Family: 'Inter 18pt'
2026-09-27 14:10:45.315 [JavaFX-Launcher] INFO  o.e.t.TaskSchedulerApplication - Style: 'Regular'
2026-09-27 14:10:45.315 [JavaFX-Launcher] DEBUG o.e.t.TaskSchedulerApplication - Font loaded: /org/example/taskschedulerdesktop/fonts/Inter_18pt-Regular.ttf → 'Inter 18pt'
2026-09-27 14:10:45.336 [JavaFX-Launcher] INFO  o.e.t.TaskSchedulerApplication - Name: 'Inter 18pt Medium'
2026-09-27 14:10:45.336 [JavaFX-Launcher] INFO  o.e.t.TaskSchedulerApplication - Family: 'Inter 18pt Medium'
2026-09-27 14:10:45.337 [JavaFX-Launcher] INFO  o.e.t.TaskSchedulerApplication - Style: 'Regular'
2026-09-27 14:10:45.337 [JavaFX-Launcher] DEBUG o.e.t.TaskSchedulerApplication - Font loaded: /org/example/taskschedulerdesktop/fonts/Inter_18pt-Medium.ttf → 'Inter 18pt Medium'
2026-09-27 14:10:45.358 [JavaFX-Launcher] INFO  o.e.t.TaskSchedulerApplication - Name: 'Inter 18pt SemiBold'
2026-09-27 14:10:45.359 [JavaFX-Launcher] INFO  o.e.t.TaskSchedulerApplication - Family: 'Inter 18pt SemiBold'
2026-09-27 14:10:45.359 [JavaFX-Launcher] INFO  o.e.t.TaskSchedulerApplication - Style: 'Regular'
2026-09-27 14:10:45.359 [JavaFX-Launcher] DEBUG o.e.t.TaskSchedulerApplication - Font loaded: /org/example/taskschedulerdesktop/fonts/Inter_18pt-SemiBold.ttf → 'Inter 18pt SemiBold'
2026-09-27 14:10:45.374 [JavaFX-Launcher] INFO  o.e.t.TaskSchedulerApplication - Name: 'Lora Regular'
2026-09-27 14:10:45.375 [JavaFX-Launcher] INFO  o.e.t.TaskSchedulerApplication - Family: 'Lora'
2026-09-27 14:10:45.375 [JavaFX-Launcher] INFO  o.e.t.TaskSchedulerApplication - Style: 'Regular'
2026-09-27 14:10:45.375 [JavaFX-Launcher] DEBUG o.e.t.TaskSchedulerApplication - Font loaded: /org/example/taskschedulerdesktop/fonts/Lora-Regular.ttf → 'Lora'
2026-09-27 14:10:45.395 [JavaFX-Launcher] INFO  o.e.t.TaskSchedulerApplication - Name: 'JetBrains Mono Regular'
2026-09-27 14:10:45.395 [JavaFX-Launcher] INFO  o.e.t.TaskSchedulerApplication - Family: 'JetBrains Mono'
2026-09-27 14:10:45.395 [JavaFX-Launcher] INFO  o.e.t.TaskSchedulerApplication - Style: 'Regular'
2026-09-27 14:10:45.395 [JavaFX-Launcher] DEBUG o.e.t.TaskSchedulerApplication - Font loaded: /org/example/taskschedulerdesktop/fonts/JetBrainsMono-Regular.ttf → 'JetBrains Mono'
2026-09-27 14:10:45.912 [JavaFX Application Thread] DEBUG o.e.t.database.DatabaseConnection - H2 TCP-server started on the port:9092 successful
2026-09-27 14:10:45.914 [JavaFX Application Thread] DEBUG o.e.t.r.task.H2TaskRepository - createTableIfNotExists()
2026-09-27 14:10:45.939 [JavaFX Application Thread] DEBUG o.e.t.r.task.H2TaskRepository - createIndexes()
2026-09-27 14:10:45.956 [JavaFX Application Thread] DEBUG o.e.t.s.project.ProjectServiceImpl - ProjectServiceImpl created
2026-09-27 14:10:45.959 [JavaFX Application Thread] DEBUG o.e.t.listeners.EventBus - SUBSCRIBE: TaskChangedEvent -> 1487721249
2026-09-27 14:10:45.960 [JavaFX Application Thread] DEBUG o.e.t.s.project.ProjectServiceImpl - Subscribe on TaskChangedEvent completed
2026-09-27 14:10:46.318 [JavaFX Application Thread] DEBUG o.e.t.listeners.EventBus - SUBSCRIBE: PageTitleChangedEvent -> 764124341
2026-09-27 14:10:46.348 [JavaFX Application Thread] DEBUG o.e.t.navigation.NavigationManager - Start async loading page: /org/example/taskschedulerdesktop/view/dashboard.fxml
2026-09-27 14:10:46.525 [Thread-6] DEBUG o.e.t.listeners.EventBus - SUBSCRIBE: TaskChangedEvent -> 398947690
2026-09-27 14:10:46.530 [Thread-7] DEBUG o.e.t.r.task.H2TaskRepository - findAllViews()
2026-09-27 14:10:46.534 [JavaFX Application Thread] DEBUG o.e.t.TaskSchedulerApplication - CSS: /org/example/taskschedulerdesktop/styles/style.css
2026-09-27 14:10:46.535 [JavaFX Application Thread] DEBUG o.e.t.TaskSchedulerApplication - CSS: /org/example/taskschedulerdesktop/styles/base.css
2026-09-27 14:10:46.537 [Thread-6] DEBUG o.e.t.c.review.DashboardController - loadProjects()
2026-09-27 14:10:46.538 [JavaFX Application Thread] DEBUG o.e.t.TaskSchedulerApplication - CSS: /org/example/taskschedulerdesktop/styles/row_task_table.css
2026-09-27 14:10:46.540 [JavaFX Application Thread] DEBUG o.e.t.TaskSchedulerApplication - CSS: /org/example/taskschedulerdesktop/styles/task_table_view.css
2026-09-27 14:10:46.543 [Thread-6] DEBUG o.e.t.c.review.DashboardController - load deadlines
2026-09-27 14:10:46.550 [Thread-11] DEBUG o.e.t.s.project.AsyncProjectService - Found 4 projects
2026-09-27 14:10:46.553 [Thread-9] DEBUG o.e.t.r.task.H2TaskRepository - findUpcomingDeadlines(maxDaysUntilDeadline: 7)
2026-09-27 14:10:46.557 [Thread-7] DEBUG o.e.t.r.task.H2TaskRepository - Found 16 views
2026-09-27 14:10:46.614 [Thread-6] DEBUG o.e.t.listeners.EventBus - SUBSCRIBE: TaskChangedEvent -> 1747347102
2026-09-27 14:10:46.614 [Thread-8] DEBUG o.e.t.r.task.H2TaskRepository - findAllViews()
2026-09-27 14:10:46.615 [Thread-6] DEBUG o.e.t.c.review.DashboardController - Task table loaded successfully
2026-09-27 14:10:46.619 [Thread-8] DEBUG o.e.t.r.task.H2TaskRepository - Found 16 views
2026-09-27 14:10:47.102 [JavaFX Application Thread] DEBUG o.e.t.c.review.DashboardController - Found 1 tasks, task status: UNDER_REVIEW
2026-09-27 14:10:47.105 [JavaFX Application Thread] DEBUG o.e.t.c.review.DashboardController - Found 1 tasks, task status: IN_PROGRESS
2026-09-27 14:10:47.107 [JavaFX Application Thread] DEBUG o.e.t.c.review.DashboardController - Found 4 tasks, task status: COMPLETED
2026-09-27 14:10:47.109 [JavaFX Application Thread] DEBUG o.e.t.service.task.AsyncTaskService - onSucceeded returned: 16 tasks
2026-09-27 14:10:47.109 [JavaFX Application Thread] DEBUG o.e.t.c.review.DashboardController - Found 16 tasks
2026-09-27 14:10:47.110 [JavaFX Application Thread] DEBUG o.e.t.c.review.DashboardController - observableList size: 11
2026-09-27 14:10:47.111 [JavaFX Application Thread] DEBUG o.e.t.c.review.DashboardController - deadlinesListView size : 11
2026-09-27 14:10:47.116 [JavaFX Application Thread] DEBUG o.e.t.listeners.EventBus - FIRE: PageTitleChangedEvent (subscribers: 1)
2026-09-27 14:10:47.117 [JavaFX Application Thread] DEBUG o.e.t.navigation.NavigationManager - Page displayed successfully: /org/example/taskschedulerdesktop/view/dashboard.fxml
2026-09-27 14:10:47.117 [JavaFX Application Thread] DEBUG o.e.t.service.task.AsyncTaskService - onSucceeded returned: 16 tasks
2026-09-27 14:10:47.117 [JavaFX Application Thread] DEBUG o.e.t.c.tasks.TaskTableController - onSuccess: received 16 tasks
2026-09-27 14:10:47.118 [JavaFX Application Thread] DEBUG o.e.t.c.tasks.TaskTableController - onSuccess: first task: Настроить интеграцию с 1C
2026-09-27 14:10:47.119 [JavaFX Application Thread] DEBUG o.e.t.c.tasks.TaskTableController - Table has: 16 tasks
2026-09-27 14:10:47.290 [JavaFX Application Thread] DEBUG o.e.t.dto.projects.ProjectListCell - creating project list cell
2026-09-27 14:10:47.328 [JavaFX Application Thread] DEBUG o.e.t.dto.projects.ProjectListCell - project list cell loaded successfully
2026-09-27 14:10:47.482 [JavaFX Application Thread] DEBUG o.e.t.dto.projects.DeadlineListCell - creating deadline list cell
2026-09-27 14:10:47.495 [JavaFX Application Thread] DEBUG o.e.t.dto.projects.DeadlineListCell - deadline list cell loaded successfully
2026-09-27 14:10:47.742 [JavaFX Application Thread] DEBUG o.e.t.dto.projects.ProjectListCell - creating project list cell
2026-09-27 14:10:47.753 [JavaFX Application Thread] DEBUG o.e.t.dto.projects.ProjectListCell - project list cell loaded successfully
2026-09-27 14:10:47.763 [JavaFX Application Thread] DEBUG o.e.t.dto.projects.ProjectListCell - creating project list cell
2026-09-27 14:10:47.774 [JavaFX Application Thread] DEBUG o.e.t.dto.projects.ProjectListCell - project list cell loaded successfully
2026-09-27 14:10:47.784 [JavaFX Application Thread] DEBUG o.e.t.dto.projects.ProjectListCell - creating project list cell
2026-09-27 14:10:47.795 [JavaFX Application Thread] DEBUG o.e.t.dto.projects.ProjectListCell - project list cell loaded successfully
2026-09-27 14:10:47.805 [JavaFX Application Thread] DEBUG o.e.t.dto.projects.ProjectListCell - creating project list cell
2026-09-27 14:10:47.815 [JavaFX Application Thread] DEBUG o.e.t.dto.projects.ProjectListCell - project list cell loaded successfully
2026-09-27 14:10:47.824 [JavaFX Application Thread] DEBUG o.e.t.dto.projects.ProjectListCell - creating project list cell
2026-09-27 14:10:47.834 [JavaFX Application Thread] DEBUG o.e.t.dto.projects.ProjectListCell - project list cell loaded successfully
2026-09-27 14:10:47.836 [JavaFX Application Thread] DEBUG o.e.t.dto.projects.ProjectListCell - creating project list cell
2026-09-27 14:10:47.846 [JavaFX Application Thread] DEBUG o.e.t.dto.projects.ProjectListCell - project list cell loaded successfully
2026-09-27 14:10:47.849 [JavaFX Application Thread] DEBUG o.e.t.dto.projects.ProjectListCell - creating project list cell
2026-09-27 14:10:47.860 [JavaFX Application Thread] DEBUG o.e.t.dto.projects.ProjectListCell - project list cell loaded successfully
2026-09-27 14:10:47.862 [JavaFX Application Thread] DEBUG o.e.t.dto.projects.ProjectListCell - creating project list cell
2026-09-27 14:10:47.872 [JavaFX Application Thread] DEBUG o.e.t.dto.projects.ProjectListCell - project list cell loaded successfully
2026-09-27 14:10:47.874 [JavaFX Application Thread] DEBUG o.e.t.dto.projects.ProjectListCell - creating project list cell
2026-09-27 14:10:47.885 [JavaFX Application Thread] DEBUG o.e.t.dto.projects.ProjectListCell - project list cell loaded successfully
2026-09-27 14:10:47.887 [JavaFX Application Thread] DEBUG o.e.t.dto.projects.ProjectListCell - creating project list cell
2026-09-27 14:10:47.898 [JavaFX Application Thread] DEBUG o.e.t.dto.projects.ProjectListCell - project list cell loaded successfully
2026-09-27 14:10:47.899 [JavaFX Application Thread] DEBUG o.e.t.dto.projects.ProjectListCell - creating project list cell
2026-09-27 14:10:47.919 [JavaFX Application Thread] DEBUG o.e.t.dto.projects.ProjectListCell - project list cell loaded successfully
2026-09-27 14:10:47.921 [JavaFX Application Thread] DEBUG o.e.t.dto.projects.ProjectListCell - creating project list cell
2026-09-27 14:10:47.933 [JavaFX Application Thread] DEBUG o.e.t.dto.projects.ProjectListCell - project list cell loaded successfully
2026-09-27 14:10:47.935 [JavaFX Application Thread] DEBUG o.e.t.dto.projects.ProjectListCell - creating project list cell
2026-09-27 14:10:47.944 [JavaFX Application Thread] DEBUG o.e.t.dto.projects.ProjectListCell - project list cell loaded successfully
2026-09-27 14:10:47.965 [JavaFX Application Thread] DEBUG o.e.t.dto.projects.DeadlineListCell - creating deadline list cell
2026-09-27 14:10:47.973 [JavaFX Application Thread] DEBUG o.e.t.dto.projects.DeadlineListCell - deadline list cell loaded successfully
2026-09-27 14:10:47.982 [JavaFX Application Thread] DEBUG o.e.t.dto.projects.DeadlineListCell - creating deadline list cell
2026-09-27 14:10:47.990 [JavaFX Application Thread] DEBUG o.e.t.dto.projects.DeadlineListCell - deadline list cell loaded successfully
2026-09-27 14:10:47.998 [JavaFX Application Thread] DEBUG o.e.t.dto.projects.DeadlineListCell - creating deadline list cell
2026-09-27 14:10:48.005 [JavaFX Application Thread] DEBUG o.e.t.dto.projects.DeadlineListCell - deadline list cell loaded successfully
2026-09-27 14:10:48.014 [JavaFX Application Thread] DEBUG o.e.t.dto.projects.DeadlineListCell - creating deadline list cell
2026-09-27 14:10:48.023 [JavaFX Application Thread] DEBUG o.e.t.dto.projects.DeadlineListCell - deadline list cell loaded successfully
2026-09-27 14:10:48.030 [JavaFX Application Thread] DEBUG o.e.t.dto.projects.DeadlineListCell - creating deadline list cell
2026-09-27 14:10:48.037 [JavaFX Application Thread] DEBUG o.e.t.dto.projects.DeadlineListCell - deadline list cell loaded successfully
2026-09-27 14:10:48.043 [JavaFX Application Thread] DEBUG o.e.t.dto.projects.DeadlineListCell - creating deadline list cell
2026-09-27 14:10:48.052 [JavaFX Application Thread] DEBUG o.e.t.dto.projects.DeadlineListCell - deadline list cell loaded successfully
2026-09-27 14:10:48.057 [JavaFX Application Thread] DEBUG o.e.t.dto.projects.DeadlineListCell - creating deadline list cell
2026-09-27 14:10:48.064 [JavaFX Application Thread] DEBUG o.e.t.dto.projects.DeadlineListCell - deadline list cell loaded successfully
2026-09-27 14:10:48.068 [JavaFX Application Thread] DEBUG o.e.t.dto.projects.DeadlineListCell - creating deadline list cell
2026-09-27 14:10:48.075 [JavaFX Application Thread] DEBUG o.e.t.dto.projects.DeadlineListCell - deadline list cell loaded successfully
2026-09-27 14:10:51.032 [JavaFX Application Thread] DEBUG o.e.t.dto.projects.DeadlineListCell - creating deadline list cell
2026-09-27 14:10:51.050 [JavaFX Application Thread] DEBUG o.e.t.dto.projects.DeadlineListCell - deadline list cell loaded successfully
2026-09-27 14:10:54.056 [JavaFX Application Thread] DEBUG o.e.t.navigation.NavigationManager - openRightSidebar: path=/org/example/taskschedulerdesktop/view/task_details.fxml, context=org.example.taskschedulerdesktop.dto.tasks.TaskView@2fe7a64b
2026-09-27 14:10:54.158 [JavaFX Application Thread] INFO  o.e.t.c.tasks.TaskDetailsController - initialize()
2026-09-27 14:10:54.161 [JavaFX Application Thread] DEBUG o.e.t.navigation.NavigationManager - sidebarController found, calling setContext()
2026-09-27 14:10:54.161 [JavaFX Application Thread] INFO  o.e.t.c.tasks.TaskDetailsController - setContext()
2026-09-27 14:10:54.161 [JavaFX Application Thread] DEBUG o.e.t.c.tasks.TaskDetailsController - context = org.example.taskschedulerdesktop.dto.tasks.TaskView@2fe7a64b
2026-09-27 14:10:54.161 [JavaFX Application Thread] INFO  o.e.t.c.tasks.TaskDetailsController - context saved: 123
2026-09-27 14:10:54.162 [JavaFX Application Thread] DEBUG o.e.t.c.tasks.TaskDetailsController - updateUI()
2026-09-27 14:10:54.162 [JavaFX Application Thread] DEBUG o.e.t.c.tasks.TaskDetailsController - projectName: 4
2026-09-27 14:10:54.162 [JavaFX Application Thread] DEBUG o.e.t.c.tasks.TaskDetailsController - taskName: 123
2026-09-27 14:10:54.162 [JavaFX Application Thread] DEBUG o.e.t.c.tasks.TaskDetailsController - status: NEW
2026-09-27 14:10:54.162 [JavaFX Application Thread] DEBUG o.e.t.c.tasks.TaskDetailsController - priority: Низкий
2026-09-27 14:10:54.163 [JavaFX Application Thread] INFO  o.e.t.c.tasks.TaskDetailsController - UI updated
2026-09-27 14:10:54.163 [JavaFX Application Thread] DEBUG o.e.t.c.tasks.TaskDetailsController - updateUI()
2026-09-27 14:10:54.163 [JavaFX Application Thread] DEBUG o.e.t.c.tasks.TaskDetailsController - projectName: 4
2026-09-27 14:10:54.163 [JavaFX Application Thread] DEBUG o.e.t.c.tasks.TaskDetailsController - taskName: 123
2026-09-27 14:10:54.163 [JavaFX Application Thread] DEBUG o.e.t.c.tasks.TaskDetailsController - status: NEW
2026-09-27 14:10:54.163 [JavaFX Application Thread] DEBUG o.e.t.c.tasks.TaskDetailsController - priority: Низкий
2026-09-27 14:10:54.164 [JavaFX Application Thread] INFO  o.e.t.c.tasks.TaskDetailsController - UI updated
2026-09-27 14:10:57.020 [JavaFX Application Thread] DEBUG o.e.t.c.tasks.TaskDetailsController - Click on delete button
2026-09-27 14:10:57.020 [JavaFX Application Thread] INFO  o.e.t.c.tasks.TaskDetailsController - Open delete panel for task: 123
2026-09-27 14:10:57.672 [Thread-10] DEBUG o.e.t.r.task.H2TaskRepository - delete(14)
2026-09-27 14:10:57.676 [Thread-10] DEBUG o.e.t.r.task.H2TaskRepository - Task deleted: id = 14
2026-09-27 14:10:57.677 [JavaFX Application Thread] DEBUG o.e.t.listeners.EventBus - FIRE: TaskChangedEvent (subscribers: 3)
2026-09-27 14:10:57.678 [JavaFX Application Thread] DEBUG o.e.t.s.project.ProjectServiceImpl - TaskChangedEvent received: projectId=4
2026-09-27 14:10:57.682 [JavaFX Application Thread] DEBUG o.e.t.s.project.ProjectServiceImpl - Project found: Отчётность Q3
2026-09-27 14:10:57.683 [JavaFX Application Thread] DEBUG o.e.t.s.project.ProjectServiceImpl - update(org.example.taskschedulerdesktop.models.Project@5842a6bc)
2026-09-27 14:10:57.683 [JavaFX Application Thread] DEBUG o.e.t.r.task.H2TaskRepository - countByProjectName(4)
2026-09-27 14:10:57.684 [JavaFX Application Thread] DEBUG o.e.t.r.task.H2TaskRepository - countTasksByProjectName: 2
2026-09-27 14:10:57.685 [JavaFX Application Thread] DEBUG o.e.t.r.task.H2TaskRepository - countByProjectNameAndStatus(4, COMPLETED)
2026-09-27 14:10:57.687 [JavaFX Application Thread] DEBUG o.e.t.s.project.ProjectServiceImpl - Project: Отчётность Q3, numberOfTasks = 2, completedTasks = 0
2026-09-27 14:10:57.688 [JavaFX Application Thread] DEBUG o.e.t.r.project.H2ProjectRepository - UPDATE project: id=4, numberOfTasks=2, completedTasks=0
2026-09-27 14:10:57.694 [JavaFX Application Thread] DEBUG o.e.t.r.project.H2ProjectRepository - Project updated in DB: Отчётность Q3
2026-09-27 14:10:57.694 [JavaFX Application Thread] DEBUG o.e.t.s.project.ProjectServiceImpl - Project updated: Отчётность Q3
2026-09-27 14:10:57.695 [JavaFX Application Thread] DEBUG o.e.t.c.review.DashboardController - load deadlines
2026-09-27 14:10:57.695 [Thread-7] DEBUG o.e.t.r.task.H2TaskRepository - findAllViews()
2026-09-27 14:10:57.696 [Thread-8] DEBUG o.e.t.r.task.H2TaskRepository - findAllViews()
2026-09-27 14:10:57.696 [Thread-9] DEBUG o.e.t.r.task.H2TaskRepository - findUpcomingDeadlines(maxDaysUntilDeadline: 7)
2026-09-27 14:10:57.699 [Thread-7] DEBUG o.e.t.r.task.H2TaskRepository - Found 15 views
2026-09-27 14:10:57.700 [Thread-8] DEBUG o.e.t.r.task.H2TaskRepository - Found 15 views
2026-09-27 14:10:57.744 [JavaFX Application Thread] DEBUG o.e.t.navigation.NavigationManager - Toast is displayed: Задача удалена!
2026-09-27 14:10:57.750 [JavaFX Application Thread] DEBUG o.e.t.c.review.DashboardController - Found 1 tasks, task status: IN_PROGRESS
2026-09-27 14:10:57.751 [JavaFX Application Thread] DEBUG o.e.t.c.review.DashboardController - Found 1 tasks, task status: UNDER_REVIEW
2026-09-27 14:10:57.751 [JavaFX Application Thread] DEBUG o.e.t.c.review.DashboardController - Found 4 tasks, task status: COMPLETED
2026-09-27 14:10:57.752 [JavaFX Application Thread] DEBUG o.e.t.c.review.DashboardController - observableList size: 10
2026-09-27 14:10:57.756 [JavaFX Application Thread] DEBUG o.e.t.c.review.DashboardController - deadlinesListView size : 10
2026-09-27 14:10:57.758 [JavaFX Application Thread] DEBUG o.e.t.service.task.AsyncTaskService - onSucceeded returned: 15 tasks
2026-09-27 14:10:57.758 [JavaFX Application Thread] DEBUG o.e.t.c.review.DashboardController - Found 15 tasks
2026-09-27 14:10:57.760 [JavaFX Application Thread] DEBUG o.e.t.service.task.AsyncTaskService - onSucceeded returned: 15 tasks
2026-09-27 14:10:57.760 [JavaFX Application Thread] DEBUG o.e.t.c.tasks.TaskTableController - onSuccess: received 15 tasks
2026-09-27 14:10:57.760 [JavaFX Application Thread] DEBUG o.e.t.c.tasks.TaskTableController - onSuccess: first task: Настроить интеграцию с 1C
2026-09-27 14:10:57.761 [JavaFX Application Thread] DEBUG o.e.t.c.tasks.TaskTableController - Table has: 15 tasks
2026-09-27 14:11:03.803 [JavaFX Application Thread] DEBUG o.e.t.navigation.NavigationManager - openRightSidebar: path=/org/example/taskschedulerdesktop/view/task_details.fxml, context=org.example.taskschedulerdesktop.dto.tasks.TaskView@6ebc877
2026-09-27 14:11:03.835 [JavaFX Application Thread] INFO  o.e.t.c.tasks.TaskDetailsController - initialize()
2026-09-27 14:11:03.836 [JavaFX Application Thread] DEBUG o.e.t.navigation.NavigationManager - sidebarController found, calling setContext()
2026-09-27 14:11:03.836 [JavaFX Application Thread] INFO  o.e.t.c.tasks.TaskDetailsController - setContext()
2026-09-27 14:11:03.836 [JavaFX Application Thread] DEBUG o.e.t.c.tasks.TaskDetailsController - context = org.example.taskschedulerdesktop.dto.tasks.TaskView@6ebc877
2026-09-27 14:11:03.836 [JavaFX Application Thread] INFO  o.e.t.c.tasks.TaskDetailsController - context saved: 123
2026-09-27 14:11:03.836 [JavaFX Application Thread] DEBUG o.e.t.c.tasks.TaskDetailsController - updateUI()
2026-09-27 14:11:03.836 [JavaFX Application Thread] DEBUG o.e.t.c.tasks.TaskDetailsController - projectName: 6
2026-09-27 14:11:03.837 [JavaFX Application Thread] DEBUG o.e.t.c.tasks.TaskDetailsController - taskName: 123
2026-09-27 14:11:03.837 [JavaFX Application Thread] DEBUG o.e.t.c.tasks.TaskDetailsController - status: NEW
2026-09-27 14:11:03.837 [JavaFX Application Thread] DEBUG o.e.t.c.tasks.TaskDetailsController - priority: Низкий
2026-09-27 14:11:03.837 [JavaFX Application Thread] INFO  o.e.t.c.tasks.TaskDetailsController - UI updated
2026-09-27 14:11:03.837 [JavaFX Application Thread] DEBUG o.e.t.c.tasks.TaskDetailsController - updateUI()
2026-09-27 14:11:03.837 [JavaFX Application Thread] DEBUG o.e.t.c.tasks.TaskDetailsController - projectName: 6
2026-09-27 14:11:03.837 [JavaFX Application Thread] DEBUG o.e.t.c.tasks.TaskDetailsController - taskName: 123
2026-09-27 14:11:03.838 [JavaFX Application Thread] DEBUG o.e.t.c.tasks.TaskDetailsController - status: NEW
2026-09-27 14:11:03.838 [JavaFX Application Thread] DEBUG o.e.t.c.tasks.TaskDetailsController - priority: Низкий
2026-09-27 14:11:03.838 [JavaFX Application Thread] INFO  o.e.t.c.tasks.TaskDetailsController - UI updated
2026-09-27 14:11:04.924 [JavaFX Application Thread] DEBUG o.e.t.c.tasks.TaskDetailsController - Click on delete button
2026-09-27 14:11:04.924 [JavaFX Application Thread] INFO  o.e.t.c.tasks.TaskDetailsController - Open delete panel for task: 123
2026-09-27 14:11:05.611 [Thread-10] DEBUG o.e.t.r.task.H2TaskRepository - delete(12)
2026-09-27 14:11:05.613 [Thread-10] DEBUG o.e.t.r.task.H2TaskRepository - Task deleted: id = 12
2026-09-27 14:11:05.614 [JavaFX Application Thread] DEBUG o.e.t.listeners.EventBus - FIRE: TaskChangedEvent (subscribers: 3)
2026-09-27 14:11:05.615 [JavaFX Application Thread] DEBUG o.e.t.s.project.ProjectServiceImpl - TaskChangedEvent received: projectId=6
2026-09-27 14:11:05.616 [JavaFX Application Thread] ERROR o.e.t.s.project.ProjectServiceImpl - Error updating project 
org.example.taskschedulerdesktop.exeptions.NotFoundException: 
	at org.example.taskschedulerdesktop/org.example.taskschedulerdesktop.service.project.ProjectServiceImpl.lambda$new$0(ProjectServiceImpl.java:35)
	at java.base/java.util.Optional.orElseThrow(Optional.java:403)
	at org.example.taskschedulerdesktop/org.example.taskschedulerdesktop.service.project.ProjectServiceImpl.lambda$new$1(ProjectServiceImpl.java:35)
	at org.example.taskschedulerdesktop/org.example.taskschedulerdesktop.listeners.EventBus.fire(EventBus.java:65)
	at org.example.taskschedulerdesktop/org.example.taskschedulerdesktop.service.task.AsyncTaskService.lambda$deleteTask$7(AsyncTaskService.java:141)
	at javafx.base@21/com.sun.javafx.event.CompositeEventHandler.dispatchBubblingEvent(CompositeEventHandler.java:86)
	at javafx.base@21/com.sun.javafx.event.EventHandlerManager.dispatchBubblingEvent(EventHandlerManager.java:232)
	at javafx.base@21/com.sun.javafx.event.EventHandlerManager.dispatchBubblingEvent(EventHandlerManager.java:189)
	at javafx.base@21/com.sun.javafx.event.BasicEventDispatcher.dispatchEvent(BasicEventDispatcher.java:58)
	at javafx.base@21/com.sun.javafx.event.EventDispatchChainImpl.dispatchEvent(EventDispatchChainImpl.java:114)
	at javafx.base@21/com.sun.javafx.event.EventUtil.fireEventImpl(EventUtil.java:74)
	at javafx.base@21/com.sun.javafx.event.EventUtil.fireEvent(EventUtil.java:54)
	at javafx.base@21/javafx.event.Event.fireEvent(Event.java:198)
	at javafx.graphics@21/javafx.concurrent.EventHelper.fireEvent(EventHelper.java:219)
	at javafx.graphics@21/javafx.concurrent.Task.fireEvent(Task.java:1332)
	at javafx.graphics@21/javafx.concurrent.Task.setState(Task.java:725)
	at javafx.graphics@21/javafx.concurrent.Task$TaskCallable.lambda$call$1(Task.java:1410)
	at javafx.graphics@21/com.sun.javafx.application.PlatformImpl.lambda$runLater$10(PlatformImpl.java:456)
	at java.base/java.security.AccessController.doPrivileged(AccessController.java:400)
	at javafx.graphics@21/com.sun.javafx.application.PlatformImpl.lambda$runLater$11(PlatformImpl.java:455)
	at javafx.graphics@21/com.sun.glass.ui.InvokeLaterDispatcher$Future.run(InvokeLaterDispatcher.java:95)
	at javafx.graphics@21/com.sun.glass.ui.win.WinApplication._runLoop(Native Method)
	at javafx.graphics@21/com.sun.glass.ui.win.WinApplication.lambda$runLoop$3(WinApplication.java:185)
	at java.base/java.lang.Thread.run(Thread.java:1583)
2026-09-27 14:11:05.619 [JavaFX Application Thread] DEBUG o.e.t.c.review.DashboardController - load deadlines
2026-09-27 14:11:05.620 [Thread-9] DEBUG o.e.t.r.task.H2TaskRepository - findAllViews()
2026-09-27 14:11:05.621 [Thread-10] DEBUG o.e.t.r.task.H2TaskRepository - findAllViews()
2026-09-27 14:11:05.621 [Thread-7] DEBUG o.e.t.r.task.H2TaskRepository - findUpcomingDeadlines(maxDaysUntilDeadline: 7)
2026-09-27 14:11:05.623 [Thread-9] DEBUG o.e.t.r.task.H2TaskRepository - Found 14 views
2026-09-27 14:11:05.625 [Thread-10] DEBUG o.e.t.r.task.H2TaskRepository - Found 14 views
2026-09-27 14:11:05.649 [JavaFX Application Thread] DEBUG o.e.t.navigation.NavigationManager - Toast is displayed: Задача удалена!
2026-09-27 14:11:05.653 [JavaFX Application Thread] DEBUG o.e.t.c.review.DashboardController - Found 1 tasks, task status: IN_PROGRESS
2026-09-27 14:11:05.653 [JavaFX Application Thread] DEBUG o.e.t.c.review.DashboardController - Found 4 tasks, task status: COMPLETED
2026-09-27 14:11:05.654 [JavaFX Application Thread] DEBUG o.e.t.service.task.AsyncTaskService - onSucceeded returned: 14 tasks
2026-09-27 14:11:05.654 [JavaFX Application Thread] DEBUG o.e.t.c.review.DashboardController - Found 14 tasks
2026-09-27 14:11:05.655 [JavaFX Application Thread] DEBUG o.e.t.c.review.DashboardController - Found 1 tasks, task status: UNDER_REVIEW
2026-09-27 14:11:05.655 [JavaFX Application Thread] DEBUG o.e.t.c.review.DashboardController - observableList size: 9
2026-09-27 14:11:05.658 [JavaFX Application Thread] DEBUG o.e.t.c.review.DashboardController - deadlinesListView size : 9
2026-09-27 14:11:05.659 [JavaFX Application Thread] DEBUG o.e.t.service.task.AsyncTaskService - onSucceeded returned: 14 tasks
2026-09-27 14:11:05.659 [JavaFX Application Thread] DEBUG o.e.t.c.tasks.TaskTableController - onSuccess: received 14 tasks
2026-09-27 14:11:05.661 [JavaFX Application Thread] DEBUG o.e.t.c.tasks.TaskTableController - onSuccess: first task: Настроить интеграцию с 1C
2026-09-27 14:11:05.661 [JavaFX Application Thread] DEBUG o.e.t.c.tasks.TaskTableController - Table has: 14 tasks
2026-09-27 14:11:15.223 [JavaFX Application Thread] DEBUG o.e.t.navigation.NavigationManager - openRightSidebar: path=/org/example/taskschedulerdesktop/view/task_details.fxml, context=org.example.taskschedulerdesktop.dto.tasks.TaskView@3598ac45
2026-09-27 14:11:15.250 [JavaFX Application Thread] INFO  o.e.t.c.tasks.TaskDetailsController - initialize()
2026-09-27 14:11:15.251 [JavaFX Application Thread] DEBUG o.e.t.navigation.NavigationManager - sidebarController found, calling setContext()
2026-09-27 14:11:15.251 [JavaFX Application Thread] INFO  o.e.t.c.tasks.TaskDetailsController - setContext()
2026-09-27 14:11:15.251 [JavaFX Application Thread] DEBUG o.e.t.c.tasks.TaskDetailsController - context = org.example.taskschedulerdesktop.dto.tasks.TaskView@3598ac45
2026-09-27 14:11:15.251 [JavaFX Application Thread] INFO  o.e.t.c.tasks.TaskDetailsController - context saved: 1234
2026-09-27 14:11:15.251 [JavaFX Application Thread] DEBUG o.e.t.c.tasks.TaskDetailsController - updateUI()
2026-09-27 14:11:15.251 [JavaFX Application Thread] DEBUG o.e.t.c.tasks.TaskDetailsController - projectName: 2
2026-09-27 14:11:15.251 [JavaFX Application Thread] DEBUG o.e.t.c.tasks.TaskDetailsController - taskName: 1234
2026-09-27 14:11:15.252 [JavaFX Application Thread] DEBUG o.e.t.c.tasks.TaskDetailsController - status: NEW
2026-09-27 14:11:15.252 [JavaFX Application Thread] DEBUG o.e.t.c.tasks.TaskDetailsController - priority: Низкий
2026-09-27 14:11:15.252 [JavaFX Application Thread] INFO  o.e.t.c.tasks.TaskDetailsController - UI updated
2026-09-27 14:11:15.252 [JavaFX Application Thread] DEBUG o.e.t.c.tasks.TaskDetailsController - updateUI()
2026-09-27 14:11:15.252 [JavaFX Application Thread] DEBUG o.e.t.c.tasks.TaskDetailsController - projectName: 2
2026-09-27 14:11:15.252 [JavaFX Application Thread] DEBUG o.e.t.c.tasks.TaskDetailsController - taskName: 1234
2026-09-27 14:11:15.252 [JavaFX Application Thread] DEBUG o.e.t.c.tasks.TaskDetailsController - status: NEW
2026-09-27 14:11:15.253 [JavaFX Application Thread] DEBUG o.e.t.c.tasks.TaskDetailsController - priority: Низкий
2026-09-27 14:11:15.253 [JavaFX Application Thread] INFO  o.e.t.c.tasks.TaskDetailsController - UI updated
2026-09-27 14:11:16.230 [JavaFX Application Thread] DEBUG o.e.t.c.tasks.TaskDetailsController - Click on delete button
2026-09-27 14:11:16.231 [JavaFX Application Thread] INFO  o.e.t.c.tasks.TaskDetailsController - Open delete panel for task: 1234
2026-09-27 14:11:16.826 [Thread-9] DEBUG o.e.t.r.task.H2TaskRepository - delete(28)
2026-09-27 14:11:16.828 [Thread-9] DEBUG o.e.t.r.task.H2TaskRepository - Task deleted: id = 28
2026-09-27 14:11:16.829 [JavaFX Application Thread] DEBUG o.e.t.listeners.EventBus - FIRE: TaskChangedEvent (subscribers: 3)
2026-09-27 14:11:16.830 [JavaFX Application Thread] DEBUG o.e.t.s.project.ProjectServiceImpl - TaskChangedEvent received: projectId=2
2026-09-27 14:11:16.830 [JavaFX Application Thread] DEBUG o.e.t.s.project.ProjectServiceImpl - Project found: Миграция CRM
2026-09-27 14:11:16.831 [JavaFX Application Thread] DEBUG o.e.t.s.project.ProjectServiceImpl - update(org.example.taskschedulerdesktop.models.Project@6e05bfb7)
2026-09-27 14:11:16.831 [JavaFX Application Thread] DEBUG o.e.t.r.task.H2TaskRepository - countByProjectName(2)
2026-09-27 14:11:16.832 [JavaFX Application Thread] DEBUG o.e.t.r.task.H2TaskRepository - countTasksByProjectName: 5
2026-09-27 14:11:16.832 [JavaFX Application Thread] DEBUG o.e.t.r.task.H2TaskRepository - countByProjectNameAndStatus(2, COMPLETED)
2026-09-27 14:11:16.833 [JavaFX Application Thread] DEBUG o.e.t.s.project.ProjectServiceImpl - Project: Миграция CRM, numberOfTasks = 5, completedTasks = 1
2026-09-27 14:11:16.833 [JavaFX Application Thread] DEBUG o.e.t.r.project.H2ProjectRepository - UPDATE project: id=2, numberOfTasks=5, completedTasks=1
2026-09-27 14:11:16.834 [JavaFX Application Thread] DEBUG o.e.t.r.project.H2ProjectRepository - Project updated in DB: Миграция CRM
2026-09-27 14:11:16.835 [JavaFX Application Thread] DEBUG o.e.t.s.project.ProjectServiceImpl - Project updated: Миграция CRM
2026-09-27 14:11:16.835 [JavaFX Application Thread] DEBUG o.e.t.c.review.DashboardController - load deadlines
2026-09-27 14:11:16.835 [Thread-8] DEBUG o.e.t.r.task.H2TaskRepository - findAllViews()
2026-09-27 14:11:16.836 [Thread-10] DEBUG o.e.t.r.task.H2TaskRepository - findUpcomingDeadlines(maxDaysUntilDeadline: 7)
2026-09-27 14:11:16.836 [Thread-9] DEBUG o.e.t.r.task.H2TaskRepository - findAllViews()
2026-09-27 14:11:16.838 [Thread-8] DEBUG o.e.t.r.task.H2TaskRepository - Found 13 views
2026-09-27 14:11:16.839 [Thread-9] DEBUG o.e.t.r.task.H2TaskRepository - Found 13 views
2026-09-27 14:11:16.863 [JavaFX Application Thread] DEBUG o.e.t.navigation.NavigationManager - Toast is displayed: Задача удалена!
2026-09-27 14:11:16.866 [JavaFX Application Thread] DEBUG o.e.t.c.review.DashboardController - Found 1 tasks, task status: UNDER_REVIEW
2026-09-27 14:11:16.866 [JavaFX Application Thread] DEBUG o.e.t.c.review.DashboardController - Found 4 tasks, task status: COMPLETED
2026-09-27 14:11:16.867 [JavaFX Application Thread] DEBUG o.e.t.c.review.DashboardController - Found 1 tasks, task status: IN_PROGRESS
2026-09-27 14:11:16.867 [JavaFX Application Thread] DEBUG o.e.t.service.task.AsyncTaskService - onSucceeded returned: 13 tasks
2026-09-27 14:11:16.868 [JavaFX Application Thread] DEBUG o.e.t.c.review.DashboardController - Found 13 tasks
2026-09-27 14:11:16.868 [JavaFX Application Thread] DEBUG o.e.t.service.task.AsyncTaskService - onSucceeded returned: 13 tasks
2026-09-27 14:11:16.868 [JavaFX Application Thread] DEBUG o.e.t.c.tasks.TaskTableController - onSuccess: received 13 tasks
2026-09-27 14:11:16.868 [JavaFX Application Thread] DEBUG o.e.t.c.tasks.TaskTableController - onSuccess: first task: Настроить интеграцию с 1C
2026-09-27 14:11:16.869 [JavaFX Application Thread] DEBUG o.e.t.c.tasks.TaskTableController - Table has: 13 tasks
2026-09-27 14:11:16.869 [JavaFX Application Thread] DEBUG o.e.t.c.review.DashboardController - observableList size: 8
2026-09-27 14:11:16.873 [JavaFX Application Thread] DEBUG o.e.t.c.review.DashboardController - deadlinesListView size : 8
2026-09-27 14:11:18.732 [JavaFX Application Thread] DEBUG o.e.t.navigation.NavigationManager - openRightSidebar: path=/org/example/taskschedulerdesktop/view/task_details.fxml, context=org.example.taskschedulerdesktop.dto.tasks.TaskView@22974047
2026-09-27 14:11:18.758 [JavaFX Application Thread] INFO  o.e.t.c.tasks.TaskDetailsController - initialize()
2026-09-27 14:11:18.758 [JavaFX Application Thread] DEBUG o.e.t.navigation.NavigationManager - sidebarController found, calling setContext()
2026-09-27 14:11:18.758 [JavaFX Application Thread] INFO  o.e.t.c.tasks.TaskDetailsController - setContext()
2026-09-27 14:11:18.758 [JavaFX Application Thread] DEBUG o.e.t.c.tasks.TaskDetailsController - context = org.example.taskschedulerdesktop.dto.tasks.TaskView@22974047
2026-09-27 14:11:18.759 [JavaFX Application Thread] INFO  o.e.t.c.tasks.TaskDetailsController - context saved: 12345
2026-09-27 14:11:18.759 [JavaFX Application Thread] DEBUG o.e.t.c.tasks.TaskDetailsController - updateUI()
2026-09-27 14:11:18.760 [JavaFX Application Thread] DEBUG o.e.t.c.tasks.TaskDetailsController - projectName: 1
2026-09-27 14:11:18.760 [JavaFX Application Thread] DEBUG o.e.t.c.tasks.TaskDetailsController - taskName: 12345
2026-09-27 14:11:18.760 [JavaFX Application Thread] DEBUG o.e.t.c.tasks.TaskDetailsController - status: NEW
2026-09-27 14:11:18.760 [JavaFX Application Thread] DEBUG o.e.t.c.tasks.TaskDetailsController - priority: Низкий
2026-09-27 14:11:18.760 [JavaFX Application Thread] INFO  o.e.t.c.tasks.TaskDetailsController - UI updated
2026-09-27 14:11:18.760 [JavaFX Application Thread] DEBUG o.e.t.c.tasks.TaskDetailsController - updateUI()
2026-09-27 14:11:18.760 [JavaFX Application Thread] DEBUG o.e.t.c.tasks.TaskDetailsController - projectName: 1
2026-09-27 14:11:18.760 [JavaFX Application Thread] DEBUG o.e.t.c.tasks.TaskDetailsController - taskName: 12345
2026-09-27 14:11:18.762 [JavaFX Application Thread] DEBUG o.e.t.c.tasks.TaskDetailsController - status: NEW
2026-09-27 14:11:18.762 [JavaFX Application Thread] DEBUG o.e.t.c.tasks.TaskDetailsController - priority: Низкий
2026-09-27 14:11:18.762 [JavaFX Application Thread] INFO  o.e.t.c.tasks.TaskDetailsController - UI updated
2026-09-27 14:11:19.837 [JavaFX Application Thread] DEBUG o.e.t.c.tasks.TaskDetailsController - Click on delete button
2026-09-27 14:11:19.838 [JavaFX Application Thread] INFO  o.e.t.c.tasks.TaskDetailsController - Open delete panel for task: 12345
2026-09-27 14:11:20.448 [Thread-7] DEBUG o.e.t.r.task.H2TaskRepository - delete(27)
2026-09-27 14:11:20.450 [Thread-7] DEBUG o.e.t.r.task.H2TaskRepository - Task deleted: id = 27
2026-09-27 14:11:20.451 [JavaFX Application Thread] DEBUG o.e.t.listeners.EventBus - FIRE: TaskChangedEvent (subscribers: 3)
2026-09-27 14:11:20.451 [JavaFX Application Thread] DEBUG o.e.t.s.project.ProjectServiceImpl - TaskChangedEvent received: projectId=1
2026-09-27 14:11:20.452 [JavaFX Application Thread] DEBUG o.e.t.s.project.ProjectServiceImpl - Project found: Редизайн портала
2026-09-27 14:11:20.452 [JavaFX Application Thread] DEBUG o.e.t.s.project.ProjectServiceImpl - update(org.example.taskschedulerdesktop.models.Project@41b93124)
2026-09-27 14:11:20.453 [JavaFX Application Thread] DEBUG o.e.t.r.task.H2TaskRepository - countByProjectName(1)
2026-09-27 14:11:20.453 [JavaFX Application Thread] DEBUG o.e.t.r.task.H2TaskRepository - countTasksByProjectName: 2
2026-09-27 14:11:20.454 [JavaFX Application Thread] DEBUG o.e.t.r.task.H2TaskRepository - countByProjectNameAndStatus(1, COMPLETED)
2026-09-27 14:11:20.454 [JavaFX Application Thread] DEBUG o.e.t.s.project.ProjectServiceImpl - Project: Редизайн портала, numberOfTasks = 2, completedTasks = 2
2026-09-27 14:11:20.455 [JavaFX Application Thread] DEBUG o.e.t.r.project.H2ProjectRepository - UPDATE project: id=1, numberOfTasks=2, completedTasks=2
2026-09-27 14:11:20.456 [JavaFX Application Thread] DEBUG o.e.t.r.project.H2ProjectRepository - Project updated in DB: Редизайн портала
2026-09-27 14:11:20.456 [JavaFX Application Thread] DEBUG o.e.t.s.project.ProjectServiceImpl - Project updated: Редизайн портала
2026-09-27 14:11:20.457 [JavaFX Application Thread] DEBUG o.e.t.c.review.DashboardController - load deadlines
2026-09-27 14:11:20.457 [Thread-8] DEBUG o.e.t.r.task.H2TaskRepository - findAllViews()
2026-09-27 14:11:20.458 [Thread-10] DEBUG o.e.t.r.task.H2TaskRepository - findAllViews()
2026-09-27 14:11:20.458 [Thread-9] DEBUG o.e.t.r.task.H2TaskRepository - findUpcomingDeadlines(maxDaysUntilDeadline: 7)
2026-09-27 14:11:20.460 [Thread-8] DEBUG o.e.t.r.task.H2TaskRepository - Found 12 views
2026-09-27 14:11:20.460 [Thread-10] DEBUG o.e.t.r.task.H2TaskRepository - Found 12 views
2026-09-27 14:11:20.483 [JavaFX Application Thread] DEBUG o.e.t.navigation.NavigationManager - Toast is displayed: Задача удалена!
2026-09-27 14:11:20.486 [JavaFX Application Thread] DEBUG o.e.t.c.review.DashboardController - Found 1 tasks, task status: IN_PROGRESS
2026-09-27 14:11:20.487 [JavaFX Application Thread] DEBUG o.e.t.c.review.DashboardController - Found 1 tasks, task status: UNDER_REVIEW
2026-09-27 14:11:20.487 [JavaFX Application Thread] DEBUG o.e.t.c.review.DashboardController - Found 4 tasks, task status: COMPLETED
2026-09-27 14:11:20.488 [JavaFX Application Thread] DEBUG o.e.t.service.task.AsyncTaskService - onSucceeded returned: 12 tasks
2026-09-27 14:11:20.488 [JavaFX Application Thread] DEBUG o.e.t.c.review.DashboardController - Found 12 tasks
2026-09-27 14:11:20.489 [JavaFX Application Thread] DEBUG o.e.t.service.task.AsyncTaskService - onSucceeded returned: 12 tasks
2026-09-27 14:11:20.489 [JavaFX Application Thread] DEBUG o.e.t.c.tasks.TaskTableController - onSuccess: received 12 tasks
2026-09-27 14:11:20.489 [JavaFX Application Thread] DEBUG o.e.t.c.tasks.TaskTableController - onSuccess: first task: Настроить интеграцию с 1C
2026-09-27 14:11:20.489 [JavaFX Application Thread] DEBUG o.e.t.c.tasks.TaskTableController - Table has: 12 tasks
2026-09-27 14:11:20.490 [JavaFX Application Thread] DEBUG o.e.t.c.review.DashboardController - observableList size: 7
2026-09-27 14:11:20.494 [JavaFX Application Thread] DEBUG o.e.t.c.review.DashboardController - deadlinesListView size : 7
2026-09-27 14:11:20.512 [JavaFX Application Thread] DEBUG o.e.t.dto.projects.DeadlineListCell - creating deadline list cell
2026-09-27 14:11:20.518 [JavaFX Application Thread] DEBUG o.e.t.dto.projects.DeadlineListCell - deadline list cell loaded successfully
2026-09-27 14:11:35.865 [Thread-12] DEBUG o.e.t.s.project.AsyncProjectService - Found 4 projects
2026-09-27 14:11:53.768 [JavaFX Application Thread] DEBUG o.e.t.c.tasks.CreateTaskController - createTaskButton.getScene() = javafx.scene.Scene@1fbde5f1
2026-09-27 14:11:53.768 [Thread-7] DEBUG o.e.t.service.task.TaskServiceImpl - save(org.example.taskschedulerdesktop.models.Task@33cf1957)
2026-09-27 14:11:53.769 [JavaFX Application Thread] DEBUG o.e.t.c.tasks.CreateTaskController - createTaskButton.getScene().getWindow() = javafx.stage.Stage@79ce39a0
2026-09-27 14:11:53.769 [Thread-7] DEBUG o.e.t.r.task.H2TaskRepository - save(org.example.taskschedulerdesktop.models.Task@33cf1957)
2026-09-27 14:11:53.776 [Thread-7] DEBUG o.e.t.r.task.H2TaskRepository - Task saved: id = 29
2026-09-27 14:11:53.777 [Thread-7] DEBUG o.e.t.service.task.TaskServiceImpl - TaskChangedEvent: projectId=1, taskName=Тест дедлайнов
2026-09-27 14:11:53.777 [Thread-7] DEBUG o.e.t.listeners.EventBus - FIRE: TaskChangedEvent (subscribers: 3)
2026-09-27 14:11:53.777 [Thread-7] DEBUG o.e.t.s.project.ProjectServiceImpl - TaskChangedEvent received: projectId=1
2026-09-27 14:11:53.778 [Thread-7] DEBUG o.e.t.s.project.ProjectServiceImpl - Project found: Редизайн портала
2026-09-27 14:11:53.778 [Thread-7] DEBUG o.e.t.s.project.ProjectServiceImpl - update(org.example.taskschedulerdesktop.models.Project@3cec4c37)
2026-09-27 14:11:53.778 [Thread-7] DEBUG o.e.t.r.task.H2TaskRepository - countByProjectName(1)
2026-09-27 14:11:53.779 [Thread-7] DEBUG o.e.t.r.task.H2TaskRepository - countTasksByProjectName: 3
2026-09-27 14:11:53.780 [Thread-7] DEBUG o.e.t.r.task.H2TaskRepository - countByProjectNameAndStatus(1, COMPLETED)
2026-09-27 14:11:53.781 [Thread-7] DEBUG o.e.t.s.project.ProjectServiceImpl - Project: Редизайн портала, numberOfTasks = 3, completedTasks = 2
2026-09-27 14:11:53.781 [Thread-7] DEBUG o.e.t.r.project.H2ProjectRepository - UPDATE project: id=1, numberOfTasks=3, completedTasks=2
2026-09-27 14:11:53.783 [Thread-7] DEBUG o.e.t.r.project.H2ProjectRepository - Project updated in DB: Редизайн портала
2026-09-27 14:11:53.783 [Thread-7] DEBUG o.e.t.s.project.ProjectServiceImpl - Project updated: Редизайн портала
2026-09-27 14:11:53.783 [Thread-7] DEBUG o.e.t.c.review.DashboardController - load deadlines
2026-09-27 14:11:53.784 [Thread-7] DEBUG o.e.t.service.task.TaskServiceImpl - Event TaskChangedEvent sent: projectName = 1
2026-09-27 14:11:53.784 [Thread-8] DEBUG o.e.t.r.task.H2TaskRepository - findAllViews()
2026-09-27 14:11:53.785 [Thread-10] DEBUG o.e.t.r.task.H2TaskRepository - findAllViews()
2026-09-27 14:11:53.785 [Thread-9] DEBUG o.e.t.r.task.H2TaskRepository - findUpcomingDeadlines(maxDaysUntilDeadline: 7)
2026-09-27 14:11:53.786 [Thread-10] DEBUG o.e.t.r.task.H2TaskRepository - Found 13 views
2026-09-27 14:11:53.786 [Thread-8] DEBUG o.e.t.r.task.H2TaskRepository - Found 13 views
2026-09-27 14:11:53.787 [JavaFX Application Thread] DEBUG o.e.t.listeners.EventBus - FIRE: TaskChangedEvent (subscribers: 3)
2026-09-27 14:11:53.789 [JavaFX Application Thread] DEBUG o.e.t.s.project.ProjectServiceImpl - TaskChangedEvent received: projectId=1
2026-09-27 14:11:53.789 [JavaFX Application Thread] DEBUG o.e.t.s.project.ProjectServiceImpl - Project found: Редизайн портала
2026-09-27 14:11:53.790 [JavaFX Application Thread] DEBUG o.e.t.s.project.ProjectServiceImpl - update(org.example.taskschedulerdesktop.models.Project@148d4d70)
2026-09-27 14:11:53.790 [JavaFX Application Thread] DEBUG o.e.t.r.task.H2TaskRepository - countByProjectName(1)
2026-09-27 14:11:53.791 [JavaFX Application Thread] DEBUG o.e.t.r.task.H2TaskRepository - countTasksByProjectName: 3
2026-09-27 14:11:53.791 [JavaFX Application Thread] DEBUG o.e.t.r.task.H2TaskRepository - countByProjectNameAndStatus(1, COMPLETED)
2026-09-27 14:11:53.792 [JavaFX Application Thread] DEBUG o.e.t.s.project.ProjectServiceImpl - Project: Редизайн портала, numberOfTasks = 3, completedTasks = 2
2026-09-27 14:11:53.792 [JavaFX Application Thread] DEBUG o.e.t.r.project.H2ProjectRepository - UPDATE project: id=1, numberOfTasks=3, completedTasks=2
2026-09-27 14:11:53.793 [JavaFX Application Thread] DEBUG o.e.t.r.project.H2ProjectRepository - Project updated in DB: Редизайн портала
2026-09-27 14:11:53.793 [JavaFX Application Thread] DEBUG o.e.t.s.project.ProjectServiceImpl - Project updated: Редизайн портала
2026-09-27 14:11:53.794 [JavaFX Application Thread] DEBUG o.e.t.c.review.DashboardController - load deadlines
2026-09-27 14:11:53.794 [Thread-7] DEBUG o.e.t.r.task.H2TaskRepository - findAllViews()
2026-09-27 14:11:53.794 [JavaFX Application Thread] DEBUG o.e.t.navigation.NavigationManager - Close Stage: Новая задача
2026-09-27 14:11:53.794 [Thread-9] DEBUG o.e.t.r.task.H2TaskRepository - findUpcomingDeadlines(maxDaysUntilDeadline: 7)
2026-09-27 14:11:53.795 [Thread-10] DEBUG o.e.t.r.task.H2TaskRepository - findAllViews()
2026-09-27 14:11:53.797 [Thread-10] DEBUG o.e.t.r.task.H2TaskRepository - Found 13 views
2026-09-27 14:11:53.798 [Thread-7] DEBUG o.e.t.r.task.H2TaskRepository - Found 13 views
2026-09-27 14:11:53.818 [JavaFX Application Thread] DEBUG o.e.t.navigation.NavigationManager - Toast is displayed: Задача сохранена
2026-09-27 14:11:53.820 [JavaFX Application Thread] DEBUG o.e.t.c.review.DashboardController - Found 1 tasks, task status: UNDER_REVIEW
2026-09-27 14:11:53.820 [JavaFX Application Thread] DEBUG o.e.t.c.review.DashboardController - Found 1 tasks, task status: IN_PROGRESS
2026-09-27 14:11:53.820 [JavaFX Application Thread] DEBUG o.e.t.c.review.DashboardController - Found 4 tasks, task status: COMPLETED
2026-09-27 14:11:53.821 [JavaFX Application Thread] DEBUG o.e.t.service.task.AsyncTaskService - onSucceeded returned: 13 tasks
2026-09-27 14:11:53.821 [JavaFX Application Thread] DEBUG o.e.t.c.tasks.TaskTableController - onSuccess: received 13 tasks
2026-09-27 14:11:53.821 [JavaFX Application Thread] DEBUG o.e.t.c.tasks.TaskTableController - onSuccess: first task: Настроить интеграцию с 1C
2026-09-27 14:11:53.821 [JavaFX Application Thread] DEBUG o.e.t.c.tasks.TaskTableController - Table has: 13 tasks
2026-09-27 14:11:53.823 [JavaFX Application Thread] DEBUG o.e.t.service.task.AsyncTaskService - onSucceeded returned: 13 tasks
2026-09-27 14:11:53.823 [JavaFX Application Thread] DEBUG o.e.t.c.review.DashboardController - Found 13 tasks
2026-09-27 14:11:53.823 [JavaFX Application Thread] DEBUG o.e.t.c.review.DashboardController - observableList size: 8
2026-09-27 14:11:53.826 [JavaFX Application Thread] DEBUG o.e.t.c.review.DashboardController - deadlinesListView size : 8
2026-09-27 14:11:53.902 [JavaFX Application Thread] DEBUG o.e.t.c.review.DashboardController - Found 1 tasks, task status: IN_PROGRESS
2026-09-27 14:11:53.903 [JavaFX Application Thread] DEBUG o.e.t.c.review.DashboardController - Found 4 tasks, task status: COMPLETED
2026-09-27 14:11:53.904 [JavaFX Application Thread] DEBUG o.e.t.c.review.DashboardController - Found 1 tasks, task status: UNDER_REVIEW
2026-09-27 14:11:53.936 [JavaFX Application Thread] DEBUG o.e.t.c.review.DashboardController - observableList size: 8
2026-09-27 14:11:53.939 [JavaFX Application Thread] DEBUG o.e.t.c.review.DashboardController - deadlinesListView size : 8
2026-09-27 14:11:53.942 [JavaFX Application Thread] DEBUG o.e.t.service.task.AsyncTaskService - onSucceeded returned: 13 tasks
2026-09-27 14:11:53.942 [JavaFX Application Thread] DEBUG o.e.t.c.tasks.TaskTableController - onSuccess: received 13 tasks
2026-09-27 14:11:53.942 [JavaFX Application Thread] DEBUG o.e.t.c.tasks.TaskTableController - onSuccess: first task: Настроить интеграцию с 1C
2026-09-27 14:11:53.943 [JavaFX Application Thread] DEBUG o.e.t.c.tasks.TaskTableController - Table has: 13 tasks
2026-09-27 14:11:53.946 [JavaFX Application Thread] DEBUG o.e.t.service.task.AsyncTaskService - onSucceeded returned: 13 tasks
2026-09-27 14:11:53.946 [JavaFX Application Thread] DEBUG o.e.t.c.review.DashboardController - Found 13 tasks
2026-09-27 14:11:57.066 [JavaFX Application Thread] DEBUG o.e.t.navigation.NavigationManager - openRightSidebar: path=/org/example/taskschedulerdesktop/view/task_details.fxml, context=org.example.taskschedulerdesktop.dto.tasks.TaskView@6a8c5b9f
2026-09-27 14:11:57.087 [JavaFX Application Thread] INFO  o.e.t.c.tasks.TaskDetailsController - initialize()
2026-09-27 14:11:57.088 [JavaFX Application Thread] DEBUG o.e.t.navigation.NavigationManager - sidebarController found, calling setContext()
2026-09-27 14:11:57.088 [JavaFX Application Thread] INFO  o.e.t.c.tasks.TaskDetailsController - setContext()
2026-09-27 14:11:57.088 [JavaFX Application Thread] DEBUG o.e.t.c.tasks.TaskDetailsController - context = org.example.taskschedulerdesktop.dto.tasks.TaskView@6a8c5b9f
2026-09-27 14:11:57.088 [JavaFX Application Thread] INFO  o.e.t.c.tasks.TaskDetailsController - context saved: Тест дедлайнов
2026-09-27 14:11:57.089 [JavaFX Application Thread] DEBUG o.e.t.c.tasks.TaskDetailsController - updateUI()
2026-09-27 14:11:57.089 [JavaFX Application Thread] DEBUG o.e.t.c.tasks.TaskDetailsController - projectName: 1
2026-09-27 14:11:57.089 [JavaFX Application Thread] DEBUG o.e.t.c.tasks.TaskDetailsController - taskName: Тест дедлайнов
2026-09-27 14:11:57.089 [JavaFX Application Thread] DEBUG o.e.t.c.tasks.TaskDetailsController - status: NEW
2026-09-27 14:11:57.089 [JavaFX Application Thread] DEBUG o.e.t.c.tasks.TaskDetailsController - priority: Низкий
2026-09-27 14:11:57.089 [JavaFX Application Thread] INFO  o.e.t.c.tasks.TaskDetailsController - UI updated
2026-09-27 14:11:57.090 [JavaFX Application Thread] DEBUG o.e.t.c.tasks.TaskDetailsController - updateUI()
2026-09-27 14:11:57.090 [JavaFX Application Thread] DEBUG o.e.t.c.tasks.TaskDetailsController - projectName: 1
2026-09-27 14:11:57.090 [JavaFX Application Thread] DEBUG o.e.t.c.tasks.TaskDetailsController - taskName: Тест дедлайнов
2026-09-27 14:11:57.090 [JavaFX Application Thread] DEBUG o.e.t.c.tasks.TaskDetailsController - status: NEW
2026-09-27 14:11:57.090 [JavaFX Application Thread] DEBUG o.e.t.c.tasks.TaskDetailsController - priority: Низкий
2026-09-27 14:11:57.090 [JavaFX Application Thread] INFO  o.e.t.c.tasks.TaskDetailsController - UI updated
2026-09-27 14:11:58.594 [JavaFX Application Thread] DEBUG o.e.t.c.tasks.TaskDetailsController - Click on delete button
2026-09-27 14:11:58.595 [JavaFX Application Thread] INFO  o.e.t.c.tasks.TaskDetailsController - Open delete panel for task: Тест дедлайнов
2026-09-27 14:11:59.696 [Thread-8] DEBUG o.e.t.r.task.H2TaskRepository - delete(29)
2026-09-27 14:11:59.699 [Thread-8] DEBUG o.e.t.r.task.H2TaskRepository - Task deleted: id = 29
2026-09-27 14:11:59.699 [JavaFX Application Thread] DEBUG o.e.t.listeners.EventBus - FIRE: TaskChangedEvent (subscribers: 3)
2026-09-27 14:11:59.700 [JavaFX Application Thread] DEBUG o.e.t.s.project.ProjectServiceImpl - TaskChangedEvent received: projectId=1
2026-09-27 14:11:59.701 [JavaFX Application Thread] DEBUG o.e.t.s.project.ProjectServiceImpl - Project found: Редизайн портала
2026-09-27 14:11:59.701 [JavaFX Application Thread] DEBUG o.e.t.s.project.ProjectServiceImpl - update(org.example.taskschedulerdesktop.models.Project@51d14812)
2026-09-27 14:11:59.701 [JavaFX Application Thread] DEBUG o.e.t.r.task.H2TaskRepository - countByProjectName(1)
2026-09-27 14:11:59.702 [JavaFX Application Thread] DEBUG o.e.t.r.task.H2TaskRepository - countTasksByProjectName: 2
2026-09-27 14:11:59.703 [JavaFX Application Thread] DEBUG o.e.t.r.task.H2TaskRepository - countByProjectNameAndStatus(1, COMPLETED)
2026-09-27 14:11:59.704 [JavaFX Application Thread] DEBUG o.e.t.s.project.ProjectServiceImpl - Project: Редизайн портала, numberOfTasks = 2, completedTasks = 2
2026-09-27 14:11:59.704 [JavaFX Application Thread] DEBUG o.e.t.r.project.H2ProjectRepository - UPDATE project: id=1, numberOfTasks=2, completedTasks=2
2026-09-27 14:11:59.706 [JavaFX Application Thread] DEBUG o.e.t.r.project.H2ProjectRepository - Project updated in DB: Редизайн портала
2026-09-27 14:11:59.706 [JavaFX Application Thread] DEBUG o.e.t.s.project.ProjectServiceImpl - Project updated: Редизайн портала
2026-09-27 14:11:59.707 [JavaFX Application Thread] DEBUG o.e.t.c.review.DashboardController - load deadlines
2026-09-27 14:11:59.707 [Thread-9] DEBUG o.e.t.r.task.H2TaskRepository - findAllViews()
2026-09-27 14:11:59.707 [Thread-8] DEBUG o.e.t.r.task.H2TaskRepository - findAllViews()
2026-09-27 14:11:59.707 [Thread-7] DEBUG o.e.t.r.task.H2TaskRepository - findUpcomingDeadlines(maxDaysUntilDeadline: 7)
2026-09-27 14:11:59.709 [Thread-8] DEBUG o.e.t.r.task.H2TaskRepository - Found 12 views
2026-09-27 14:11:59.709 [Thread-9] DEBUG o.e.t.r.task.H2TaskRepository - Found 12 views
2026-09-27 14:11:59.732 [JavaFX Application Thread] DEBUG o.e.t.navigation.NavigationManager - Toast is displayed: Задача удалена!
2026-09-27 14:11:59.735 [JavaFX Application Thread] DEBUG o.e.t.c.review.DashboardController - Found 1 tasks, task status: UNDER_REVIEW
2026-09-27 14:11:59.736 [JavaFX Application Thread] DEBUG o.e.t.c.review.DashboardController - Found 4 tasks, task status: COMPLETED
2026-09-27 14:11:59.736 [JavaFX Application Thread] DEBUG o.e.t.c.review.DashboardController - Found 1 tasks, task status: IN_PROGRESS
2026-09-27 14:11:59.737 [JavaFX Application Thread] DEBUG o.e.t.service.task.AsyncTaskService - onSucceeded returned: 12 tasks
2026-09-27 14:11:59.737 [JavaFX Application Thread] DEBUG o.e.t.c.tasks.TaskTableController - onSuccess: received 12 tasks
2026-09-27 14:11:59.737 [JavaFX Application Thread] DEBUG o.e.t.c.tasks.TaskTableController - onSuccess: first task: Настроить интеграцию с 1C
2026-09-27 14:11:59.738 [JavaFX Application Thread] DEBUG o.e.t.c.tasks.TaskTableController - Table has: 12 tasks
2026-09-27 14:11:59.739 [JavaFX Application Thread] DEBUG o.e.t.service.task.AsyncTaskService - onSucceeded returned: 12 tasks
2026-09-27 14:11:59.739 [JavaFX Application Thread] DEBUG o.e.t.c.review.DashboardController - Found 12 tasks
2026-09-27 14:11:59.739 [JavaFX Application Thread] DEBUG o.e.t.c.review.DashboardController - observableList size: 7
2026-09-27 14:11:59.745 [JavaFX Application Thread] DEBUG o.e.t.c.review.DashboardController - deadlinesListView size : 7
2026-09-27 14:12:32.233 [JavaFX Application Thread] DEBUG o.e.t.navigation.NavigationManager - openRightSidebar: path=/org/example/taskschedulerdesktop/view/task_details.fxml, context=org.example.taskschedulerdesktop.dto.tasks.TaskView@1b9c666b
2026-09-27 14:12:32.252 [JavaFX Application Thread] INFO  o.e.t.c.tasks.TaskDetailsController - initialize()
2026-09-27 14:12:32.252 [JavaFX Application Thread] DEBUG o.e.t.navigation.NavigationManager - sidebarController found, calling setContext()
2026-09-27 14:12:32.252 [JavaFX Application Thread] INFO  o.e.t.c.tasks.TaskDetailsController - setContext()
2026-09-27 14:12:32.252 [JavaFX Application Thread] DEBUG o.e.t.c.tasks.TaskDetailsController - context = org.example.taskschedulerdesktop.dto.tasks.TaskView@1b9c666b
2026-09-27 14:12:32.252 [JavaFX Application Thread] INFO  o.e.t.c.tasks.TaskDetailsController - context saved: Подготовить данные по выручке
2026-09-27 14:12:32.252 [JavaFX Application Thread] DEBUG o.e.t.c.tasks.TaskDetailsController - updateUI()
2026-09-27 14:12:32.252 [JavaFX Application Thread] DEBUG o.e.t.c.tasks.TaskDetailsController - projectName: 4
2026-09-27 14:12:32.252 [JavaFX Application Thread] DEBUG o.e.t.c.tasks.TaskDetailsController - taskName: Подготовить данные по выручке
2026-09-27 14:12:32.252 [JavaFX Application Thread] DEBUG o.e.t.c.tasks.TaskDetailsController - status: NEW
2026-09-27 14:12:32.252 [JavaFX Application Thread] DEBUG o.e.t.c.tasks.TaskDetailsController - priority: Высокий
2026-09-27 14:12:32.253 [JavaFX Application Thread] INFO  o.e.t.c.tasks.TaskDetailsController - UI updated
2026-09-27 14:12:32.253 [JavaFX Application Thread] DEBUG o.e.t.c.tasks.TaskDetailsController - updateUI()
2026-09-27 14:12:32.253 [JavaFX Application Thread] DEBUG o.e.t.c.tasks.TaskDetailsController - projectName: 4
2026-09-27 14:12:32.253 [JavaFX Application Thread] DEBUG o.e.t.c.tasks.TaskDetailsController - taskName: Подготовить данные по выручке
2026-09-27 14:12:32.253 [JavaFX Application Thread] DEBUG o.e.t.c.tasks.TaskDetailsController - status: NEW
2026-09-27 14:12:32.253 [JavaFX Application Thread] DEBUG o.e.t.c.tasks.TaskDetailsController - priority: Высокий
2026-09-27 14:12:32.253 [JavaFX Application Thread] INFO  o.e.t.c.tasks.TaskDetailsController - UI updated
2026-09-27 14:12:33.107 [JavaFX Application Thread] DEBUG o.e.t.navigation.NavigationManager - Click outside sidebar, closing
2026-09-27 14:13:58.887 [JavaFX-Launcher] INFO  o.e.t.TaskSchedulerApplication - Name: 'Inter 18pt Regular'
2026-09-27 14:13:58.890 [JavaFX-Launcher] INFO  o.e.t.TaskSchedulerApplication - Family: 'Inter 18pt'
2026-09-27 14:13:58.891 [JavaFX-Launcher] INFO  o.e.t.TaskSchedulerApplication - Style: 'Regular'
2026-09-27 14:13:58.891 [JavaFX-Launcher] DEBUG o.e.t.TaskSchedulerApplication - Font loaded: /org/example/taskschedulerdesktop/fonts/Inter_18pt-Regular.ttf → 'Inter 18pt'
2026-09-27 14:13:58.909 [JavaFX-Launcher] INFO  o.e.t.TaskSchedulerApplication - Name: 'Inter 18pt Medium'
2026-09-27 14:13:58.909 [JavaFX-Launcher] INFO  o.e.t.TaskSchedulerApplication - Family: 'Inter 18pt Medium'
2026-09-27 14:13:58.909 [JavaFX-Launcher] INFO  o.e.t.TaskSchedulerApplication - Style: 'Regular'
2026-09-27 14:13:58.909 [JavaFX-Launcher] DEBUG o.e.t.TaskSchedulerApplication - Font loaded: /org/example/taskschedulerdesktop/fonts/Inter_18pt-Medium.ttf → 'Inter 18pt Medium'
2026-09-27 14:13:58.930 [JavaFX-Launcher] INFO  o.e.t.TaskSchedulerApplication - Name: 'Inter 18pt SemiBold'
2026-09-27 14:13:58.930 [JavaFX-Launcher] INFO  o.e.t.TaskSchedulerApplication - Family: 'Inter 18pt SemiBold'
2026-09-27 14:13:58.930 [JavaFX-Launcher] INFO  o.e.t.TaskSchedulerApplication - Style: 'Regular'
2026-09-27 14:13:58.930 [JavaFX-Launcher] DEBUG o.e.t.TaskSchedulerApplication - Font loaded: /org/example/taskschedulerdesktop/fonts/Inter_18pt-SemiBold.ttf → 'Inter 18pt SemiBold'
2026-09-27 14:13:58.946 [JavaFX-Launcher] INFO  o.e.t.TaskSchedulerApplication - Name: 'Lora Regular'
2026-09-27 14:13:58.946 [JavaFX-Launcher] INFO  o.e.t.TaskSchedulerApplication - Family: 'Lora'
2026-09-27 14:13:58.946 [JavaFX-Launcher] INFO  o.e.t.TaskSchedulerApplication - Style: 'Regular'
2026-09-27 14:13:58.946 [JavaFX-Launcher] DEBUG o.e.t.TaskSchedulerApplication - Font loaded: /org/example/taskschedulerdesktop/fonts/Lora-Regular.ttf → 'Lora'
2026-09-27 14:13:58.967 [JavaFX-Launcher] INFO  o.e.t.TaskSchedulerApplication - Name: 'JetBrains Mono Regular'
2026-09-27 14:13:58.968 [JavaFX-Launcher] INFO  o.e.t.TaskSchedulerApplication - Family: 'JetBrains Mono'
2026-09-27 14:13:58.968 [JavaFX-Launcher] INFO  o.e.t.TaskSchedulerApplication - Style: 'Regular'
2026-09-27 14:13:58.968 [JavaFX-Launcher] DEBUG o.e.t.TaskSchedulerApplication - Font loaded: /org/example/taskschedulerdesktop/fonts/JetBrainsMono-Regular.ttf → 'JetBrains Mono'
2026-09-27 14:13:59.474 [JavaFX Application Thread] DEBUG o.e.t.database.DatabaseConnection - H2 TCP-server started on the port:9092 successful
2026-09-27 14:13:59.477 [JavaFX Application Thread] DEBUG o.e.t.r.task.H2TaskRepository - createTableIfNotExists()
2026-09-27 14:13:59.498 [JavaFX Application Thread] DEBUG o.e.t.r.task.H2TaskRepository - createIndexes()
2026-09-27 14:13:59.521 [JavaFX Application Thread] DEBUG o.e.t.s.project.ProjectServiceImpl - ProjectServiceImpl created
2026-09-27 14:13:59.526 [JavaFX Application Thread] DEBUG o.e.t.listeners.EventBus - SUBSCRIBE: TaskChangedEvent -> 1487721249
2026-09-27 14:13:59.528 [JavaFX Application Thread] DEBUG o.e.t.s.project.ProjectServiceImpl - Subscribe on TaskChangedEvent completed
2026-09-27 14:13:59.917 [JavaFX Application Thread] DEBUG o.e.t.listeners.EventBus - SUBSCRIBE: PageTitleChangedEvent -> 764124341
2026-09-27 14:13:59.941 [JavaFX Application Thread] DEBUG o.e.t.navigation.NavigationManager - Start async loading page: /org/example/taskschedulerdesktop/view/dashboard.fxml
2026-09-27 14:14:00.110 [Thread-6] DEBUG o.e.t.listeners.EventBus - SUBSCRIBE: TaskChangedEvent -> 2001468794
2026-09-27 14:14:00.113 [Thread-7] DEBUG o.e.t.r.task.H2TaskRepository - findAllViews()
2026-09-27 14:14:00.114 [JavaFX Application Thread] DEBUG o.e.t.TaskSchedulerApplication - CSS: /org/example/taskschedulerdesktop/styles/style.css
2026-09-27 14:14:00.115 [JavaFX Application Thread] DEBUG o.e.t.TaskSchedulerApplication - CSS: /org/example/taskschedulerdesktop/styles/base.css
2026-09-27 14:14:00.116 [JavaFX Application Thread] DEBUG o.e.t.TaskSchedulerApplication - CSS: /org/example/taskschedulerdesktop/styles/row_task_table.css
2026-09-27 14:14:00.117 [JavaFX Application Thread] DEBUG o.e.t.TaskSchedulerApplication - CSS: /org/example/taskschedulerdesktop/styles/task_table_view.css
2026-09-27 14:14:00.118 [Thread-6] DEBUG o.e.t.c.review.DashboardController - loadProjects()
2026-09-27 14:14:00.121 [Thread-6] DEBUG o.e.t.c.review.DashboardController - load deadlines
2026-09-27 14:14:00.127 [Thread-11] DEBUG o.e.t.s.project.AsyncProjectService - Found 4 projects
2026-09-27 14:14:00.129 [Thread-8] DEBUG o.e.t.r.task.H2TaskRepository - findUpcomingDeadlines(maxDaysUntilDeadline: 7)
2026-09-27 14:14:00.136 [Thread-7] DEBUG o.e.t.r.task.H2TaskRepository - Found 12 views
2026-09-27 14:14:00.197 [Thread-6] DEBUG o.e.t.listeners.EventBus - SUBSCRIBE: TaskChangedEvent -> 1208939085
2026-09-27 14:14:00.197 [Thread-10] DEBUG o.e.t.r.task.H2TaskRepository - findAllViews()
2026-09-27 14:14:00.197 [Thread-6] DEBUG o.e.t.c.review.DashboardController - Task table loaded successfully
2026-09-27 14:14:00.200 [Thread-10] DEBUG o.e.t.r.task.H2TaskRepository - Found 12 views
2026-09-27 14:14:00.746 [JavaFX Application Thread] DEBUG o.e.t.c.review.DashboardController - Found 1 tasks, task status: IN_PROGRESS
2026-09-27 14:14:00.749 [JavaFX Application Thread] DEBUG o.e.t.c.review.DashboardController - Found 4 tasks, task status: COMPLETED
2026-09-27 14:14:00.750 [JavaFX Application Thread] DEBUG o.e.t.c.review.DashboardController - Found 1 tasks, task status: UNDER_REVIEW
2026-09-27 14:14:00.753 [JavaFX Application Thread] DEBUG o.e.t.service.task.AsyncTaskService - onSucceeded returned: 12 tasks
2026-09-27 14:14:00.754 [JavaFX Application Thread] DEBUG o.e.t.c.review.DashboardController - Found 12 tasks
2026-09-27 14:14:00.755 [JavaFX Application Thread] DEBUG o.e.t.c.review.DashboardController - observableList size: 7
2026-09-27 14:14:00.757 [JavaFX Application Thread] DEBUG o.e.t.c.review.DashboardController - deadlinesListView size : 7
2026-09-27 14:14:00.764 [JavaFX Application Thread] DEBUG o.e.t.listeners.EventBus - FIRE: PageTitleChangedEvent (subscribers: 1)
2026-09-27 14:14:00.764 [JavaFX Application Thread] DEBUG o.e.t.navigation.NavigationManager - Page displayed successfully: /org/example/taskschedulerdesktop/view/dashboard.fxml
2026-09-27 14:14:00.765 [JavaFX Application Thread] DEBUG o.e.t.service.task.AsyncTaskService - onSucceeded returned: 12 tasks
2026-09-27 14:14:00.765 [JavaFX Application Thread] DEBUG o.e.t.c.tasks.TaskTableController - onSuccess: received 12 tasks
2026-09-27 14:14:00.766 [JavaFX Application Thread] DEBUG o.e.t.c.tasks.TaskTableController - onSuccess: first task: Настроить интеграцию с 1C
2026-09-27 14:14:00.767 [JavaFX Application Thread] DEBUG o.e.t.c.tasks.TaskTableController - Table has: 12 tasks
2026-09-27 14:14:00.934 [JavaFX Application Thread] DEBUG o.e.t.dto.projects.ProjectListCell - creating project list cell
2026-09-27 14:14:00.959 [JavaFX Application Thread] DEBUG o.e.t.dto.projects.ProjectListCell - project list cell loaded successfully
2026-09-27 14:14:01.120 [JavaFX Application Thread] DEBUG o.e.t.dto.projects.DeadlineListCell - creating deadline list cell
2026-09-27 14:14:01.131 [JavaFX Application Thread] DEBUG o.e.t.dto.projects.DeadlineListCell - deadline list cell loaded successfully
2026-09-27 14:14:01.360 [JavaFX Application Thread] DEBUG o.e.t.dto.projects.ProjectListCell - creating project list cell
2026-09-27 14:14:01.373 [JavaFX Application Thread] DEBUG o.e.t.dto.projects.ProjectListCell - project list cell loaded successfully
2026-09-27 14:14:01.383 [JavaFX Application Thread] DEBUG o.e.t.dto.projects.ProjectListCell - creating project list cell
2026-09-27 14:14:01.397 [JavaFX Application Thread] DEBUG o.e.t.dto.projects.ProjectListCell - project list cell loaded successfully
2026-09-27 14:14:01.409 [JavaFX Application Thread] DEBUG o.e.t.dto.projects.ProjectListCell - creating project list cell
2026-09-27 14:14:01.422 [JavaFX Application Thread] DEBUG o.e.t.dto.projects.ProjectListCell - project list cell loaded successfully
2026-09-27 14:14:01.433 [JavaFX Application Thread] DEBUG o.e.t.dto.projects.ProjectListCell - creating project list cell
2026-09-27 14:14:01.445 [JavaFX Application Thread] DEBUG o.e.t.dto.projects.ProjectListCell - project list cell loaded successfully
2026-09-27 14:14:01.453 [JavaFX Application Thread] DEBUG o.e.t.dto.projects.ProjectListCell - creating project list cell
2026-09-27 14:14:01.465 [JavaFX Application Thread] DEBUG o.e.t.dto.projects.ProjectListCell - project list cell loaded successfully
2026-09-27 14:14:01.468 [JavaFX Application Thread] DEBUG o.e.t.dto.projects.ProjectListCell - creating project list cell
2026-09-27 14:14:01.481 [JavaFX Application Thread] DEBUG o.e.t.dto.projects.ProjectListCell - project list cell loaded successfully
2026-09-27 14:14:01.483 [JavaFX Application Thread] DEBUG o.e.t.dto.projects.ProjectListCell - creating project list cell
2026-09-27 14:14:01.495 [JavaFX Application Thread] DEBUG o.e.t.dto.projects.ProjectListCell - project list cell loaded successfully
2026-09-27 14:14:01.498 [JavaFX Application Thread] DEBUG o.e.t.dto.projects.ProjectListCell - creating project list cell
2026-09-27 14:14:01.510 [JavaFX Application Thread] DEBUG o.e.t.dto.projects.ProjectListCell - project list cell loaded successfully
2026-09-27 14:14:01.513 [JavaFX Application Thread] DEBUG o.e.t.dto.projects.ProjectListCell - creating project list cell
2026-09-27 14:14:01.526 [JavaFX Application Thread] DEBUG o.e.t.dto.projects.ProjectListCell - project list cell loaded successfully
2026-09-27 14:14:01.528 [JavaFX Application Thread] DEBUG o.e.t.dto.projects.ProjectListCell - creating project list cell
2026-09-27 14:14:01.540 [JavaFX Application Thread] DEBUG o.e.t.dto.projects.ProjectListCell - project list cell loaded successfully
2026-09-27 14:14:01.543 [JavaFX Application Thread] DEBUG o.e.t.dto.projects.ProjectListCell - creating project list cell
2026-09-27 14:14:01.555 [JavaFX Application Thread] DEBUG o.e.t.dto.projects.ProjectListCell - project list cell loaded successfully
2026-09-27 14:14:01.558 [JavaFX Application Thread] DEBUG o.e.t.dto.projects.ProjectListCell - creating project list cell
2026-09-27 14:14:01.570 [JavaFX Application Thread] DEBUG o.e.t.dto.projects.ProjectListCell - project list cell loaded successfully
2026-09-27 14:14:01.572 [JavaFX Application Thread] DEBUG o.e.t.dto.projects.ProjectListCell - creating project list cell
2026-09-27 14:14:01.586 [JavaFX Application Thread] DEBUG o.e.t.dto.projects.ProjectListCell - project list cell loaded successfully
2026-09-27 14:14:01.611 [JavaFX Application Thread] DEBUG o.e.t.dto.projects.DeadlineListCell - creating deadline list cell
2026-09-27 14:14:01.630 [JavaFX Application Thread] DEBUG o.e.t.dto.projects.DeadlineListCell - deadline list cell loaded successfully
2026-09-27 14:14:01.638 [JavaFX Application Thread] DEBUG o.e.t.dto.projects.DeadlineListCell - creating deadline list cell
2026-09-27 14:14:01.647 [JavaFX Application Thread] DEBUG o.e.t.dto.projects.DeadlineListCell - deadline list cell loaded successfully
2026-09-27 14:14:01.654 [JavaFX Application Thread] DEBUG o.e.t.dto.projects.DeadlineListCell - creating deadline list cell
2026-09-27 14:14:01.662 [JavaFX Application Thread] DEBUG o.e.t.dto.projects.DeadlineListCell - deadline list cell loaded successfully
2026-09-27 14:14:01.668 [JavaFX Application Thread] DEBUG o.e.t.dto.projects.DeadlineListCell - creating deadline list cell
2026-09-27 14:14:01.676 [JavaFX Application Thread] DEBUG o.e.t.dto.projects.DeadlineListCell - deadline list cell loaded successfully
2026-09-27 14:14:01.681 [JavaFX Application Thread] DEBUG o.e.t.dto.projects.DeadlineListCell - creating deadline list cell
2026-09-27 14:14:01.687 [JavaFX Application Thread] DEBUG o.e.t.dto.projects.DeadlineListCell - deadline list cell loaded successfully
2026-09-27 14:14:01.693 [JavaFX Application Thread] DEBUG o.e.t.dto.projects.DeadlineListCell - creating deadline list cell
2026-09-27 14:14:01.700 [JavaFX Application Thread] DEBUG o.e.t.dto.projects.DeadlineListCell - deadline list cell loaded successfully
2026-09-27 14:14:01.706 [JavaFX Application Thread] DEBUG o.e.t.dto.projects.DeadlineListCell - creating deadline list cell
2026-09-27 14:14:01.711 [JavaFX Application Thread] DEBUG o.e.t.dto.projects.DeadlineListCell - deadline list cell loaded successfully
2026-09-27 14:14:01.716 [JavaFX Application Thread] DEBUG o.e.t.dto.projects.DeadlineListCell - creating deadline list cell
2026-09-27 14:14:01.722 [JavaFX Application Thread] DEBUG o.e.t.dto.projects.DeadlineListCell - deadline list cell loaded successfully
2026-09-27 14:15:16.257 [JavaFX-Launcher] INFO  o.e.t.TaskSchedulerApplication - Name: 'Inter 18pt Regular'
2026-09-27 14:15:16.260 [JavaFX-Launcher] INFO  o.e.t.TaskSchedulerApplication - Family: 'Inter 18pt'
2026-09-27 14:15:16.260 [JavaFX-Launcher] INFO  o.e.t.TaskSchedulerApplication - Style: 'Regular'
2026-09-27 14:15:16.260 [JavaFX-Launcher] DEBUG o.e.t.TaskSchedulerApplication - Font loaded: /org/example/taskschedulerdesktop/fonts/Inter_18pt-Regular.ttf → 'Inter 18pt'
2026-09-27 14:15:16.279 [JavaFX-Launcher] INFO  o.e.t.TaskSchedulerApplication - Name: 'Inter 18pt Medium'
2026-09-27 14:15:16.279 [JavaFX-Launcher] INFO  o.e.t.TaskSchedulerApplication - Family: 'Inter 18pt Medium'
2026-09-27 14:15:16.279 [JavaFX-Launcher] INFO  o.e.t.TaskSchedulerApplication - Style: 'Regular'
2026-09-27 14:15:16.280 [JavaFX-Launcher] DEBUG o.e.t.TaskSchedulerApplication - Font loaded: /org/example/taskschedulerdesktop/fonts/Inter_18pt-Medium.ttf → 'Inter 18pt Medium'
2026-09-27 14:15:16.299 [JavaFX-Launcher] INFO  o.e.t.TaskSchedulerApplication - Name: 'Inter 18pt SemiBold'
2026-09-27 14:15:16.299 [JavaFX-Launcher] INFO  o.e.t.TaskSchedulerApplication - Family: 'Inter 18pt SemiBold'
2026-09-27 14:15:16.299 [JavaFX-Launcher] INFO  o.e.t.TaskSchedulerApplication - Style: 'Regular'
2026-09-27 14:15:16.299 [JavaFX-Launcher] DEBUG o.e.t.TaskSchedulerApplication - Font loaded: /org/example/taskschedulerdesktop/fonts/Inter_18pt-SemiBold.ttf → 'Inter 18pt SemiBold'
2026-09-27 14:15:16.316 [JavaFX-Launcher] INFO  o.e.t.TaskSchedulerApplication - Name: 'Lora Regular'
2026-09-27 14:15:16.316 [JavaFX-Launcher] INFO  o.e.t.TaskSchedulerApplication - Family: 'Lora'
2026-09-27 14:15:16.316 [JavaFX-Launcher] INFO  o.e.t.TaskSchedulerApplication - Style: 'Regular'
2026-09-27 14:15:16.317 [JavaFX-Launcher] DEBUG o.e.t.TaskSchedulerApplication - Font loaded: /org/example/taskschedulerdesktop/fonts/Lora-Regular.ttf → 'Lora'
2026-09-27 14:15:16.337 [JavaFX-Launcher] INFO  o.e.t.TaskSchedulerApplication - Name: 'JetBrains Mono Regular'
2026-09-27 14:15:16.337 [JavaFX-Launcher] INFO  o.e.t.TaskSchedulerApplication - Family: 'JetBrains Mono'
2026-09-27 14:15:16.337 [JavaFX-Launcher] INFO  o.e.t.TaskSchedulerApplication - Style: 'Regular'
2026-09-27 14:15:16.338 [JavaFX-Launcher] DEBUG o.e.t.TaskSchedulerApplication - Font loaded: /org/example/taskschedulerdesktop/fonts/JetBrainsMono-Regular.ttf → 'JetBrains Mono'
2026-09-27 14:15:16.862 [JavaFX Application Thread] DEBUG o.e.t.database.DatabaseConnection - H2 TCP-server started on the port:9092 successful
2026-09-27 14:15:16.864 [JavaFX Application Thread] DEBUG o.e.t.r.task.H2TaskRepository - createTableIfNotExists()
2026-09-27 14:15:16.885 [JavaFX Application Thread] DEBUG o.e.t.r.task.H2TaskRepository - createIndexes()
2026-09-27 14:15:16.902 [JavaFX Application Thread] DEBUG o.e.t.s.project.ProjectServiceImpl - ProjectServiceImpl created
2026-09-27 14:15:16.905 [JavaFX Application Thread] DEBUG o.e.t.listeners.EventBus - SUBSCRIBE: TaskChangedEvent -> 1487721249
2026-09-27 14:15:16.906 [JavaFX Application Thread] DEBUG o.e.t.s.project.ProjectServiceImpl - Subscribe on TaskChangedEvent completed
2026-09-27 14:15:17.289 [JavaFX Application Thread] DEBUG o.e.t.listeners.EventBus - SUBSCRIBE: PageTitleChangedEvent -> 764124341
2026-09-27 14:15:17.315 [JavaFX Application Thread] DEBUG o.e.t.navigation.NavigationManager - Start async loading page: /org/example/taskschedulerdesktop/view/dashboard.fxml
2026-09-27 14:15:17.444 [Thread-6] DEBUG o.e.t.listeners.EventBus - SUBSCRIBE: TaskChangedEvent -> 1934004147
2026-09-27 14:15:17.448 [Thread-7] DEBUG o.e.t.r.task.H2TaskRepository - findAllViews()
2026-09-27 14:15:17.456 [Thread-6] DEBUG o.e.t.c.review.DashboardController - loadProjects()
2026-09-27 14:15:17.460 [Thread-6] DEBUG o.e.t.c.review.DashboardController - load deadlines
2026-09-27 14:15:17.466 [Thread-11] DEBUG o.e.t.s.project.AsyncProjectService - Found 4 projects
2026-09-27 14:15:17.468 [Thread-8] DEBUG o.e.t.r.task.H2TaskRepository - findUpcomingDeadlines(maxDaysUntilDeadline: 7)
2026-09-27 14:15:17.472 [Thread-7] DEBUG o.e.t.r.task.H2TaskRepository - Found 12 views
2026-09-27 14:15:17.486 [JavaFX Application Thread] DEBUG o.e.t.TaskSchedulerApplication - CSS: /org/example/taskschedulerdesktop/styles/style.css
2026-09-27 14:15:17.487 [JavaFX Application Thread] DEBUG o.e.t.TaskSchedulerApplication - CSS: /org/example/taskschedulerdesktop/styles/base.css
2026-09-27 14:15:17.488 [JavaFX Application Thread] DEBUG o.e.t.TaskSchedulerApplication - CSS: /org/example/taskschedulerdesktop/styles/row_task_table.css
2026-09-27 14:15:17.489 [JavaFX Application Thread] DEBUG o.e.t.TaskSchedulerApplication - CSS: /org/example/taskschedulerdesktop/styles/task_table_view.css
2026-09-27 14:15:17.530 [Thread-9] DEBUG o.e.t.r.task.H2TaskRepository - findAllViews()
2026-09-27 14:15:17.530 [Thread-6] DEBUG o.e.t.listeners.EventBus - SUBSCRIBE: TaskChangedEvent -> 1430291149
2026-09-27 14:15:17.531 [Thread-6] DEBUG o.e.t.c.review.DashboardController - Task table loaded successfully
2026-09-27 14:15:17.533 [Thread-9] DEBUG o.e.t.r.task.H2TaskRepository - Found 12 views
2026-09-27 14:15:18.053 [JavaFX Application Thread] DEBUG o.e.t.c.review.DashboardController - Found 1 tasks, task status: IN_PROGRESS
2026-09-27 14:15:18.055 [JavaFX Application Thread] DEBUG o.e.t.c.review.DashboardController - Found 1 tasks, task status: UNDER_REVIEW
2026-09-27 14:15:18.058 [JavaFX Application Thread] DEBUG o.e.t.c.review.DashboardController - Found 4 tasks, task status: COMPLETED
2026-09-27 14:15:18.059 [JavaFX Application Thread] DEBUG o.e.t.service.task.AsyncTaskService - onSucceeded returned: 12 tasks
2026-09-27 14:15:18.060 [JavaFX Application Thread] DEBUG o.e.t.c.review.DashboardController - Found 12 tasks
2026-09-27 14:15:18.061 [JavaFX Application Thread] DEBUG o.e.t.c.review.DashboardController - observableList size: 7
2026-09-27 14:15:18.061 [JavaFX Application Thread] DEBUG o.e.t.c.review.DashboardController - deadlinesListView size : 7
2026-09-27 14:15:18.083 [JavaFX Application Thread] DEBUG o.e.t.listeners.EventBus - FIRE: PageTitleChangedEvent (subscribers: 1)
2026-09-27 14:15:18.084 [JavaFX Application Thread] DEBUG o.e.t.navigation.NavigationManager - Page displayed successfully: /org/example/taskschedulerdesktop/view/dashboard.fxml
2026-09-27 14:15:18.084 [JavaFX Application Thread] DEBUG o.e.t.service.task.AsyncTaskService - onSucceeded returned: 12 tasks
2026-09-27 14:15:18.085 [JavaFX Application Thread] DEBUG o.e.t.c.tasks.TaskTableController - onSuccess: received 12 tasks
2026-09-27 14:15:18.085 [JavaFX Application Thread] DEBUG o.e.t.c.tasks.TaskTableController - onSuccess: first task: Настроить интеграцию с 1C
2026-09-27 14:15:18.086 [JavaFX Application Thread] DEBUG o.e.t.c.tasks.TaskTableController - Table has: 12 tasks
2026-09-27 14:15:18.235 [JavaFX Application Thread] DEBUG o.e.t.dto.projects.ProjectListCell - creating project list cell
2026-09-27 14:15:18.256 [JavaFX Application Thread] DEBUG o.e.t.dto.projects.ProjectListCell - project list cell loaded successfully
2026-09-27 14:15:18.436 [JavaFX Application Thread] DEBUG o.e.t.dto.projects.DeadlineListCell - creating deadline list cell
2026-09-27 14:15:18.446 [JavaFX Application Thread] DEBUG o.e.t.dto.projects.DeadlineListCell - deadline list cell loaded successfully
2026-09-27 14:15:18.663 [JavaFX Application Thread] DEBUG o.e.t.dto.projects.ProjectListCell - creating project list cell
2026-09-27 14:15:18.674 [JavaFX Application Thread] DEBUG o.e.t.dto.projects.ProjectListCell - project list cell loaded successfully
2026-09-27 14:15:18.683 [JavaFX Application Thread] DEBUG o.e.t.dto.projects.ProjectListCell - creating project list cell
2026-09-27 14:15:18.693 [JavaFX Application Thread] DEBUG o.e.t.dto.projects.ProjectListCell - project list cell loaded successfully
2026-09-27 14:15:18.705 [JavaFX Application Thread] DEBUG o.e.t.dto.projects.ProjectListCell - creating project list cell
2026-09-27 14:15:18.716 [JavaFX Application Thread] DEBUG o.e.t.dto.projects.ProjectListCell - project list cell loaded successfully
2026-09-27 14:15:18.729 [JavaFX Application Thread] DEBUG o.e.t.dto.projects.ProjectListCell - creating project list cell
2026-09-27 14:15:18.741 [JavaFX Application Thread] DEBUG o.e.t.dto.projects.ProjectListCell - project list cell loaded successfully
2026-09-27 14:15:18.750 [JavaFX Application Thread] DEBUG o.e.t.dto.projects.ProjectListCell - creating project list cell
2026-09-27 14:15:18.763 [JavaFX Application Thread] DEBUG o.e.t.dto.projects.ProjectListCell - project list cell loaded successfully
2026-09-27 14:15:18.765 [JavaFX Application Thread] DEBUG o.e.t.dto.projects.ProjectListCell - creating project list cell
2026-09-27 14:15:18.777 [JavaFX Application Thread] DEBUG o.e.t.dto.projects.ProjectListCell - project list cell loaded successfully
2026-09-27 14:15:18.779 [JavaFX Application Thread] DEBUG o.e.t.dto.projects.ProjectListCell - creating project list cell
2026-09-27 14:15:18.791 [JavaFX Application Thread] DEBUG o.e.t.dto.projects.ProjectListCell - project list cell loaded successfully
2026-09-27 14:15:18.792 [JavaFX Application Thread] DEBUG o.e.t.dto.projects.ProjectListCell - creating project list cell
2026-09-27 14:15:18.803 [JavaFX Application Thread] DEBUG o.e.t.dto.projects.ProjectListCell - project list cell loaded successfully
2026-09-27 14:15:18.806 [JavaFX Application Thread] DEBUG o.e.t.dto.projects.ProjectListCell - creating project list cell
2026-09-27 14:15:18.816 [JavaFX Application Thread] DEBUG o.e.t.dto.projects.ProjectListCell - project list cell loaded successfully
2026-09-27 14:15:18.819 [JavaFX Application Thread] DEBUG o.e.t.dto.projects.ProjectListCell - creating project list cell
2026-09-27 14:15:18.832 [JavaFX Application Thread] DEBUG o.e.t.dto.projects.ProjectListCell - project list cell loaded successfully
2026-09-27 14:15:18.834 [JavaFX Application Thread] DEBUG o.e.t.dto.projects.ProjectListCell - creating project list cell
2026-09-27 14:15:18.844 [JavaFX Application Thread] DEBUG o.e.t.dto.projects.ProjectListCell - project list cell loaded successfully
2026-09-27 14:15:18.845 [JavaFX Application Thread] DEBUG o.e.t.dto.projects.ProjectListCell - creating project list cell
2026-09-27 14:15:18.857 [JavaFX Application Thread] DEBUG o.e.t.dto.projects.ProjectListCell - project list cell loaded successfully
2026-09-27 14:15:18.859 [JavaFX Application Thread] DEBUG o.e.t.dto.projects.ProjectListCell - creating project list cell
2026-09-27 14:15:18.869 [JavaFX Application Thread] DEBUG o.e.t.dto.projects.ProjectListCell - project list cell loaded successfully
2026-09-27 14:15:18.891 [JavaFX Application Thread] DEBUG o.e.t.dto.projects.DeadlineListCell - creating deadline list cell
2026-09-27 14:15:18.901 [JavaFX Application Thread] DEBUG o.e.t.dto.projects.DeadlineListCell - deadline list cell loaded successfully
2026-09-27 14:15:18.912 [JavaFX Application Thread] DEBUG o.e.t.dto.projects.DeadlineListCell - creating deadline list cell
2026-09-27 14:15:18.921 [JavaFX Application Thread] DEBUG o.e.t.dto.projects.DeadlineListCell - deadline list cell loaded successfully
2026-09-27 14:15:18.931 [JavaFX Application Thread] DEBUG o.e.t.dto.projects.DeadlineListCell - creating deadline list cell
2026-09-27 14:15:18.940 [JavaFX Application Thread] DEBUG o.e.t.dto.projects.DeadlineListCell - deadline list cell loaded successfully
2026-09-27 14:15:18.948 [JavaFX Application Thread] DEBUG o.e.t.dto.projects.DeadlineListCell - creating deadline list cell
2026-09-27 14:15:18.957 [JavaFX Application Thread] DEBUG o.e.t.dto.projects.DeadlineListCell - deadline list cell loaded successfully
2026-09-27 14:15:18.965 [JavaFX Application Thread] DEBUG o.e.t.dto.projects.DeadlineListCell - creating deadline list cell
2026-09-27 14:15:18.976 [JavaFX Application Thread] DEBUG o.e.t.dto.projects.DeadlineListCell - deadline list cell loaded successfully
2026-09-27 14:15:18.983 [JavaFX Application Thread] DEBUG o.e.t.dto.projects.DeadlineListCell - creating deadline list cell
2026-09-27 14:15:18.991 [JavaFX Application Thread] DEBUG o.e.t.dto.projects.DeadlineListCell - deadline list cell loaded successfully
2026-09-27 14:15:18.997 [JavaFX Application Thread] DEBUG o.e.t.dto.projects.DeadlineListCell - creating deadline list cell
2026-09-27 14:15:19.003 [JavaFX Application Thread] DEBUG o.e.t.dto.projects.DeadlineListCell - deadline list cell loaded successfully
2026-09-27 14:15:19.011 [JavaFX Application Thread] DEBUG o.e.t.dto.projects.DeadlineListCell - creating deadline list cell
2026-09-27 14:15:19.019 [JavaFX Application Thread] DEBUG o.e.t.dto.projects.DeadlineListCell - deadline list cell loaded successfully
2026-09-27 14:15:37.117 [JavaFX-Launcher] INFO  o.e.t.TaskSchedulerApplication - Name: 'Inter 18pt Regular'
2026-09-27 14:15:37.120 [JavaFX-Launcher] INFO  o.e.t.TaskSchedulerApplication - Family: 'Inter 18pt'
2026-09-27 14:15:37.120 [JavaFX-Launcher] INFO  o.e.t.TaskSchedulerApplication - Style: 'Regular'
2026-09-27 14:15:37.120 [JavaFX-Launcher] DEBUG o.e.t.TaskSchedulerApplication - Font loaded: /org/example/taskschedulerdesktop/fonts/Inter_18pt-Regular.ttf → 'Inter 18pt'
2026-09-27 14:15:37.140 [JavaFX-Launcher] INFO  o.e.t.TaskSchedulerApplication - Name: 'Inter 18pt Medium'
2026-09-27 14:15:37.141 [JavaFX-Launcher] INFO  o.e.t.TaskSchedulerApplication - Family: 'Inter 18pt Medium'
2026-09-27 14:15:37.141 [JavaFX-Launcher] INFO  o.e.t.TaskSchedulerApplication - Style: 'Regular'
2026-09-27 14:15:37.141 [JavaFX-Launcher] DEBUG o.e.t.TaskSchedulerApplication - Font loaded: /org/example/taskschedulerdesktop/fonts/Inter_18pt-Medium.ttf → 'Inter 18pt Medium'
2026-09-27 14:15:37.159 [JavaFX-Launcher] INFO  o.e.t.TaskSchedulerApplication - Name: 'Inter 18pt SemiBold'
2026-09-27 14:15:37.160 [JavaFX-Launcher] INFO  o.e.t.TaskSchedulerApplication - Family: 'Inter 18pt SemiBold'
2026-09-27 14:15:37.160 [JavaFX-Launcher] INFO  o.e.t.TaskSchedulerApplication - Style: 'Regular'
2026-09-27 14:15:37.160 [JavaFX-Launcher] DEBUG o.e.t.TaskSchedulerApplication - Font loaded: /org/example/taskschedulerdesktop/fonts/Inter_18pt-SemiBold.ttf → 'Inter 18pt SemiBold'
2026-09-27 14:15:37.177 [JavaFX-Launcher] INFO  o.e.t.TaskSchedulerApplication - Name: 'Lora Regular'
2026-09-27 14:15:37.178 [JavaFX-Launcher] INFO  o.e.t.TaskSchedulerApplication - Family: 'Lora'
2026-09-27 14:15:37.178 [JavaFX-Launcher] INFO  o.e.t.TaskSchedulerApplication - Style: 'Regular'
2026-09-27 14:15:37.178 [JavaFX-Launcher] DEBUG o.e.t.TaskSchedulerApplication - Font loaded: /org/example/taskschedulerdesktop/fonts/Lora-Regular.ttf → 'Lora'
2026-09-27 14:15:37.196 [JavaFX-Launcher] INFO  o.e.t.TaskSchedulerApplication - Name: 'JetBrains Mono Regular'
2026-09-27 14:15:37.197 [JavaFX-Launcher] INFO  o.e.t.TaskSchedulerApplication - Family: 'JetBrains Mono'
2026-09-27 14:15:37.197 [JavaFX-Launcher] INFO  o.e.t.TaskSchedulerApplication - Style: 'Regular'
2026-09-27 14:15:37.197 [JavaFX-Launcher] DEBUG o.e.t.TaskSchedulerApplication - Font loaded: /org/example/taskschedulerdesktop/fonts/JetBrainsMono-Regular.ttf → 'JetBrains Mono'
2026-09-27 14:15:37.704 [JavaFX Application Thread] DEBUG o.e.t.database.DatabaseConnection - H2 TCP-server started on the port:9092 successful
2026-09-27 14:15:37.706 [JavaFX Application Thread] DEBUG o.e.t.r.task.H2TaskRepository - createTableIfNotExists()
2026-09-27 14:15:37.727 [JavaFX Application Thread] DEBUG o.e.t.r.task.H2TaskRepository - createIndexes()
2026-09-27 14:15:37.744 [JavaFX Application Thread] DEBUG o.e.t.s.project.ProjectServiceImpl - ProjectServiceImpl created
2026-09-27 14:15:37.746 [JavaFX Application Thread] DEBUG o.e.t.listeners.EventBus - SUBSCRIBE: TaskChangedEvent -> 1487721249
2026-09-27 14:15:37.747 [JavaFX Application Thread] DEBUG o.e.t.s.project.ProjectServiceImpl - Subscribe on TaskChangedEvent completed
2026-09-27 14:15:38.121 [JavaFX Application Thread] DEBUG o.e.t.listeners.EventBus - SUBSCRIBE: PageTitleChangedEvent -> 764124341
2026-09-27 14:15:38.149 [JavaFX Application Thread] DEBUG o.e.t.navigation.NavigationManager - Start async loading page: /org/example/taskschedulerdesktop/view/dashboard.fxml
2026-09-27 14:15:38.280 [Thread-6] DEBUG o.e.t.listeners.EventBus - SUBSCRIBE: TaskChangedEvent -> 2001468794
2026-09-27 14:15:38.285 [Thread-7] DEBUG o.e.t.r.task.H2TaskRepository - findAllViews()
2026-09-27 14:15:38.291 [Thread-6] DEBUG o.e.t.c.review.DashboardController - loadProjects()
2026-09-27 14:15:38.296 [Thread-6] DEBUG o.e.t.c.review.DashboardController - load deadlines
2026-09-27 14:15:38.303 [Thread-11] DEBUG o.e.t.s.project.AsyncProjectService - Found 4 projects
2026-09-27 14:15:38.304 [Thread-9] DEBUG o.e.t.r.task.H2TaskRepository - findUpcomingDeadlines(maxDaysUntilDeadline: 7)
2026-09-27 14:15:38.309 [Thread-7] DEBUG o.e.t.r.task.H2TaskRepository - Found 12 views
2026-09-27 14:15:38.319 [JavaFX Application Thread] DEBUG o.e.t.TaskSchedulerApplication - CSS: /org/example/taskschedulerdesktop/styles/style.css
2026-09-27 14:15:38.320 [JavaFX Application Thread] DEBUG o.e.t.TaskSchedulerApplication - CSS: /org/example/taskschedulerdesktop/styles/base.css
2026-09-27 14:15:38.320 [JavaFX Application Thread] DEBUG o.e.t.TaskSchedulerApplication - CSS: /org/example/taskschedulerdesktop/styles/row_task_table.css
2026-09-27 14:15:38.321 [JavaFX Application Thread] DEBUG o.e.t.TaskSchedulerApplication - CSS: /org/example/taskschedulerdesktop/styles/task_table_view.css
2026-09-27 14:15:38.377 [Thread-8] DEBUG o.e.t.r.task.H2TaskRepository - findAllViews()
2026-09-27 14:15:38.377 [Thread-6] DEBUG o.e.t.listeners.EventBus - SUBSCRIBE: TaskChangedEvent -> 1208939085
2026-09-27 14:15:38.378 [Thread-6] DEBUG o.e.t.c.review.DashboardController - Task table loaded successfully
2026-09-27 14:15:38.381 [Thread-8] DEBUG o.e.t.r.task.H2TaskRepository - Found 12 views
2026-09-27 14:15:38.958 [JavaFX Application Thread] DEBUG o.e.t.c.review.DashboardController - Found 1 tasks, task status: UNDER_REVIEW
2026-09-27 14:15:38.961 [JavaFX Application Thread] DEBUG o.e.t.c.review.DashboardController - Found 1 tasks, task status: IN_PROGRESS
2026-09-27 14:15:38.963 [JavaFX Application Thread] DEBUG o.e.t.c.review.DashboardController - Found 4 tasks, task status: COMPLETED
2026-09-27 14:15:38.967 [JavaFX Application Thread] DEBUG o.e.t.service.task.AsyncTaskService - onSucceeded returned: 12 tasks
2026-09-27 14:15:38.967 [JavaFX Application Thread] DEBUG o.e.t.c.review.DashboardController - Found 12 tasks
2026-09-27 14:15:38.969 [JavaFX Application Thread] DEBUG o.e.t.c.review.DashboardController - observableList size: 7
2026-09-27 14:15:38.969 [JavaFX Application Thread] DEBUG o.e.t.c.review.DashboardController - deadlinesListView size : 7
2026-09-27 14:15:38.990 [JavaFX Application Thread] DEBUG o.e.t.listeners.EventBus - FIRE: PageTitleChangedEvent (subscribers: 1)
2026-09-27 14:15:38.991 [JavaFX Application Thread] DEBUG o.e.t.navigation.NavigationManager - Page displayed successfully: /org/example/taskschedulerdesktop/view/dashboard.fxml
2026-09-27 14:15:38.991 [JavaFX Application Thread] DEBUG o.e.t.service.task.AsyncTaskService - onSucceeded returned: 12 tasks
2026-09-27 14:15:38.991 [JavaFX Application Thread] DEBUG o.e.t.c.tasks.TaskTableController - onSuccess: received 12 tasks
2026-09-27 14:15:38.991 [JavaFX Application Thread] DEBUG o.e.t.c.tasks.TaskTableController - onSuccess: first task: Настроить интеграцию с 1C
2026-09-27 14:15:38.992 [JavaFX Application Thread] DEBUG o.e.t.c.tasks.TaskTableController - Table has: 12 tasks
2026-09-27 14:15:39.161 [JavaFX Application Thread] DEBUG o.e.t.dto.projects.ProjectListCell - creating project list cell
2026-09-27 14:15:39.197 [JavaFX Application Thread] DEBUG o.e.t.dto.projects.ProjectListCell - project list cell loaded successfully
2026-09-27 14:15:39.341 [JavaFX Application Thread] DEBUG o.e.t.dto.projects.DeadlineListCell - creating deadline list cell
2026-09-27 14:15:39.353 [JavaFX Application Thread] DEBUG o.e.t.dto.projects.DeadlineListCell - deadline list cell loaded successfully
2026-09-27 14:15:39.565 [JavaFX Application Thread] DEBUG o.e.t.dto.projects.ProjectListCell - creating project list cell
2026-09-27 14:15:39.580 [JavaFX Application Thread] DEBUG o.e.t.dto.projects.ProjectListCell - project list cell loaded successfully
2026-09-27 14:15:39.593 [JavaFX Application Thread] DEBUG o.e.t.dto.projects.ProjectListCell - creating project list cell
2026-09-27 14:15:39.605 [JavaFX Application Thread] DEBUG o.e.t.dto.projects.ProjectListCell - project list cell loaded successfully
2026-09-27 14:15:39.617 [JavaFX Application Thread] DEBUG o.e.t.dto.projects.ProjectListCell - creating project list cell
2026-09-27 14:15:39.632 [JavaFX Application Thread] DEBUG o.e.t.dto.projects.ProjectListCell - project list cell loaded successfully
2026-09-27 14:15:39.646 [JavaFX Application Thread] DEBUG o.e.t.dto.projects.ProjectListCell - creating project list cell
2026-09-27 14:15:39.661 [JavaFX Application Thread] DEBUG o.e.t.dto.projects.ProjectListCell - project list cell loaded successfully
2026-09-27 14:15:39.672 [JavaFX Application Thread] DEBUG o.e.t.dto.projects.ProjectListCell - creating project list cell
2026-09-27 14:15:39.684 [JavaFX Application Thread] DEBUG o.e.t.dto.projects.ProjectListCell - project list cell loaded successfully
2026-09-27 14:15:39.686 [JavaFX Application Thread] DEBUG o.e.t.dto.projects.ProjectListCell - creating project list cell
2026-09-27 14:15:39.699 [JavaFX Application Thread] DEBUG o.e.t.dto.projects.ProjectListCell - project list cell loaded successfully
2026-09-27 14:15:39.701 [JavaFX Application Thread] DEBUG o.e.t.dto.projects.ProjectListCell - creating project list cell
2026-09-27 14:15:39.714 [JavaFX Application Thread] DEBUG o.e.t.dto.projects.ProjectListCell - project list cell loaded successfully
2026-09-27 14:15:39.716 [JavaFX Application Thread] DEBUG o.e.t.dto.projects.ProjectListCell - creating project list cell
2026-09-27 14:15:39.727 [JavaFX Application Thread] DEBUG o.e.t.dto.projects.ProjectListCell - project list cell loaded successfully
2026-09-27 14:15:39.729 [JavaFX Application Thread] DEBUG o.e.t.dto.projects.ProjectListCell - creating project list cell
2026-09-27 14:15:39.740 [JavaFX Application Thread] DEBUG o.e.t.dto.projects.ProjectListCell - project list cell loaded successfully
2026-09-27 14:15:39.742 [JavaFX Application Thread] DEBUG o.e.t.dto.projects.ProjectListCell - creating project list cell
2026-09-27 14:15:39.753 [JavaFX Application Thread] DEBUG o.e.t.dto.projects.ProjectListCell - project list cell loaded successfully
2026-09-27 14:15:39.755 [JavaFX Application Thread] DEBUG o.e.t.dto.projects.ProjectListCell - creating project list cell
2026-09-27 14:15:39.768 [JavaFX Application Thread] DEBUG o.e.t.dto.projects.ProjectListCell - project list cell loaded successfully
2026-09-27 14:15:39.770 [JavaFX Application Thread] DEBUG o.e.t.dto.projects.ProjectListCell - creating project list cell
2026-09-27 14:15:39.785 [JavaFX Application Thread] DEBUG o.e.t.dto.projects.ProjectListCell - project list cell loaded successfully
2026-09-27 14:15:39.787 [JavaFX Application Thread] DEBUG o.e.t.dto.projects.ProjectListCell - creating project list cell
2026-09-27 14:15:39.801 [JavaFX Application Thread] DEBUG o.e.t.dto.projects.ProjectListCell - project list cell loaded successfully
2026-09-27 14:15:39.832 [JavaFX Application Thread] DEBUG o.e.t.dto.projects.DeadlineListCell - creating deadline list cell
2026-09-27 14:15:39.842 [JavaFX Application Thread] DEBUG o.e.t.dto.projects.DeadlineListCell - deadline list cell loaded successfully
2026-09-27 14:15:39.852 [JavaFX Application Thread] DEBUG o.e.t.dto.projects.DeadlineListCell - creating deadline list cell
2026-09-27 14:15:39.860 [JavaFX Application Thread] DEBUG o.e.t.dto.projects.DeadlineListCell - deadline list cell loaded successfully
2026-09-27 14:15:39.870 [JavaFX Application Thread] DEBUG o.e.t.dto.projects.DeadlineListCell - creating deadline list cell
2026-09-27 14:15:39.878 [JavaFX Application Thread] DEBUG o.e.t.dto.projects.DeadlineListCell - deadline list cell loaded successfully
2026-09-27 14:15:39.885 [JavaFX Application Thread] DEBUG o.e.t.dto.projects.DeadlineListCell - creating deadline list cell
2026-09-27 14:15:39.891 [JavaFX Application Thread] DEBUG o.e.t.dto.projects.DeadlineListCell - deadline list cell loaded successfully
2026-09-27 14:15:39.899 [JavaFX Application Thread] DEBUG o.e.t.dto.projects.DeadlineListCell - creating deadline list cell
2026-09-27 14:15:39.904 [JavaFX Application Thread] DEBUG o.e.t.dto.projects.DeadlineListCell - deadline list cell loaded successfully
2026-09-27 14:15:39.910 [JavaFX Application Thread] DEBUG o.e.t.dto.projects.DeadlineListCell - creating deadline list cell
2026-09-27 14:15:39.916 [JavaFX Application Thread] DEBUG o.e.t.dto.projects.DeadlineListCell - deadline list cell loaded successfully
2026-09-27 14:15:39.921 [JavaFX Application Thread] DEBUG o.e.t.dto.projects.DeadlineListCell - creating deadline list cell
2026-09-27 14:15:39.926 [JavaFX Application Thread] DEBUG o.e.t.dto.projects.DeadlineListCell - deadline list cell loaded successfully
2026-09-27 14:15:39.932 [JavaFX Application Thread] DEBUG o.e.t.dto.projects.DeadlineListCell - creating deadline list cell
2026-09-27 14:15:39.937 [JavaFX Application Thread] DEBUG o.e.t.dto.projects.DeadlineListCell - deadline list cell loaded successfully
2026-09-27 14:16:04.146 [JavaFX-Launcher] INFO  o.e.t.TaskSchedulerApplication - Name: 'Inter 18pt Regular'
2026-09-27 14:16:04.149 [JavaFX-Launcher] INFO  o.e.t.TaskSchedulerApplication - Family: 'Inter 18pt'
2026-09-27 14:16:04.149 [JavaFX-Launcher] INFO  o.e.t.TaskSchedulerApplication - Style: 'Regular'
2026-09-27 14:16:04.149 [JavaFX-Launcher] DEBUG o.e.t.TaskSchedulerApplication - Font loaded: /org/example/taskschedulerdesktop/fonts/Inter_18pt-Regular.ttf → 'Inter 18pt'
2026-09-27 14:16:04.168 [JavaFX-Launcher] INFO  o.e.t.TaskSchedulerApplication - Name: 'Inter 18pt Medium'
2026-09-27 14:16:04.168 [JavaFX-Launcher] INFO  o.e.t.TaskSchedulerApplication - Family: 'Inter 18pt Medium'
2026-09-27 14:16:04.168 [JavaFX-Launcher] INFO  o.e.t.TaskSchedulerApplication - Style: 'Regular'
2026-09-27 14:16:04.169 [JavaFX-Launcher] DEBUG o.e.t.TaskSchedulerApplication - Font loaded: /org/example/taskschedulerdesktop/fonts/Inter_18pt-Medium.ttf → 'Inter 18pt Medium'
2026-09-27 14:16:04.187 [JavaFX-Launcher] INFO  o.e.t.TaskSchedulerApplication - Name: 'Inter 18pt SemiBold'
2026-09-27 14:16:04.187 [JavaFX-Launcher] INFO  o.e.t.TaskSchedulerApplication - Family: 'Inter 18pt SemiBold'
2026-09-27 14:16:04.187 [JavaFX-Launcher] INFO  o.e.t.TaskSchedulerApplication - Style: 'Regular'
2026-09-27 14:16:04.187 [JavaFX-Launcher] DEBUG o.e.t.TaskSchedulerApplication - Font loaded: /org/example/taskschedulerdesktop/fonts/Inter_18pt-SemiBold.ttf → 'Inter 18pt SemiBold'
2026-09-27 14:16:04.203 [JavaFX-Launcher] INFO  o.e.t.TaskSchedulerApplication - Name: 'Lora Regular'
2026-09-27 14:16:04.203 [JavaFX-Launcher] INFO  o.e.t.TaskSchedulerApplication - Family: 'Lora'
2026-09-27 14:16:04.203 [JavaFX-Launcher] INFO  o.e.t.TaskSchedulerApplication - Style: 'Regular'
2026-09-27 14:16:04.203 [JavaFX-Launcher] DEBUG o.e.t.TaskSchedulerApplication - Font loaded: /org/example/taskschedulerdesktop/fonts/Lora-Regular.ttf → 'Lora'
2026-09-27 14:16:04.222 [JavaFX-Launcher] INFO  o.e.t.TaskSchedulerApplication - Name: 'JetBrains Mono Regular'
2026-09-27 14:16:04.222 [JavaFX-Launcher] INFO  o.e.t.TaskSchedulerApplication - Family: 'JetBrains Mono'
2026-09-27 14:16:04.222 [JavaFX-Launcher] INFO  o.e.t.TaskSchedulerApplication - Style: 'Regular'
2026-09-27 14:16:04.222 [JavaFX-Launcher] DEBUG o.e.t.TaskSchedulerApplication - Font loaded: /org/example/taskschedulerdesktop/fonts/JetBrainsMono-Regular.ttf → 'JetBrains Mono'
2026-09-27 14:16:04.737 [JavaFX Application Thread] DEBUG o.e.t.database.DatabaseConnection - H2 TCP-server started on the port:9092 successful
2026-09-27 14:16:04.741 [JavaFX Application Thread] DEBUG o.e.t.r.task.H2TaskRepository - createTableIfNotExists()
2026-09-27 14:16:04.760 [JavaFX Application Thread] DEBUG o.e.t.r.task.H2TaskRepository - createIndexes()
2026-09-27 14:16:04.778 [JavaFX Application Thread] DEBUG o.e.t.s.project.ProjectServiceImpl - ProjectServiceImpl created
2026-09-27 14:16:04.780 [JavaFX Application Thread] DEBUG o.e.t.listeners.EventBus - SUBSCRIBE: TaskChangedEvent -> 1487721249
2026-09-27 14:16:04.781 [JavaFX Application Thread] DEBUG o.e.t.s.project.ProjectServiceImpl - Subscribe on TaskChangedEvent completed
2026-09-27 14:16:05.180 [JavaFX Application Thread] DEBUG o.e.t.listeners.EventBus - SUBSCRIBE: PageTitleChangedEvent -> 764124341
2026-09-27 14:16:05.204 [JavaFX Application Thread] DEBUG o.e.t.navigation.NavigationManager - Start async loading page: /org/example/taskschedulerdesktop/view/dashboard.fxml
2026-09-27 14:16:05.343 [Thread-6] DEBUG o.e.t.listeners.EventBus - SUBSCRIBE: TaskChangedEvent -> 810400438
2026-09-27 14:16:05.346 [Thread-7] DEBUG o.e.t.r.task.H2TaskRepository - findAllViews()
2026-09-27 14:16:05.353 [Thread-6] DEBUG o.e.t.c.review.DashboardController - loadProjects()
2026-09-27 14:16:05.357 [Thread-6] DEBUG o.e.t.c.review.DashboardController - load deadlines
2026-09-27 14:16:05.362 [Thread-11] DEBUG o.e.t.s.project.AsyncProjectService - Found 4 projects
2026-09-27 14:16:05.364 [Thread-8] DEBUG o.e.t.r.task.H2TaskRepository - findUpcomingDeadlines(maxDaysUntilDeadline: 7)
2026-09-27 14:16:05.368 [Thread-7] DEBUG o.e.t.r.task.H2TaskRepository - Found 12 views
2026-09-27 14:16:05.395 [JavaFX Application Thread] DEBUG o.e.t.TaskSchedulerApplication - CSS: /org/example/taskschedulerdesktop/styles/style.css
2026-09-27 14:16:05.396 [JavaFX Application Thread] DEBUG o.e.t.TaskSchedulerApplication - CSS: /org/example/taskschedulerdesktop/styles/base.css
2026-09-27 14:16:05.397 [JavaFX Application Thread] DEBUG o.e.t.TaskSchedulerApplication - CSS: /org/example/taskschedulerdesktop/styles/row_task_table.css
2026-09-27 14:16:05.398 [JavaFX Application Thread] DEBUG o.e.t.TaskSchedulerApplication - CSS: /org/example/taskschedulerdesktop/styles/task_table_view.css
2026-09-27 14:16:05.437 [Thread-6] DEBUG o.e.t.listeners.EventBus - SUBSCRIBE: TaskChangedEvent -> 1846420979
2026-09-27 14:16:05.437 [Thread-9] DEBUG o.e.t.r.task.H2TaskRepository - findAllViews()
2026-09-27 14:16:05.438 [Thread-6] DEBUG o.e.t.c.review.DashboardController - Task table loaded successfully
2026-09-27 14:16:05.442 [Thread-9] DEBUG o.e.t.r.task.H2TaskRepository - Found 12 views
2026-09-27 14:16:05.969 [JavaFX Application Thread] DEBUG o.e.t.c.review.DashboardController - Found 1 tasks, task status: IN_PROGRESS
2026-09-27 14:16:05.970 [JavaFX Application Thread] DEBUG o.e.t.c.review.DashboardController - Found 1 tasks, task status: UNDER_REVIEW
2026-09-27 14:16:05.976 [JavaFX Application Thread] DEBUG o.e.t.c.review.DashboardController - Found 4 tasks, task status: COMPLETED
2026-09-27 14:16:05.978 [JavaFX Application Thread] DEBUG o.e.t.service.task.AsyncTaskService - onSucceeded returned: 12 tasks
2026-09-27 14:16:05.979 [JavaFX Application Thread] DEBUG o.e.t.c.review.DashboardController - Found 12 tasks
2026-09-27 14:16:05.981 [JavaFX Application Thread] DEBUG o.e.t.c.review.DashboardController - observableList size: 7
2026-09-27 14:16:05.981 [JavaFX Application Thread] DEBUG o.e.t.c.review.DashboardController - deadlinesListView size : 7
2026-09-27 14:16:06.003 [JavaFX Application Thread] DEBUG o.e.t.listeners.EventBus - FIRE: PageTitleChangedEvent (subscribers: 1)
2026-09-27 14:16:06.003 [JavaFX Application Thread] DEBUG o.e.t.navigation.NavigationManager - Page displayed successfully: /org/example/taskschedulerdesktop/view/dashboard.fxml
2026-09-27 14:16:06.004 [JavaFX Application Thread] DEBUG o.e.t.service.task.AsyncTaskService - onSucceeded returned: 12 tasks
2026-09-27 14:16:06.004 [JavaFX Application Thread] DEBUG o.e.t.c.tasks.TaskTableController - onSuccess: received 12 tasks
2026-09-27 14:16:06.004 [JavaFX Application Thread] DEBUG o.e.t.c.tasks.TaskTableController - onSuccess: first task: Настроить интеграцию с 1C
2026-09-27 14:16:06.005 [JavaFX Application Thread] DEBUG o.e.t.c.tasks.TaskTableController - Table has: 12 tasks
2026-09-27 14:16:06.190 [JavaFX Application Thread] DEBUG o.e.t.dto.projects.ProjectListCell - creating project list cell
2026-09-27 14:16:06.215 [JavaFX Application Thread] DEBUG o.e.t.dto.projects.ProjectListCell - project list cell loaded successfully
2026-09-27 14:16:06.368 [JavaFX Application Thread] DEBUG o.e.t.dto.projects.DeadlineListCell - creating deadline list cell
2026-09-27 14:16:06.378 [JavaFX Application Thread] DEBUG o.e.t.dto.projects.DeadlineListCell - deadline list cell loaded successfully
2026-09-27 14:16:06.586 [JavaFX Application Thread] DEBUG o.e.t.dto.projects.ProjectListCell - creating project list cell
2026-09-27 14:16:06.598 [JavaFX Application Thread] DEBUG o.e.t.dto.projects.ProjectListCell - project list cell loaded successfully
2026-09-27 14:16:06.609 [JavaFX Application Thread] DEBUG o.e.t.dto.projects.ProjectListCell - creating project list cell
2026-09-27 14:16:06.622 [JavaFX Application Thread] DEBUG o.e.t.dto.projects.ProjectListCell - project list cell loaded successfully
2026-09-27 14:16:06.632 [JavaFX Application Thread] DEBUG o.e.t.dto.projects.ProjectListCell - creating project list cell
2026-09-27 14:16:06.643 [JavaFX Application Thread] DEBUG o.e.t.dto.projects.ProjectListCell - project list cell loaded successfully
2026-09-27 14:16:06.654 [JavaFX Application Thread] DEBUG o.e.t.dto.projects.ProjectListCell - creating project list cell
2026-09-27 14:16:06.663 [JavaFX Application Thread] DEBUG o.e.t.dto.projects.ProjectListCell - project list cell loaded successfully
2026-09-27 14:16:06.673 [JavaFX Application Thread] DEBUG o.e.t.dto.projects.ProjectListCell - creating project list cell
2026-09-27 14:16:06.686 [JavaFX Application Thread] DEBUG o.e.t.dto.projects.ProjectListCell - project list cell loaded successfully
2026-09-27 14:16:06.689 [JavaFX Application Thread] DEBUG o.e.t.dto.projects.ProjectListCell - creating project list cell
2026-09-27 14:16:06.700 [JavaFX Application Thread] DEBUG o.e.t.dto.projects.ProjectListCell - project list cell loaded successfully
2026-09-27 14:16:06.703 [JavaFX Application Thread] DEBUG o.e.t.dto.projects.ProjectListCell - creating project list cell
2026-09-27 14:16:06.714 [JavaFX Application Thread] DEBUG o.e.t.dto.projects.ProjectListCell - project list cell loaded successfully
2026-09-27 14:16:06.717 [JavaFX Application Thread] DEBUG o.e.t.dto.projects.ProjectListCell - creating project list cell
2026-09-27 14:16:06.727 [JavaFX Application Thread] DEBUG o.e.t.dto.projects.ProjectListCell - project list cell loaded successfully
2026-09-27 14:16:06.728 [JavaFX Application Thread] DEBUG o.e.t.dto.projects.ProjectListCell - creating project list cell
2026-09-27 14:16:06.739 [JavaFX Application Thread] DEBUG o.e.t.dto.projects.ProjectListCell - project list cell loaded successfully
2026-09-27 14:16:06.741 [JavaFX Application Thread] DEBUG o.e.t.dto.projects.ProjectListCell - creating project list cell
2026-09-27 14:16:06.759 [JavaFX Application Thread] DEBUG o.e.t.dto.projects.ProjectListCell - project list cell loaded successfully
2026-09-27 14:16:06.760 [JavaFX Application Thread] DEBUG o.e.t.dto.projects.ProjectListCell - creating project list cell
2026-09-27 14:16:06.771 [JavaFX Application Thread] DEBUG o.e.t.dto.projects.ProjectListCell - project list cell loaded successfully
2026-09-27 14:16:06.773 [JavaFX Application Thread] DEBUG o.e.t.dto.projects.ProjectListCell - creating project list cell
2026-09-27 14:16:06.782 [JavaFX Application Thread] DEBUG o.e.t.dto.projects.ProjectListCell - project list cell loaded successfully
2026-09-27 14:16:06.784 [JavaFX Application Thread] DEBUG o.e.t.dto.projects.ProjectListCell - creating project list cell
2026-09-27 14:16:06.793 [JavaFX Application Thread] DEBUG o.e.t.dto.projects.ProjectListCell - project list cell loaded successfully
2026-09-27 14:16:06.810 [JavaFX Application Thread] DEBUG o.e.t.dto.projects.DeadlineListCell - creating deadline list cell
2026-09-27 14:16:06.819 [JavaFX Application Thread] DEBUG o.e.t.dto.projects.DeadlineListCell - deadline list cell loaded successfully
2026-09-27 14:16:06.829 [JavaFX Application Thread] DEBUG o.e.t.dto.projects.DeadlineListCell - creating deadline list cell
2026-09-27 14:16:06.839 [JavaFX Application Thread] DEBUG o.e.t.dto.projects.DeadlineListCell - deadline list cell loaded successfully
2026-09-27 14:16:06.848 [JavaFX Application Thread] DEBUG o.e.t.dto.projects.DeadlineListCell - creating deadline list cell
2026-09-27 14:16:06.855 [JavaFX Application Thread] DEBUG o.e.t.dto.projects.DeadlineListCell - deadline list cell loaded successfully
2026-09-27 14:16:06.861 [JavaFX Application Thread] DEBUG o.e.t.dto.projects.DeadlineListCell - creating deadline list cell
2026-09-27 14:16:06.871 [JavaFX Application Thread] DEBUG o.e.t.dto.projects.DeadlineListCell - deadline list cell loaded successfully
2026-09-27 14:16:06.879 [JavaFX Application Thread] DEBUG o.e.t.dto.projects.DeadlineListCell - creating deadline list cell
2026-09-27 14:16:06.891 [JavaFX Application Thread] DEBUG o.e.t.dto.projects.DeadlineListCell - deadline list cell loaded successfully
2026-09-27 14:16:06.900 [JavaFX Application Thread] DEBUG o.e.t.dto.projects.DeadlineListCell - creating deadline list cell
2026-09-27 14:16:06.908 [JavaFX Application Thread] DEBUG o.e.t.dto.projects.DeadlineListCell - deadline list cell loaded successfully
2026-09-27 14:16:06.917 [JavaFX Application Thread] DEBUG o.e.t.dto.projects.DeadlineListCell - creating deadline list cell
2026-09-27 14:16:06.925 [JavaFX Application Thread] DEBUG o.e.t.dto.projects.DeadlineListCell - deadline list cell loaded successfully
2026-09-27 14:16:06.932 [JavaFX Application Thread] DEBUG o.e.t.dto.projects.DeadlineListCell - creating deadline list cell
2026-09-27 14:16:06.939 [JavaFX Application Thread] DEBUG o.e.t.dto.projects.DeadlineListCell - deadline list cell loaded successfully
2026-09-27 14:16:36.588 [JavaFX-Launcher] INFO  o.e.t.TaskSchedulerApplication - Name: 'Inter 18pt Regular'
2026-09-27 14:16:36.591 [JavaFX-Launcher] INFO  o.e.t.TaskSchedulerApplication - Family: 'Inter 18pt'
2026-09-27 14:16:36.591 [JavaFX-Launcher] INFO  o.e.t.TaskSchedulerApplication - Style: 'Regular'
2026-09-27 14:16:36.591 [JavaFX-Launcher] DEBUG o.e.t.TaskSchedulerApplication - Font loaded: /org/example/taskschedulerdesktop/fonts/Inter_18pt-Regular.ttf → 'Inter 18pt'
2026-09-27 14:16:36.610 [JavaFX-Launcher] INFO  o.e.t.TaskSchedulerApplication - Name: 'Inter 18pt Medium'
2026-09-27 14:16:36.611 [JavaFX-Launcher] INFO  o.e.t.TaskSchedulerApplication - Family: 'Inter 18pt Medium'
2026-09-27 14:16:36.611 [JavaFX-Launcher] INFO  o.e.t.TaskSchedulerApplication - Style: 'Regular'
2026-09-27 14:16:36.611 [JavaFX-Launcher] DEBUG o.e.t.TaskSchedulerApplication - Font loaded: /org/example/taskschedulerdesktop/fonts/Inter_18pt-Medium.ttf → 'Inter 18pt Medium'
2026-09-27 14:16:36.630 [JavaFX-Launcher] INFO  o.e.t.TaskSchedulerApplication - Name: 'Inter 18pt SemiBold'
2026-09-27 14:16:36.630 [JavaFX-Launcher] INFO  o.e.t.TaskSchedulerApplication - Family: 'Inter 18pt SemiBold'
2026-09-27 14:16:36.630 [JavaFX-Launcher] INFO  o.e.t.TaskSchedulerApplication - Style: 'Regular'
2026-09-27 14:16:36.630 [JavaFX-Launcher] DEBUG o.e.t.TaskSchedulerApplication - Font loaded: /org/example/taskschedulerdesktop/fonts/Inter_18pt-SemiBold.ttf → 'Inter 18pt SemiBold'
2026-09-27 14:16:36.650 [JavaFX-Launcher] INFO  o.e.t.TaskSchedulerApplication - Name: 'Lora Regular'
2026-09-27 14:16:36.651 [JavaFX-Launcher] INFO  o.e.t.TaskSchedulerApplication - Family: 'Lora'
2026-09-27 14:16:36.651 [JavaFX-Launcher] INFO  o.e.t.TaskSchedulerApplication - Style: 'Regular'
2026-09-27 14:16:36.651 [JavaFX-Launcher] DEBUG o.e.t.TaskSchedulerApplication - Font loaded: /org/example/taskschedulerdesktop/fonts/Lora-Regular.ttf → 'Lora'
2026-09-27 14:16:36.669 [JavaFX-Launcher] INFO  o.e.t.TaskSchedulerApplication - Name: 'JetBrains Mono Regular'
2026-09-27 14:16:36.669 [JavaFX-Launcher] INFO  o.e.t.TaskSchedulerApplication - Family: 'JetBrains Mono'
2026-09-27 14:16:36.669 [JavaFX-Launcher] INFO  o.e.t.TaskSchedulerApplication - Style: 'Regular'
2026-09-27 14:16:36.670 [JavaFX-Launcher] DEBUG o.e.t.TaskSchedulerApplication - Font loaded: /org/example/taskschedulerdesktop/fonts/JetBrainsMono-Regular.ttf → 'JetBrains Mono'
2026-09-27 14:16:37.190 [JavaFX Application Thread] DEBUG o.e.t.database.DatabaseConnection - H2 TCP-server started on the port:9092 successful
2026-09-27 14:16:37.194 [JavaFX Application Thread] DEBUG o.e.t.r.task.H2TaskRepository - createTableIfNotExists()
2026-09-27 14:16:37.216 [JavaFX Application Thread] DEBUG o.e.t.r.task.H2TaskRepository - createIndexes()
2026-09-27 14:16:37.235 [JavaFX Application Thread] DEBUG o.e.t.s.project.ProjectServiceImpl - ProjectServiceImpl created
2026-09-27 14:16:37.238 [JavaFX Application Thread] DEBUG o.e.t.listeners.EventBus - SUBSCRIBE: TaskChangedEvent -> 1487721249
2026-09-27 14:16:37.239 [JavaFX Application Thread] DEBUG o.e.t.s.project.ProjectServiceImpl - Subscribe on TaskChangedEvent completed
2026-09-27 14:16:37.603 [JavaFX Application Thread] DEBUG o.e.t.listeners.EventBus - SUBSCRIBE: PageTitleChangedEvent -> 764124341
2026-09-27 14:16:37.627 [JavaFX Application Thread] DEBUG o.e.t.navigation.NavigationManager - Start async loading page: /org/example/taskschedulerdesktop/view/dashboard.fxml
2026-09-27 14:16:37.758 [Thread-6] DEBUG o.e.t.listeners.EventBus - SUBSCRIBE: TaskChangedEvent -> 2011408555
2026-09-27 14:16:37.763 [Thread-7] DEBUG o.e.t.r.task.H2TaskRepository - findAllViews()
2026-09-27 14:16:37.769 [Thread-6] DEBUG o.e.t.c.review.DashboardController - loadProjects()
2026-09-27 14:16:37.773 [Thread-6] DEBUG o.e.t.c.review.DashboardController - load deadlines
2026-09-27 14:16:37.780 [Thread-9] DEBUG o.e.t.r.task.H2TaskRepository - findUpcomingDeadlines(maxDaysUntilDeadline: 7)
2026-09-27 14:16:37.780 [Thread-11] DEBUG o.e.t.s.project.AsyncProjectService - Found 4 projects
2026-09-27 14:16:37.788 [Thread-7] DEBUG o.e.t.r.task.H2TaskRepository - Found 12 views
2026-09-27 14:16:37.803 [JavaFX Application Thread] DEBUG o.e.t.TaskSchedulerApplication - CSS: /org/example/taskschedulerdesktop/styles/style.css
2026-09-27 14:16:37.803 [JavaFX Application Thread] DEBUG o.e.t.TaskSchedulerApplication - CSS: /org/example/taskschedulerdesktop/styles/base.css
2026-09-27 14:16:37.804 [JavaFX Application Thread] DEBUG o.e.t.TaskSchedulerApplication - CSS: /org/example/taskschedulerdesktop/styles/row_task_table.css
2026-09-27 14:16:37.805 [JavaFX Application Thread] DEBUG o.e.t.TaskSchedulerApplication - CSS: /org/example/taskschedulerdesktop/styles/task_table_view.css
2026-09-27 14:16:37.851 [Thread-10] DEBUG o.e.t.r.task.H2TaskRepository - findAllViews()
2026-09-27 14:16:37.851 [Thread-6] DEBUG o.e.t.listeners.EventBus - SUBSCRIBE: TaskChangedEvent -> 1827330383
2026-09-27 14:16:37.852 [Thread-6] DEBUG o.e.t.c.review.DashboardController - Task table loaded successfully
2026-09-27 14:16:37.855 [Thread-10] DEBUG o.e.t.r.task.H2TaskRepository - Found 12 views
2026-09-27 14:16:38.410 [JavaFX Application Thread] DEBUG o.e.t.c.review.DashboardController - Found 1 tasks, task status: UNDER_REVIEW
2026-09-27 14:16:38.412 [JavaFX Application Thread] DEBUG o.e.t.c.review.DashboardController - Found 4 tasks, task status: COMPLETED
2026-09-27 14:16:38.415 [JavaFX Application Thread] DEBUG o.e.t.c.review.DashboardController - Found 1 tasks, task status: IN_PROGRESS
2026-09-27 14:16:38.419 [JavaFX Application Thread] DEBUG o.e.t.service.task.AsyncTaskService - onSucceeded returned: 12 tasks
2026-09-27 14:16:38.420 [JavaFX Application Thread] DEBUG o.e.t.c.review.DashboardController - Found 12 tasks
2026-09-27 14:16:38.421 [JavaFX Application Thread] DEBUG o.e.t.c.review.DashboardController - observableList size: 7
2026-09-27 14:16:38.422 [JavaFX Application Thread] DEBUG o.e.t.c.review.DashboardController - deadlinesListView size : 7
2026-09-27 14:16:38.444 [JavaFX Application Thread] DEBUG o.e.t.listeners.EventBus - FIRE: PageTitleChangedEvent (subscribers: 1)
2026-09-27 14:16:38.444 [JavaFX Application Thread] DEBUG o.e.t.navigation.NavigationManager - Page displayed successfully: /org/example/taskschedulerdesktop/view/dashboard.fxml
2026-09-27 14:16:38.446 [JavaFX Application Thread] DEBUG o.e.t.service.task.AsyncTaskService - onSucceeded returned: 12 tasks
2026-09-27 14:16:38.446 [JavaFX Application Thread] DEBUG o.e.t.c.tasks.TaskTableController - onSuccess: received 12 tasks
2026-09-27 14:16:38.446 [JavaFX Application Thread] DEBUG o.e.t.c.tasks.TaskTableController - onSuccess: first task: Настроить интеграцию с 1C
2026-09-27 14:16:38.447 [JavaFX Application Thread] DEBUG o.e.t.c.tasks.TaskTableController - Table has: 12 tasks
2026-09-27 14:16:38.619 [JavaFX Application Thread] DEBUG o.e.t.dto.projects.ProjectListCell - creating project list cell
2026-09-27 14:16:38.661 [JavaFX Application Thread] DEBUG o.e.t.dto.projects.ProjectListCell - project list cell loaded successfully
2026-09-27 14:16:38.839 [JavaFX Application Thread] DEBUG o.e.t.dto.projects.DeadlineListCell - creating deadline list cell
2026-09-27 14:16:38.851 [JavaFX Application Thread] DEBUG o.e.t.dto.projects.DeadlineListCell - deadline list cell loaded successfully
2026-09-27 14:16:39.100 [JavaFX Application Thread] DEBUG o.e.t.dto.projects.ProjectListCell - creating project list cell
2026-09-27 14:16:39.116 [JavaFX Application Thread] DEBUG o.e.t.dto.projects.ProjectListCell - project list cell loaded successfully
2026-09-27 14:16:39.129 [JavaFX Application Thread] DEBUG o.e.t.dto.projects.ProjectListCell - creating project list cell
2026-09-27 14:16:39.142 [JavaFX Application Thread] DEBUG o.e.t.dto.projects.ProjectListCell - project list cell loaded successfully
2026-09-27 14:16:39.155 [JavaFX Application Thread] DEBUG o.e.t.dto.projects.ProjectListCell - creating project list cell
2026-09-27 14:16:39.166 [JavaFX Application Thread] DEBUG o.e.t.dto.projects.ProjectListCell - project list cell loaded successfully
2026-09-27 14:16:39.179 [JavaFX Application Thread] DEBUG o.e.t.dto.projects.ProjectListCell - creating project list cell
2026-09-27 14:16:39.192 [JavaFX Application Thread] DEBUG o.e.t.dto.projects.ProjectListCell - project list cell loaded successfully
2026-09-27 14:16:39.201 [JavaFX Application Thread] DEBUG o.e.t.dto.projects.ProjectListCell - creating project list cell
2026-09-27 14:16:39.214 [JavaFX Application Thread] DEBUG o.e.t.dto.projects.ProjectListCell - project list cell loaded successfully
2026-09-27 14:16:39.218 [JavaFX Application Thread] DEBUG o.e.t.dto.projects.ProjectListCell - creating project list cell
2026-09-27 14:16:39.228 [JavaFX Application Thread] DEBUG o.e.t.dto.projects.ProjectListCell - project list cell loaded successfully
2026-09-27 14:16:39.231 [JavaFX Application Thread] DEBUG o.e.t.dto.projects.ProjectListCell - creating project list cell
2026-09-27 14:16:39.240 [JavaFX Application Thread] DEBUG o.e.t.dto.projects.ProjectListCell - project list cell loaded successfully
2026-09-27 14:16:39.242 [JavaFX Application Thread] DEBUG o.e.t.dto.projects.ProjectListCell - creating project list cell
2026-09-27 14:16:39.251 [JavaFX Application Thread] DEBUG o.e.t.dto.projects.ProjectListCell - project list cell loaded successfully
2026-09-27 14:16:39.252 [JavaFX Application Thread] DEBUG o.e.t.dto.projects.ProjectListCell - creating project list cell
2026-09-27 14:16:39.264 [JavaFX Application Thread] DEBUG o.e.t.dto.projects.ProjectListCell - project list cell loaded successfully
2026-09-27 14:16:39.266 [JavaFX Application Thread] DEBUG o.e.t.dto.projects.ProjectListCell - creating project list cell
2026-09-27 14:16:39.276 [JavaFX Application Thread] DEBUG o.e.t.dto.projects.ProjectListCell - project list cell loaded successfully
2026-09-27 14:16:39.278 [JavaFX Application Thread] DEBUG o.e.t.dto.projects.ProjectListCell - creating project list cell
2026-09-27 14:16:39.287 [JavaFX Application Thread] DEBUG o.e.t.dto.projects.ProjectListCell - project list cell loaded successfully
2026-09-27 14:16:39.288 [JavaFX Application Thread] DEBUG o.e.t.dto.projects.ProjectListCell - creating project list cell
2026-09-27 14:16:39.296 [JavaFX Application Thread] DEBUG o.e.t.dto.projects.ProjectListCell - project list cell loaded successfully
2026-09-27 14:16:39.299 [JavaFX Application Thread] DEBUG o.e.t.dto.projects.ProjectListCell - creating project list cell
2026-09-27 14:16:39.317 [JavaFX Application Thread] DEBUG o.e.t.dto.projects.ProjectListCell - project list cell loaded successfully
2026-09-27 14:16:39.337 [JavaFX Application Thread] DEBUG o.e.t.dto.projects.DeadlineListCell - creating deadline list cell
2026-09-27 14:16:39.346 [JavaFX Application Thread] DEBUG o.e.t.dto.projects.DeadlineListCell - deadline list cell loaded successfully
2026-09-27 14:16:39.356 [JavaFX Application Thread] DEBUG o.e.t.dto.projects.DeadlineListCell - creating deadline list cell
2026-09-27 14:16:39.364 [JavaFX Application Thread] DEBUG o.e.t.dto.projects.DeadlineListCell - deadline list cell loaded successfully
2026-09-27 14:16:39.373 [JavaFX Application Thread] DEBUG o.e.t.dto.projects.DeadlineListCell - creating deadline list cell
2026-09-27 14:16:39.380 [JavaFX Application Thread] DEBUG o.e.t.dto.projects.DeadlineListCell - deadline list cell loaded successfully
2026-09-27 14:16:39.388 [JavaFX Application Thread] DEBUG o.e.t.dto.projects.DeadlineListCell - creating deadline list cell
2026-09-27 14:16:39.395 [JavaFX Application Thread] DEBUG o.e.t.dto.projects.DeadlineListCell - deadline list cell loaded successfully
2026-09-27 14:16:39.402 [JavaFX Application Thread] DEBUG o.e.t.dto.projects.DeadlineListCell - creating deadline list cell
2026-09-27 14:16:39.409 [JavaFX Application Thread] DEBUG o.e.t.dto.projects.DeadlineListCell - deadline list cell loaded successfully
2026-09-27 14:16:39.415 [JavaFX Application Thread] DEBUG o.e.t.dto.projects.DeadlineListCell - creating deadline list cell
2026-09-27 14:16:39.425 [JavaFX Application Thread] DEBUG o.e.t.dto.projects.DeadlineListCell - deadline list cell loaded successfully
2026-09-27 14:16:39.431 [JavaFX Application Thread] DEBUG o.e.t.dto.projects.DeadlineListCell - creating deadline list cell
2026-09-27 14:16:39.439 [JavaFX Application Thread] DEBUG o.e.t.dto.projects.DeadlineListCell - deadline list cell loaded successfully
2026-09-27 14:16:39.446 [JavaFX Application Thread] DEBUG o.e.t.dto.projects.DeadlineListCell - creating deadline list cell
2026-09-27 14:16:39.453 [JavaFX Application Thread] DEBUG o.e.t.dto.projects.DeadlineListCell - deadline list cell loaded successfully
2026-09-27 14:17:12.158 [JavaFX-Launcher] INFO  o.e.t.TaskSchedulerApplication - Name: 'Inter 18pt Regular'
2026-09-27 14:17:12.160 [JavaFX-Launcher] INFO  o.e.t.TaskSchedulerApplication - Family: 'Inter 18pt'
2026-09-27 14:17:12.161 [JavaFX-Launcher] INFO  o.e.t.TaskSchedulerApplication - Style: 'Regular'
2026-09-27 14:17:12.161 [JavaFX-Launcher] DEBUG o.e.t.TaskSchedulerApplication - Font loaded: /org/example/taskschedulerdesktop/fonts/Inter_18pt-Regular.ttf → 'Inter 18pt'
2026-09-27 14:17:12.181 [JavaFX-Launcher] INFO  o.e.t.TaskSchedulerApplication - Name: 'Inter 18pt Medium'
2026-09-27 14:17:12.181 [JavaFX-Launcher] INFO  o.e.t.TaskSchedulerApplication - Family: 'Inter 18pt Medium'
2026-09-27 14:17:12.181 [JavaFX-Launcher] INFO  o.e.t.TaskSchedulerApplication - Style: 'Regular'
2026-09-27 14:17:12.181 [JavaFX-Launcher] DEBUG o.e.t.TaskSchedulerApplication - Font loaded: /org/example/taskschedulerdesktop/fonts/Inter_18pt-Medium.ttf → 'Inter 18pt Medium'
2026-09-27 14:17:12.201 [JavaFX-Launcher] INFO  o.e.t.TaskSchedulerApplication - Name: 'Inter 18pt SemiBold'
2026-09-27 14:17:12.202 [JavaFX-Launcher] INFO  o.e.t.TaskSchedulerApplication - Family: 'Inter 18pt SemiBold'
2026-09-27 14:17:12.202 [JavaFX-Launcher] INFO  o.e.t.TaskSchedulerApplication - Style: 'Regular'
2026-09-27 14:17:12.202 [JavaFX-Launcher] DEBUG o.e.t.TaskSchedulerApplication - Font loaded: /org/example/taskschedulerdesktop/fonts/Inter_18pt-SemiBold.ttf → 'Inter 18pt SemiBold'
2026-09-27 14:17:12.219 [JavaFX-Launcher] INFO  o.e.t.TaskSchedulerApplication - Name: 'Lora Regular'
2026-09-27 14:17:12.219 [JavaFX-Launcher] INFO  o.e.t.TaskSchedulerApplication - Family: 'Lora'
2026-09-27 14:17:12.219 [JavaFX-Launcher] INFO  o.e.t.TaskSchedulerApplication - Style: 'Regular'
2026-09-27 14:17:12.219 [JavaFX-Launcher] DEBUG o.e.t.TaskSchedulerApplication - Font loaded: /org/example/taskschedulerdesktop/fonts/Lora-Regular.ttf → 'Lora'
2026-09-27 14:17:12.240 [JavaFX-Launcher] INFO  o.e.t.TaskSchedulerApplication - Name: 'JetBrains Mono Regular'
2026-09-27 14:17:12.241 [JavaFX-Launcher] INFO  o.e.t.TaskSchedulerApplication - Family: 'JetBrains Mono'
2026-09-27 14:17:12.241 [JavaFX-Launcher] INFO  o.e.t.TaskSchedulerApplication - Style: 'Regular'
2026-09-27 14:17:12.241 [JavaFX-Launcher] DEBUG o.e.t.TaskSchedulerApplication - Font loaded: /org/example/taskschedulerdesktop/fonts/JetBrainsMono-Regular.ttf → 'JetBrains Mono'
2026-09-27 14:17:12.757 [JavaFX Application Thread] DEBUG o.e.t.database.DatabaseConnection - H2 TCP-server started on the port:9092 successful
2026-09-27 14:17:12.760 [JavaFX Application Thread] DEBUG o.e.t.r.task.H2TaskRepository - createTableIfNotExists()
2026-09-27 14:17:12.788 [JavaFX Application Thread] DEBUG o.e.t.r.task.H2TaskRepository - createIndexes()
2026-09-27 14:17:12.810 [JavaFX Application Thread] DEBUG o.e.t.s.project.ProjectServiceImpl - ProjectServiceImpl created
2026-09-27 14:17:12.813 [JavaFX Application Thread] DEBUG o.e.t.listeners.EventBus - SUBSCRIBE: TaskChangedEvent -> 1487721249
2026-09-27 14:17:12.814 [JavaFX Application Thread] DEBUG o.e.t.s.project.ProjectServiceImpl - Subscribe on TaskChangedEvent completed
2026-09-27 14:17:13.189 [JavaFX Application Thread] DEBUG o.e.t.listeners.EventBus - SUBSCRIBE: PageTitleChangedEvent -> 764124341
2026-09-27 14:17:13.213 [JavaFX Application Thread] DEBUG o.e.t.navigation.NavigationManager - Start async loading page: /org/example/taskschedulerdesktop/view/dashboard.fxml
2026-09-27 14:17:13.343 [Thread-6] DEBUG o.e.t.listeners.EventBus - SUBSCRIBE: TaskChangedEvent -> 1934004147
2026-09-27 14:17:13.347 [Thread-7] DEBUG o.e.t.r.task.H2TaskRepository - findAllViews()
2026-09-27 14:17:13.354 [Thread-6] DEBUG o.e.t.c.review.DashboardController - loadProjects()
2026-09-27 14:17:13.357 [Thread-6] DEBUG o.e.t.c.review.DashboardController - load deadlines
2026-09-27 14:17:13.363 [Thread-11] DEBUG o.e.t.s.project.AsyncProjectService - Found 4 projects
2026-09-27 14:17:13.365 [Thread-9] DEBUG o.e.t.r.task.H2TaskRepository - findUpcomingDeadlines(maxDaysUntilDeadline: 7)
2026-09-27 14:17:13.369 [Thread-7] DEBUG o.e.t.r.task.H2TaskRepository - Found 12 views
2026-09-27 14:17:13.393 [JavaFX Application Thread] DEBUG o.e.t.TaskSchedulerApplication - CSS: /org/example/taskschedulerdesktop/styles/style.css
2026-09-27 14:17:13.394 [JavaFX Application Thread] DEBUG o.e.t.TaskSchedulerApplication - CSS: /org/example/taskschedulerdesktop/styles/base.css
2026-09-27 14:17:13.395 [JavaFX Application Thread] DEBUG o.e.t.TaskSchedulerApplication - CSS: /org/example/taskschedulerdesktop/styles/row_task_table.css
2026-09-27 14:17:13.396 [JavaFX Application Thread] DEBUG o.e.t.TaskSchedulerApplication - CSS: /org/example/taskschedulerdesktop/styles/task_table_view.css
2026-09-27 14:17:13.440 [Thread-6] DEBUG o.e.t.listeners.EventBus - SUBSCRIBE: TaskChangedEvent -> 1430291149
2026-09-27 14:17:13.440 [Thread-10] DEBUG o.e.t.r.task.H2TaskRepository - findAllViews()
2026-09-27 14:17:13.441 [Thread-6] DEBUG o.e.t.c.review.DashboardController - Task table loaded successfully
2026-09-27 14:17:13.444 [Thread-10] DEBUG o.e.t.r.task.H2TaskRepository - Found 12 views
2026-09-27 14:17:14.056 [JavaFX Application Thread] DEBUG o.e.t.c.review.DashboardController - Found 1 tasks, task status: UNDER_REVIEW
2026-09-27 14:17:14.058 [JavaFX Application Thread] DEBUG o.e.t.c.review.DashboardController - Found 4 tasks, task status: COMPLETED
2026-09-27 14:17:14.065 [JavaFX Application Thread] DEBUG o.e.t.c.review.DashboardController - Found 1 tasks, task status: IN_PROGRESS
2026-09-27 14:17:14.072 [JavaFX Application Thread] DEBUG o.e.t.service.task.AsyncTaskService - onSucceeded returned: 12 tasks
2026-09-27 14:17:14.073 [JavaFX Application Thread] DEBUG o.e.t.c.review.DashboardController - Found 12 tasks
2026-09-27 14:17:14.074 [JavaFX Application Thread] DEBUG o.e.t.c.review.DashboardController - observableList size: 7
2026-09-27 14:17:14.074 [JavaFX Application Thread] DEBUG o.e.t.c.review.DashboardController - deadlinesListView size : 7
2026-09-27 14:17:14.101 [JavaFX Application Thread] DEBUG o.e.t.listeners.EventBus - FIRE: PageTitleChangedEvent (subscribers: 1)
2026-09-27 14:17:14.101 [JavaFX Application Thread] DEBUG o.e.t.navigation.NavigationManager - Page displayed successfully: /org/example/taskschedulerdesktop/view/dashboard.fxml
2026-09-27 14:17:14.102 [JavaFX Application Thread] DEBUG o.e.t.service.task.AsyncTaskService - onSucceeded returned: 12 tasks
2026-09-27 14:17:14.104 [JavaFX Application Thread] DEBUG o.e.t.c.tasks.TaskTableController - onSuccess: received 12 tasks
2026-09-27 14:17:14.104 [JavaFX Application Thread] DEBUG o.e.t.c.tasks.TaskTableController - onSuccess: first task: Настроить интеграцию с 1C
2026-09-27 14:17:14.104 [JavaFX Application Thread] DEBUG o.e.t.c.tasks.TaskTableController - Table has: 12 tasks
2026-09-27 14:17:14.287 [JavaFX Application Thread] DEBUG o.e.t.dto.projects.ProjectListCell - creating project list cell
2026-09-27 14:17:14.325 [JavaFX Application Thread] DEBUG o.e.t.dto.projects.ProjectListCell - project list cell loaded successfully
2026-09-27 14:17:14.482 [JavaFX Application Thread] DEBUG o.e.t.dto.projects.DeadlineListCell - creating deadline list cell
2026-09-27 14:17:14.498 [JavaFX Application Thread] DEBUG o.e.t.dto.projects.DeadlineListCell - deadline list cell loaded successfully
2026-09-27 14:17:14.699 [JavaFX Application Thread] DEBUG o.e.t.dto.projects.ProjectListCell - creating project list cell
2026-09-27 14:17:14.712 [JavaFX Application Thread] DEBUG o.e.t.dto.projects.ProjectListCell - project list cell loaded successfully
2026-09-27 14:17:14.724 [JavaFX Application Thread] DEBUG o.e.t.dto.projects.ProjectListCell - creating project list cell
2026-09-27 14:17:14.733 [JavaFX Application Thread] DEBUG o.e.t.dto.projects.ProjectListCell - project list cell loaded successfully
2026-09-27 14:17:14.746 [JavaFX Application Thread] DEBUG o.e.t.dto.projects.ProjectListCell - creating project list cell
2026-09-27 14:17:14.757 [JavaFX Application Thread] DEBUG o.e.t.dto.projects.ProjectListCell - project list cell loaded successfully
2026-09-27 14:17:14.768 [JavaFX Application Thread] DEBUG o.e.t.dto.projects.ProjectListCell - creating project list cell
2026-09-27 14:17:14.777 [JavaFX Application Thread] DEBUG o.e.t.dto.projects.ProjectListCell - project list cell loaded successfully
2026-09-27 14:17:14.785 [JavaFX Application Thread] DEBUG o.e.t.dto.projects.ProjectListCell - creating project list cell
2026-09-27 14:17:14.795 [JavaFX Application Thread] DEBUG o.e.t.dto.projects.ProjectListCell - project list cell loaded successfully
2026-09-27 14:17:14.797 [JavaFX Application Thread] DEBUG o.e.t.dto.projects.ProjectListCell - creating project list cell
2026-09-27 14:17:14.806 [JavaFX Application Thread] DEBUG o.e.t.dto.projects.ProjectListCell - project list cell loaded successfully
2026-09-27 14:17:14.808 [JavaFX Application Thread] DEBUG o.e.t.dto.projects.ProjectListCell - creating project list cell
2026-09-27 14:17:14.821 [JavaFX Application Thread] DEBUG o.e.t.dto.projects.ProjectListCell - project list cell loaded successfully
2026-09-27 14:17:14.823 [JavaFX Application Thread] DEBUG o.e.t.dto.projects.ProjectListCell - creating project list cell
2026-09-27 14:17:14.835 [JavaFX Application Thread] DEBUG o.e.t.dto.projects.ProjectListCell - project list cell loaded successfully
2026-09-27 14:17:14.838 [JavaFX Application Thread] DEBUG o.e.t.dto.projects.ProjectListCell - creating project list cell
2026-09-27 14:17:14.849 [JavaFX Application Thread] DEBUG o.e.t.dto.projects.ProjectListCell - project list cell loaded successfully
2026-09-27 14:17:14.851 [JavaFX Application Thread] DEBUG o.e.t.dto.projects.ProjectListCell - creating project list cell
2026-09-27 14:17:14.864 [JavaFX Application Thread] DEBUG o.e.t.dto.projects.ProjectListCell - project list cell loaded successfully
2026-09-27 14:17:14.865 [JavaFX Application Thread] DEBUG o.e.t.dto.projects.ProjectListCell - creating project list cell
2026-09-27 14:17:14.877 [JavaFX Application Thread] DEBUG o.e.t.dto.projects.ProjectListCell - project list cell loaded successfully
2026-09-27 14:17:14.879 [JavaFX Application Thread] DEBUG o.e.t.dto.projects.ProjectListCell - creating project list cell
2026-09-27 14:17:14.899 [JavaFX Application Thread] DEBUG o.e.t.dto.projects.ProjectListCell - project list cell loaded successfully
2026-09-27 14:17:14.901 [JavaFX Application Thread] DEBUG o.e.t.dto.projects.ProjectListCell - creating project list cell
2026-09-27 14:17:14.914 [JavaFX Application Thread] DEBUG o.e.t.dto.projects.ProjectListCell - project list cell loaded successfully
2026-09-27 14:17:14.933 [JavaFX Application Thread] DEBUG o.e.t.dto.projects.DeadlineListCell - creating deadline list cell
2026-09-27 14:17:14.943 [JavaFX Application Thread] DEBUG o.e.t.dto.projects.DeadlineListCell - deadline list cell loaded successfully
2026-09-27 14:17:14.953 [JavaFX Application Thread] DEBUG o.e.t.dto.projects.DeadlineListCell - creating deadline list cell
2026-09-27 14:17:14.960 [JavaFX Application Thread] DEBUG o.e.t.dto.projects.DeadlineListCell - deadline list cell loaded successfully
2026-09-27 14:17:14.966 [JavaFX Application Thread] DEBUG o.e.t.dto.projects.DeadlineListCell - creating deadline list cell
2026-09-27 14:17:14.975 [JavaFX Application Thread] DEBUG o.e.t.dto.projects.DeadlineListCell - deadline list cell loaded successfully
2026-09-27 14:17:14.984 [JavaFX Application Thread] DEBUG o.e.t.dto.projects.DeadlineListCell - creating deadline list cell
2026-09-27 14:17:14.991 [JavaFX Application Thread] DEBUG o.e.t.dto.projects.DeadlineListCell - deadline list cell loaded successfully
2026-09-27 14:17:14.997 [JavaFX Application Thread] DEBUG o.e.t.dto.projects.DeadlineListCell - creating deadline list cell
2026-09-27 14:17:15.003 [JavaFX Application Thread] DEBUG o.e.t.dto.projects.DeadlineListCell - deadline list cell loaded successfully
2026-09-27 14:17:15.009 [JavaFX Application Thread] DEBUG o.e.t.dto.projects.DeadlineListCell - creating deadline list cell
2026-09-27 14:17:15.016 [JavaFX Application Thread] DEBUG o.e.t.dto.projects.DeadlineListCell - deadline list cell loaded successfully
2026-09-27 14:17:15.022 [JavaFX Application Thread] DEBUG o.e.t.dto.projects.DeadlineListCell - creating deadline list cell
2026-09-27 14:17:15.029 [JavaFX Application Thread] DEBUG o.e.t.dto.projects.DeadlineListCell - deadline list cell loaded successfully
2026-09-27 14:17:15.034 [JavaFX Application Thread] DEBUG o.e.t.dto.projects.DeadlineListCell - creating deadline list cell
2026-09-27 14:17:15.040 [JavaFX Application Thread] DEBUG o.e.t.dto.projects.DeadlineListCell - deadline list cell loaded successfully
2026-09-27 14:17:36.236 [JavaFX-Launcher] INFO  o.e.t.TaskSchedulerApplication - Name: 'Inter 18pt Regular'
2026-09-27 14:17:36.239 [JavaFX-Launcher] INFO  o.e.t.TaskSchedulerApplication - Family: 'Inter 18pt'
2026-09-27 14:17:36.239 [JavaFX-Launcher] INFO  o.e.t.TaskSchedulerApplication - Style: 'Regular'
2026-09-27 14:17:36.239 [JavaFX-Launcher] DEBUG o.e.t.TaskSchedulerApplication - Font loaded: /org/example/taskschedulerdesktop/fonts/Inter_18pt-Regular.ttf → 'Inter 18pt'
2026-09-27 14:17:36.259 [JavaFX-Launcher] INFO  o.e.t.TaskSchedulerApplication - Name: 'Inter 18pt Medium'
2026-09-27 14:17:36.259 [JavaFX-Launcher] INFO  o.e.t.TaskSchedulerApplication - Family: 'Inter 18pt Medium'
2026-09-27 14:17:36.259 [JavaFX-Launcher] INFO  o.e.t.TaskSchedulerApplication - Style: 'Regular'
2026-09-27 14:17:36.259 [JavaFX-Launcher] DEBUG o.e.t.TaskSchedulerApplication - Font loaded: /org/example/taskschedulerdesktop/fonts/Inter_18pt-Medium.ttf → 'Inter 18pt Medium'
2026-09-27 14:17:36.278 [JavaFX-Launcher] INFO  o.e.t.TaskSchedulerApplication - Name: 'Inter 18pt SemiBold'
2026-09-27 14:17:36.278 [JavaFX-Launcher] INFO  o.e.t.TaskSchedulerApplication - Family: 'Inter 18pt SemiBold'
2026-09-27 14:17:36.278 [JavaFX-Launcher] INFO  o.e.t.TaskSchedulerApplication - Style: 'Regular'
2026-09-27 14:17:36.278 [JavaFX-Launcher] DEBUG o.e.t.TaskSchedulerApplication - Font loaded: /org/example/taskschedulerdesktop/fonts/Inter_18pt-SemiBold.ttf → 'Inter 18pt SemiBold'
2026-09-27 14:17:36.296 [JavaFX-Launcher] INFO  o.e.t.TaskSchedulerApplication - Name: 'Lora Regular'
2026-09-27 14:17:36.296 [JavaFX-Launcher] INFO  o.e.t.TaskSchedulerApplication - Family: 'Lora'
2026-09-27 14:17:36.296 [JavaFX-Launcher] INFO  o.e.t.TaskSchedulerApplication - Style: 'Regular'
2026-09-27 14:17:36.296 [JavaFX-Launcher] DEBUG o.e.t.TaskSchedulerApplication - Font loaded: /org/example/taskschedulerdesktop/fonts/Lora-Regular.ttf → 'Lora'
2026-09-27 14:17:36.316 [JavaFX-Launcher] INFO  o.e.t.TaskSchedulerApplication - Name: 'JetBrains Mono Regular'
2026-09-27 14:17:36.316 [JavaFX-Launcher] INFO  o.e.t.TaskSchedulerApplication - Family: 'JetBrains Mono'
2026-09-27 14:17:36.316 [JavaFX-Launcher] INFO  o.e.t.TaskSchedulerApplication - Style: 'Regular'
2026-09-27 14:17:36.316 [JavaFX-Launcher] DEBUG o.e.t.TaskSchedulerApplication - Font loaded: /org/example/taskschedulerdesktop/fonts/JetBrainsMono-Regular.ttf → 'JetBrains Mono'
2026-09-27 14:17:36.820 [JavaFX Application Thread] DEBUG o.e.t.database.DatabaseConnection - H2 TCP-server started on the port:9092 successful
2026-09-27 14:17:36.824 [JavaFX Application Thread] DEBUG o.e.t.r.task.H2TaskRepository - createTableIfNotExists()
2026-09-27 14:17:36.846 [JavaFX Application Thread] DEBUG o.e.t.r.task.H2TaskRepository - createIndexes()
2026-09-27 14:17:36.865 [JavaFX Application Thread] DEBUG o.e.t.s.project.ProjectServiceImpl - ProjectServiceImpl created
2026-09-27 14:17:36.869 [JavaFX Application Thread] DEBUG o.e.t.listeners.EventBus - SUBSCRIBE: TaskChangedEvent -> 1487721249
2026-09-27 14:17:36.870 [JavaFX Application Thread] DEBUG o.e.t.s.project.ProjectServiceImpl - Subscribe on TaskChangedEvent completed
2026-09-27 14:17:37.246 [JavaFX Application Thread] DEBUG o.e.t.listeners.EventBus - SUBSCRIBE: PageTitleChangedEvent -> 764124341
2026-09-27 14:17:37.273 [JavaFX Application Thread] DEBUG o.e.t.navigation.NavigationManager - Start async loading page: /org/example/taskschedulerdesktop/view/dashboard.fxml
2026-09-27 14:17:37.411 [Thread-6] DEBUG o.e.t.listeners.EventBus - SUBSCRIBE: TaskChangedEvent -> 1456148737
2026-09-27 14:17:37.414 [Thread-7] DEBUG o.e.t.r.task.H2TaskRepository - findAllViews()
2026-09-27 14:17:37.421 [Thread-6] DEBUG o.e.t.c.review.DashboardController - loadProjects()
2026-09-27 14:17:37.425 [Thread-6] DEBUG o.e.t.c.review.DashboardController - load deadlines
2026-09-27 14:17:37.431 [Thread-11] DEBUG o.e.t.s.project.AsyncProjectService - Found 4 projects
2026-09-27 14:17:37.433 [Thread-8] DEBUG o.e.t.r.task.H2TaskRepository - findUpcomingDeadlines(maxDaysUntilDeadline: 7)
2026-09-27 14:17:37.438 [Thread-7] DEBUG o.e.t.r.task.H2TaskRepository - Found 12 views
2026-09-27 14:17:37.443 [JavaFX Application Thread] DEBUG o.e.t.TaskSchedulerApplication - CSS: /org/example/taskschedulerdesktop/styles/style.css
2026-09-27 14:17:37.444 [JavaFX Application Thread] DEBUG o.e.t.TaskSchedulerApplication - CSS: /org/example/taskschedulerdesktop/styles/base.css
2026-09-27 14:17:37.446 [JavaFX Application Thread] DEBUG o.e.t.TaskSchedulerApplication - CSS: /org/example/taskschedulerdesktop/styles/row_task_table.css
2026-09-27 14:17:37.447 [JavaFX Application Thread] DEBUG o.e.t.TaskSchedulerApplication - CSS: /org/example/taskschedulerdesktop/styles/task_table_view.css
2026-09-27 14:17:37.515 [Thread-6] DEBUG o.e.t.listeners.EventBus - SUBSCRIBE: TaskChangedEvent -> 447304713
2026-09-27 14:17:37.516 [Thread-10] DEBUG o.e.t.r.task.H2TaskRepository - findAllViews()
2026-09-27 14:17:37.516 [Thread-6] DEBUG o.e.t.c.review.DashboardController - Task table loaded successfully
2026-09-27 14:17:37.520 [Thread-10] DEBUG o.e.t.r.task.H2TaskRepository - Found 12 views
2026-09-27 14:17:37.987 [JavaFX Application Thread] DEBUG o.e.t.c.review.DashboardController - Found 1 tasks, task status: IN_PROGRESS
2026-09-27 14:17:37.990 [JavaFX Application Thread] DEBUG o.e.t.c.review.DashboardController - Found 4 tasks, task status: COMPLETED
2026-09-27 14:17:37.993 [JavaFX Application Thread] DEBUG o.e.t.c.review.DashboardController - Found 1 tasks, task status: UNDER_REVIEW
2026-09-27 14:17:38.015 [JavaFX Application Thread] DEBUG o.e.t.service.task.AsyncTaskService - onSucceeded returned: 12 tasks
2026-09-27 14:17:38.015 [JavaFX Application Thread] DEBUG o.e.t.c.review.DashboardController - Found 12 tasks
2026-09-27 14:17:38.017 [JavaFX Application Thread] DEBUG o.e.t.c.review.DashboardController - observableList size: 7
2026-09-27 14:17:38.018 [JavaFX Application Thread] DEBUG o.e.t.c.review.DashboardController - deadlinesListView size : 7
2026-09-27 14:17:38.023 [JavaFX Application Thread] DEBUG o.e.t.listeners.EventBus - FIRE: PageTitleChangedEvent (subscribers: 1)
2026-09-27 14:17:38.024 [JavaFX Application Thread] DEBUG o.e.t.navigation.NavigationManager - Page displayed successfully: /org/example/taskschedulerdesktop/view/dashboard.fxml
2026-09-27 14:17:38.025 [JavaFX Application Thread] DEBUG o.e.t.service.task.AsyncTaskService - onSucceeded returned: 12 tasks
2026-09-27 14:17:38.025 [JavaFX Application Thread] DEBUG o.e.t.c.tasks.TaskTableController - onSuccess: received 12 tasks
2026-09-27 14:17:38.026 [JavaFX Application Thread] DEBUG o.e.t.c.tasks.TaskTableController - onSuccess: first task: Настроить интеграцию с 1C
2026-09-27 14:17:38.027 [JavaFX Application Thread] DEBUG o.e.t.c.tasks.TaskTableController - Table has: 12 tasks
2026-09-27 14:17:38.179 [JavaFX Application Thread] DEBUG o.e.t.dto.projects.ProjectListCell - creating project list cell
2026-09-27 14:17:38.201 [JavaFX Application Thread] DEBUG o.e.t.dto.projects.ProjectListCell - project list cell loaded successfully
2026-09-27 14:17:38.357 [JavaFX Application Thread] DEBUG o.e.t.dto.projects.DeadlineListCell - creating deadline list cell
2026-09-27 14:17:38.369 [JavaFX Application Thread] DEBUG o.e.t.dto.projects.DeadlineListCell - deadline list cell loaded successfully
2026-09-27 14:17:38.583 [JavaFX Application Thread] DEBUG o.e.t.dto.projects.ProjectListCell - creating project list cell
2026-09-27 14:17:38.593 [JavaFX Application Thread] DEBUG o.e.t.dto.projects.ProjectListCell - project list cell loaded successfully
2026-09-27 14:17:38.602 [JavaFX Application Thread] DEBUG o.e.t.dto.projects.ProjectListCell - creating project list cell
2026-09-27 14:17:38.612 [JavaFX Application Thread] DEBUG o.e.t.dto.projects.ProjectListCell - project list cell loaded successfully
2026-09-27 14:17:38.621 [JavaFX Application Thread] DEBUG o.e.t.dto.projects.ProjectListCell - creating project list cell
2026-09-27 14:17:38.632 [JavaFX Application Thread] DEBUG o.e.t.dto.projects.ProjectListCell - project list cell loaded successfully
2026-09-27 14:17:38.640 [JavaFX Application Thread] DEBUG o.e.t.dto.projects.ProjectListCell - creating project list cell
2026-09-27 14:17:38.652 [JavaFX Application Thread] DEBUG o.e.t.dto.projects.ProjectListCell - project list cell loaded successfully
2026-09-27 14:17:38.660 [JavaFX Application Thread] DEBUG o.e.t.dto.projects.ProjectListCell - creating project list cell
2026-09-27 14:17:38.669 [JavaFX Application Thread] DEBUG o.e.t.dto.projects.ProjectListCell - project list cell loaded successfully
2026-09-27 14:17:38.672 [JavaFX Application Thread] DEBUG o.e.t.dto.projects.ProjectListCell - creating project list cell
2026-09-27 14:17:38.682 [JavaFX Application Thread] DEBUG o.e.t.dto.projects.ProjectListCell - project list cell loaded successfully
2026-09-27 14:17:38.683 [JavaFX Application Thread] DEBUG o.e.t.dto.projects.ProjectListCell - creating project list cell
2026-09-27 14:17:38.693 [JavaFX Application Thread] DEBUG o.e.t.dto.projects.ProjectListCell - project list cell loaded successfully
2026-09-27 14:17:38.695 [JavaFX Application Thread] DEBUG o.e.t.dto.projects.ProjectListCell - creating project list cell
2026-09-27 14:17:38.704 [JavaFX Application Thread] DEBUG o.e.t.dto.projects.ProjectListCell - project list cell loaded successfully
2026-09-27 14:17:38.706 [JavaFX Application Thread] DEBUG o.e.t.dto.projects.ProjectListCell - creating project list cell
2026-09-27 14:17:38.715 [JavaFX Application Thread] DEBUG o.e.t.dto.projects.ProjectListCell - project list cell loaded successfully
2026-09-27 14:17:38.717 [JavaFX Application Thread] DEBUG o.e.t.dto.projects.ProjectListCell - creating project list cell
2026-09-27 14:17:38.725 [JavaFX Application Thread] DEBUG o.e.t.dto.projects.ProjectListCell - project list cell loaded successfully
2026-09-27 14:17:38.727 [JavaFX Application Thread] DEBUG o.e.t.dto.projects.ProjectListCell - creating project list cell
2026-09-27 14:17:38.736 [JavaFX Application Thread] DEBUG o.e.t.dto.projects.ProjectListCell - project list cell loaded successfully
2026-09-27 14:17:38.738 [JavaFX Application Thread] DEBUG o.e.t.dto.projects.ProjectListCell - creating project list cell
2026-09-27 14:17:38.747 [JavaFX Application Thread] DEBUG o.e.t.dto.projects.ProjectListCell - project list cell loaded successfully
2026-09-27 14:17:38.750 [JavaFX Application Thread] DEBUG o.e.t.dto.projects.ProjectListCell - creating project list cell
2026-09-27 14:17:38.759 [JavaFX Application Thread] DEBUG o.e.t.dto.projects.ProjectListCell - project list cell loaded successfully
2026-09-27 14:17:38.777 [JavaFX Application Thread] DEBUG o.e.t.dto.projects.DeadlineListCell - creating deadline list cell
2026-09-27 14:17:38.784 [JavaFX Application Thread] DEBUG o.e.t.dto.projects.DeadlineListCell - deadline list cell loaded successfully
2026-09-27 14:17:38.791 [JavaFX Application Thread] DEBUG o.e.t.dto.projects.DeadlineListCell - creating deadline list cell
2026-09-27 14:17:38.798 [JavaFX Application Thread] DEBUG o.e.t.dto.projects.DeadlineListCell - deadline list cell loaded successfully
2026-09-27 14:17:38.805 [JavaFX Application Thread] DEBUG o.e.t.dto.projects.DeadlineListCell - creating deadline list cell
2026-09-27 14:17:38.814 [JavaFX Application Thread] DEBUG o.e.t.dto.projects.DeadlineListCell - deadline list cell loaded successfully
2026-09-27 14:17:38.823 [JavaFX Application Thread] DEBUG o.e.t.dto.projects.DeadlineListCell - creating deadline list cell
2026-09-27 14:17:38.832 [JavaFX Application Thread] DEBUG o.e.t.dto.projects.DeadlineListCell - deadline list cell loaded successfully
2026-09-27 14:17:38.838 [JavaFX Application Thread] DEBUG o.e.t.dto.projects.DeadlineListCell - creating deadline list cell
2026-09-27 14:17:38.844 [JavaFX Application Thread] DEBUG o.e.t.dto.projects.DeadlineListCell - deadline list cell loaded successfully
2026-09-27 14:17:38.853 [JavaFX Application Thread] DEBUG o.e.t.dto.projects.DeadlineListCell - creating deadline list cell
2026-09-27 14:17:38.860 [JavaFX Application Thread] DEBUG o.e.t.dto.projects.DeadlineListCell - deadline list cell loaded successfully
2026-09-27 14:17:38.868 [JavaFX Application Thread] DEBUG o.e.t.dto.projects.DeadlineListCell - creating deadline list cell
2026-09-27 14:17:38.874 [JavaFX Application Thread] DEBUG o.e.t.dto.projects.DeadlineListCell - deadline list cell loaded successfully
2026-09-27 14:17:38.884 [JavaFX Application Thread] DEBUG o.e.t.dto.projects.DeadlineListCell - creating deadline list cell
2026-09-27 14:17:38.890 [JavaFX Application Thread] DEBUG o.e.t.dto.projects.DeadlineListCell - deadline list cell loaded successfully
2026-09-27 14:18:32.892 [JavaFX-Launcher] INFO  o.e.t.TaskSchedulerApplication - Name: 'Inter 18pt Regular'
2026-09-27 14:18:32.896 [JavaFX-Launcher] INFO  o.e.t.TaskSchedulerApplication - Family: 'Inter 18pt'
2026-09-27 14:18:32.896 [JavaFX-Launcher] INFO  o.e.t.TaskSchedulerApplication - Style: 'Regular'
2026-09-27 14:18:32.896 [JavaFX-Launcher] DEBUG o.e.t.TaskSchedulerApplication - Font loaded: /org/example/taskschedulerdesktop/fonts/Inter_18pt-Regular.ttf → 'Inter 18pt'
2026-09-27 14:18:32.914 [JavaFX-Launcher] INFO  o.e.t.TaskSchedulerApplication - Name: 'Inter 18pt Medium'
2026-09-27 14:18:32.915 [JavaFX-Launcher] INFO  o.e.t.TaskSchedulerApplication - Family: 'Inter 18pt Medium'
2026-09-27 14:18:32.915 [JavaFX-Launcher] INFO  o.e.t.TaskSchedulerApplication - Style: 'Regular'
2026-09-27 14:18:32.915 [JavaFX-Launcher] DEBUG o.e.t.TaskSchedulerApplication - Font loaded: /org/example/taskschedulerdesktop/fonts/Inter_18pt-Medium.ttf → 'Inter 18pt Medium'
2026-09-27 14:18:32.936 [JavaFX-Launcher] INFO  o.e.t.TaskSchedulerApplication - Name: 'Inter 18pt SemiBold'
2026-09-27 14:18:32.936 [JavaFX-Launcher] INFO  o.e.t.TaskSchedulerApplication - Family: 'Inter 18pt SemiBold'
2026-09-27 14:18:32.936 [JavaFX-Launcher] INFO  o.e.t.TaskSchedulerApplication - Style: 'Regular'
2026-09-27 14:18:32.936 [JavaFX-Launcher] DEBUG o.e.t.TaskSchedulerApplication - Font loaded: /org/example/taskschedulerdesktop/fonts/Inter_18pt-SemiBold.ttf → 'Inter 18pt SemiBold'
2026-09-27 14:18:32.951 [JavaFX-Launcher] INFO  o.e.t.TaskSchedulerApplication - Name: 'Lora Regular'
2026-09-27 14:18:32.952 [JavaFX-Launcher] INFO  o.e.t.TaskSchedulerApplication - Family: 'Lora'
2026-09-27 14:18:32.952 [JavaFX-Launcher] INFO  o.e.t.TaskSchedulerApplication - Style: 'Regular'
2026-09-27 14:18:32.952 [JavaFX-Launcher] DEBUG o.e.t.TaskSchedulerApplication - Font loaded: /org/example/taskschedulerdesktop/fonts/Lora-Regular.ttf → 'Lora'
2026-09-27 14:18:32.972 [JavaFX-Launcher] INFO  o.e.t.TaskSchedulerApplication - Name: 'JetBrains Mono Regular'
2026-09-27 14:18:32.973 [JavaFX-Launcher] INFO  o.e.t.TaskSchedulerApplication - Family: 'JetBrains Mono'
2026-09-27 14:18:32.973 [JavaFX-Launcher] INFO  o.e.t.TaskSchedulerApplication - Style: 'Regular'
2026-09-27 14:18:32.973 [JavaFX-Launcher] DEBUG o.e.t.TaskSchedulerApplication - Font loaded: /org/example/taskschedulerdesktop/fonts/JetBrainsMono-Regular.ttf → 'JetBrains Mono'
2026-09-27 14:18:33.533 [JavaFX Application Thread] DEBUG o.e.t.database.DatabaseConnection - H2 TCP-server started on the port:9092 successful
2026-09-27 14:18:33.537 [JavaFX Application Thread] DEBUG o.e.t.r.task.H2TaskRepository - createTableIfNotExists()
2026-09-27 14:18:33.569 [JavaFX Application Thread] DEBUG o.e.t.r.task.H2TaskRepository - createIndexes()
2026-09-27 14:18:33.594 [JavaFX Application Thread] DEBUG o.e.t.s.project.ProjectServiceImpl - ProjectServiceImpl created
2026-09-27 14:18:33.599 [JavaFX Application Thread] DEBUG o.e.t.listeners.EventBus - SUBSCRIBE: TaskChangedEvent -> 1487721249
2026-09-27 14:18:33.602 [JavaFX Application Thread] DEBUG o.e.t.s.project.ProjectServiceImpl - Subscribe on TaskChangedEvent completed
2026-09-27 14:18:34.024 [JavaFX Application Thread] DEBUG o.e.t.listeners.EventBus - SUBSCRIBE: PageTitleChangedEvent -> 764124341
2026-09-27 14:18:34.057 [JavaFX Application Thread] DEBUG o.e.t.navigation.NavigationManager - Start async loading page: /org/example/taskschedulerdesktop/view/dashboard.fxml
2026-09-27 14:18:34.186 [Thread-6] DEBUG o.e.t.listeners.EventBus - SUBSCRIBE: TaskChangedEvent -> 324430
2026-09-27 14:18:34.190 [Thread-7] DEBUG o.e.t.r.task.H2TaskRepository - findAllViews()
2026-09-27 14:18:34.195 [Thread-6] DEBUG o.e.t.c.review.DashboardController - loadProjects()
2026-09-27 14:18:34.200 [Thread-6] DEBUG o.e.t.c.review.DashboardController - load deadlines
2026-09-27 14:18:34.204 [Thread-11] DEBUG o.e.t.s.project.AsyncProjectService - Found 4 projects
2026-09-27 14:18:34.206 [Thread-8] DEBUG o.e.t.r.task.H2TaskRepository - findUpcomingDeadlines(maxDaysUntilDeadline: 7)
2026-09-27 14:18:34.211 [Thread-7] DEBUG o.e.t.r.task.H2TaskRepository - Found 12 views
2026-09-27 14:18:34.235 [JavaFX Application Thread] DEBUG o.e.t.TaskSchedulerApplication - CSS: /org/example/taskschedulerdesktop/styles/style.css
2026-09-27 14:18:34.236 [JavaFX Application Thread] DEBUG o.e.t.TaskSchedulerApplication - CSS: /org/example/taskschedulerdesktop/styles/base.css
2026-09-27 14:18:34.237 [JavaFX Application Thread] DEBUG o.e.t.TaskSchedulerApplication - CSS: /org/example/taskschedulerdesktop/styles/row_task_table.css
2026-09-27 14:18:34.238 [JavaFX Application Thread] DEBUG o.e.t.TaskSchedulerApplication - CSS: /org/example/taskschedulerdesktop/styles/task_table_view.css
2026-09-27 14:18:34.278 [Thread-6] DEBUG o.e.t.listeners.EventBus - SUBSCRIBE: TaskChangedEvent -> 1662744703
2026-09-27 14:18:34.278 [Thread-10] DEBUG o.e.t.r.task.H2TaskRepository - findAllViews()
2026-09-27 14:18:34.278 [Thread-6] DEBUG o.e.t.c.review.DashboardController - Task table loaded successfully
2026-09-27 14:18:34.282 [Thread-10] DEBUG o.e.t.r.task.H2TaskRepository - Found 12 views
2026-09-27 14:18:34.800 [JavaFX Application Thread] DEBUG o.e.t.c.review.DashboardController - Found 1 tasks, task status: IN_PROGRESS
2026-09-27 14:18:34.802 [JavaFX Application Thread] DEBUG o.e.t.c.review.DashboardController - Found 4 tasks, task status: COMPLETED
2026-09-27 14:18:34.805 [JavaFX Application Thread] DEBUG o.e.t.c.review.DashboardController - Found 1 tasks, task status: UNDER_REVIEW
2026-09-27 14:18:34.806 [JavaFX Application Thread] DEBUG o.e.t.service.task.AsyncTaskService - onSucceeded returned: 12 tasks
2026-09-27 14:18:34.807 [JavaFX Application Thread] DEBUG o.e.t.c.review.DashboardController - Found 12 tasks
2026-09-27 14:18:34.809 [JavaFX Application Thread] DEBUG o.e.t.c.review.DashboardController - observableList size: 7
2026-09-27 14:18:34.810 [JavaFX Application Thread] DEBUG o.e.t.c.review.DashboardController - deadlinesListView size : 7
2026-09-27 14:18:34.829 [JavaFX Application Thread] DEBUG o.e.t.listeners.EventBus - FIRE: PageTitleChangedEvent (subscribers: 1)
2026-09-27 14:18:34.829 [JavaFX Application Thread] DEBUG o.e.t.navigation.NavigationManager - Page displayed successfully: /org/example/taskschedulerdesktop/view/dashboard.fxml
2026-09-27 14:18:34.829 [JavaFX Application Thread] DEBUG o.e.t.service.task.AsyncTaskService - onSucceeded returned: 12 tasks
2026-09-27 14:18:34.829 [JavaFX Application Thread] DEBUG o.e.t.c.tasks.TaskTableController - onSuccess: received 12 tasks
2026-09-27 14:18:34.829 [JavaFX Application Thread] DEBUG o.e.t.c.tasks.TaskTableController - onSuccess: first task: Настроить интеграцию с 1C
2026-09-27 14:18:34.831 [JavaFX Application Thread] DEBUG o.e.t.c.tasks.TaskTableController - Table has: 12 tasks
2026-09-27 14:18:35.000 [JavaFX Application Thread] DEBUG o.e.t.dto.projects.ProjectListCell - creating project list cell
2026-09-27 14:18:35.041 [JavaFX Application Thread] DEBUG o.e.t.dto.projects.ProjectListCell - project list cell loaded successfully
2026-09-27 14:18:35.192 [JavaFX Application Thread] DEBUG o.e.t.dto.projects.DeadlineListCell - creating deadline list cell
2026-09-27 14:18:35.204 [JavaFX Application Thread] DEBUG o.e.t.dto.projects.DeadlineListCell - deadline list cell loaded successfully
2026-09-27 14:18:35.422 [JavaFX Application Thread] DEBUG o.e.t.dto.projects.ProjectListCell - creating project list cell
2026-09-27 14:18:35.433 [JavaFX Application Thread] DEBUG o.e.t.dto.projects.ProjectListCell - project list cell loaded successfully
2026-09-27 14:18:35.446 [JavaFX Application Thread] DEBUG o.e.t.dto.projects.ProjectListCell - creating project list cell
2026-09-27 14:18:35.459 [JavaFX Application Thread] DEBUG o.e.t.dto.projects.ProjectListCell - project list cell loaded successfully
2026-09-27 14:18:35.472 [JavaFX Application Thread] DEBUG o.e.t.dto.projects.ProjectListCell - creating project list cell
2026-09-27 14:18:35.483 [JavaFX Application Thread] DEBUG o.e.t.dto.projects.ProjectListCell - project list cell loaded successfully
2026-09-27 14:18:35.496 [JavaFX Application Thread] DEBUG o.e.t.dto.projects.ProjectListCell - creating project list cell
2026-09-27 14:18:35.509 [JavaFX Application Thread] DEBUG o.e.t.dto.projects.ProjectListCell - project list cell loaded successfully
2026-09-27 14:18:35.519 [JavaFX Application Thread] DEBUG o.e.t.dto.projects.ProjectListCell - creating project list cell
2026-09-27 14:18:35.532 [JavaFX Application Thread] DEBUG o.e.t.dto.projects.ProjectListCell - project list cell loaded successfully
2026-09-27 14:18:35.535 [JavaFX Application Thread] DEBUG o.e.t.dto.projects.ProjectListCell - creating project list cell
2026-09-27 14:18:35.548 [JavaFX Application Thread] DEBUG o.e.t.dto.projects.ProjectListCell - project list cell loaded successfully
2026-09-27 14:18:35.551 [JavaFX Application Thread] DEBUG o.e.t.dto.projects.ProjectListCell - creating project list cell
2026-09-27 14:18:35.561 [JavaFX Application Thread] DEBUG o.e.t.dto.projects.ProjectListCell - project list cell loaded successfully
2026-09-27 14:18:35.563 [JavaFX Application Thread] DEBUG o.e.t.dto.projects.ProjectListCell - creating project list cell
2026-09-27 14:18:35.576 [JavaFX Application Thread] DEBUG o.e.t.dto.projects.ProjectListCell - project list cell loaded successfully
2026-09-27 14:18:35.578 [JavaFX Application Thread] DEBUG o.e.t.dto.projects.ProjectListCell - creating project list cell
2026-09-27 14:18:35.588 [JavaFX Application Thread] DEBUG o.e.t.dto.projects.ProjectListCell - project list cell loaded successfully
2026-09-27 14:18:35.591 [JavaFX Application Thread] DEBUG o.e.t.dto.projects.ProjectListCell - creating project list cell
2026-09-27 14:18:35.602 [JavaFX Application Thread] DEBUG o.e.t.dto.projects.ProjectListCell - project list cell loaded successfully
2026-09-27 14:18:35.604 [JavaFX Application Thread] DEBUG o.e.t.dto.projects.ProjectListCell - creating project list cell
2026-09-27 14:18:35.615 [JavaFX Application Thread] DEBUG o.e.t.dto.projects.ProjectListCell - project list cell loaded successfully
2026-09-27 14:18:35.618 [JavaFX Application Thread] DEBUG o.e.t.dto.projects.ProjectListCell - creating project list cell
2026-09-27 14:18:35.639 [JavaFX Application Thread] DEBUG o.e.t.dto.projects.ProjectListCell - project list cell loaded successfully
2026-09-27 14:18:35.660 [JavaFX Application Thread] DEBUG o.e.t.dto.projects.DeadlineListCell - creating deadline list cell
2026-09-27 14:18:35.669 [JavaFX Application Thread] DEBUG o.e.t.dto.projects.DeadlineListCell - deadline list cell loaded successfully
2026-09-27 14:18:35.678 [JavaFX Application Thread] DEBUG o.e.t.dto.projects.DeadlineListCell - creating deadline list cell
2026-09-27 14:18:35.684 [JavaFX Application Thread] DEBUG o.e.t.dto.projects.DeadlineListCell - deadline list cell loaded successfully
2026-09-27 14:18:35.692 [JavaFX Application Thread] DEBUG o.e.t.dto.projects.DeadlineListCell - creating deadline list cell
2026-09-27 14:18:35.699 [JavaFX Application Thread] DEBUG o.e.t.dto.projects.DeadlineListCell - deadline list cell loaded successfully
2026-09-27 14:18:35.707 [JavaFX Application Thread] DEBUG o.e.t.dto.projects.DeadlineListCell - creating deadline list cell
2026-09-27 14:18:35.712 [JavaFX Application Thread] DEBUG o.e.t.dto.projects.DeadlineListCell - deadline list cell loaded successfully
2026-09-27 14:18:35.719 [JavaFX Application Thread] DEBUG o.e.t.dto.projects.DeadlineListCell - creating deadline list cell
2026-09-27 14:18:35.725 [JavaFX Application Thread] DEBUG o.e.t.dto.projects.DeadlineListCell - deadline list cell loaded successfully
2026-09-27 14:18:35.731 [JavaFX Application Thread] DEBUG o.e.t.dto.projects.DeadlineListCell - creating deadline list cell
2026-09-27 14:18:35.736 [JavaFX Application Thread] DEBUG o.e.t.dto.projects.DeadlineListCell - deadline list cell loaded successfully
2026-09-27 14:18:35.742 [JavaFX Application Thread] DEBUG o.e.t.dto.projects.DeadlineListCell - creating deadline list cell
2026-09-27 14:18:35.748 [JavaFX Application Thread] DEBUG o.e.t.dto.projects.DeadlineListCell - deadline list cell loaded successfully
2026-09-27 14:18:35.753 [JavaFX Application Thread] DEBUG o.e.t.dto.projects.DeadlineListCell - creating deadline list cell
2026-09-27 14:18:35.759 [JavaFX Application Thread] DEBUG o.e.t.dto.projects.DeadlineListCell - deadline list cell loaded successfully
